date,stock_id,link,source,title,sentiment_score
2021-10-15 05:07:31,0050,https://money.udn.com/money/story/5618/5819050?from=edn_catenewest_story,經濟日報,聯準會升息步步進逼 法人：逢回布局0050、0055 - 經濟日報,0.6
2021-10-15 07:00:00,0050,https://money.udn.com/money/story/5618/5819050,經濟日報,聯準會升息步步進逼法人：逢回布局0050、0055 | 基金天地| 理財| 經濟日報 - 經濟日報,0.3
2021-10-15 07:00:00,0050,https://money.udn.com/money/story/5618/5819050,經濟日報,聯準會升息步步進逼法人：逢回布局0050、0055 | 基金天地| 理財 - 經濟日報,0.3
2021-10-15 07:00:00,0050,https://udn.com/news/story/7251/5819050,經濟日報,聯準會升息步步進逼 法人：逢回布局0050、0055 - 經濟日報,0.6
2021-10-16 17:50:11,0050,https://money.udn.com/money/story/5618/5822054,經濟日報,元大台灣50 盯籌碼動向| 基金天地| 理財| 經濟日報 - 經濟日報,0.2
2021-10-16 17:50:11,0050,https://money.udn.com/money/story/5618/5822054,經濟日報,元大台灣50 盯籌碼動向 - 經濟日報,0.0
2021-10-16 17:53:52,0050,https://money.udn.com/money/story/5618/5822054,經濟日報,元大台灣50 盯籌碼動向| 基金天地| 理財| 經濟日報 - 經濟日報,0.2
2021-10-16 17:53:52,0050,https://money.udn.com/money/story/5618/5822054,經濟日報,元大台灣50 盯籌碼動向 - 經濟日報,0.0
2021-10-17 07:00:00,0050,https://money.udn.com/money/story/5618/5822054,經濟日報,元大台灣50 盯籌碼動向 - 經濟日報,0.0
2021-10-17 07:00:00,0050,https://money.udn.com/money/story/5618/5822054,經濟日報,元大台灣50 盯籌碼動向| 基金天地| 理財| 經濟日報 - 經濟日報,0.2
2021-10-17 07:00:00,0050,https://money.udn.com/money/story/5618/5822054,經濟日報,元大台灣50 盯籌碼動向| 基金天地| 理財 - 經濟日報,0.0
2021-10-18 07:00:00,0050,https://tw.stock.yahoo.com/news/esg-etf%E6%8A%95%E8%B3%87%E6%8E%80%E7%86%B1%E6%BD%AE-%E3%80%8C%E9%80%99%E5%B9%BE%E6%AA%94%E3%80%8D%E8%A1%A8%E7%8F%BE%E8%B7%91%E8%B4%8F-0050-032823732.html,Yahoo奇摩股市,ESG ETF投資掀熱潮 「這幾檔」表現跑贏0050 - Yahoo奇摩股市,0.2
2021-10-19 00:16:02,0050,https://money.udn.com/money/story/121853/5825560,經濟日報,0050也會追高殺低？兩張表看懂為何華倫老師不存這一檔| 行家心法| 理財 - 經濟日報,0.0
2021-10-19 00:16:02,0050,https://money.udn.com/money/story/121853/5825560,經濟日報,0050也會追高殺低？兩張表看懂為何華倫老師不存這一檔| 行家心法| 理財| 經濟日報 - 經濟日報,0.0
2021-10-19 03:28:23,0050,https://tw.stock.yahoo.com/news/esg-etf%E6%8A%95%E8%B3%87%E6%8E%80%E7%86%B1%E6%BD%AE-%E3%80%8C%E9%80%99%E5%B9%BE%E6%AA%94%E3%80%8D%E8%A1%A8%E7%8F%BE%E8%B7%91%E8%B4%8F-0050-032823732.html,Yahoo奇摩股市,ESG ETF投資掀熱潮 「這幾檔」表現跑贏0050 - Yahoo奇摩股市,0.2
2021-10-19 07:00:00,0050,https://tw.stock.yahoo.com/news/esg-etf%E6%8A%95%E8%B3%87%E6%8E%80%E7%86%B1%E6%BD%AE-%E3%80%8C%E9%80%99%E5%B9%BE%E6%AA%94%E3%80%8D%E8%A1%A8%E7%8F%BE%E8%B7%91%E8%B4%8F-0050-032823732.html,Yahoo奇摩股市,ESG ETF投資掀熱潮 「這幾檔」表現跑贏0050 - Yahoo奇摩股市,0.2
2021-10-19 07:00:00,0050,https://money.udn.com/money/story/121853/5825560,經濟日報,0050也會追高殺低？兩張表看懂為何華倫老師不存這一檔| 行家心法| 理財 - 經濟日報,0.0
2021-10-19 07:00:00,0050,https://money.udn.com/money/story/121853/5825560,經濟日報,0050也會追高殺低？兩張表看懂為何華倫老師不存這一檔| 行家心法| 理財| 經濟日報 - 經濟日報,0.0
2021-10-21 07:00:00,0050,https://tw.stock.yahoo.com/news/etf%E5%AE%9A%E6%9C%9F%E5%AE%9A%E9%A1%8D2-%E5%AE%9A%E6%9C%9F%E5%AE%9A%E9%A1%8D%E5%93%AA%E6%AA%94etf%E6%9C%80%E8%B3%BA-%E9%80%99%E6%AA%94%E6%89%93%E6%95%970050%E8%88%870056-215858528.html,Yahoo奇摩股市,【ETF定期定額2】定期定額哪檔ETF最賺？ 這檔打敗0050與0056 - Yahoo奇摩股市,0.0
2021-10-21 21:58:58,0050,https://tw.stock.yahoo.com/news/etf%E5%AE%9A%E6%9C%9F%E5%AE%9A%E9%A1%8D2-%E5%AE%9A%E6%9C%9F%E5%AE%9A%E9%A1%8D%E5%93%AA%E6%AA%94etf%E6%9C%80%E8%B3%BA-%E9%80%99%E6%AA%94%E6%89%93%E6%95%970050%E8%88%870056-215858528.html,Yahoo奇摩股市,【ETF定期定額2】定期定額哪檔ETF最賺？ 這檔打敗0050與0056 - Yahoo奇摩股市,0.0
2021-10-21 23:45:02,0050,https://tw.stock.yahoo.com/news/etf%E5%AE%9A%E6%9C%9F%E5%AE%9A%E9%A1%8D2-%E5%AE%9A%E6%9C%9F%E5%AE%9A%E9%A1%8D%E5%93%AA%E6%AA%94etf%E6%9C%80%E8%B3%BA-%E9%80%99%E6%AA%94%E6%89%93%E6%95%970050%E8%88%870056-215858528.html,Yahoo奇摩股市,【ETF定期定額2】定期定額哪檔ETF最賺？ 這檔打敗0050與0056 - Yahoo奇摩股市,0.0
2021-10-22 07:00:00,0050,https://money.udn.com/money/story/5618/5838760,經濟日報,元大台灣50 上檔有壓 - 經濟日報,-0.2
2021-10-23 17:42:05,0050,https://money.udn.com/money/story/5618/5838760,經濟日報,元大台灣50 上檔有壓 - 經濟日報,-0.2
2021-10-30 16:15:47,0050,https://money.udn.com/money/story/5618/5855288,經濟日報,元大台灣50 宜短打 - 經濟日報,0.3
2021-10-30 16:15:47,0050,https://money.udn.com/money/story/5618/5855288,經濟日報,元大台灣50 宜短打| 基金天地| 理財| 經濟日報 - 經濟日報,0.2
2021-10-31 04:45:11,0050,https://ctee.com.tw/wealth/tutor/540693.html,工商時報,買0056還是0050？施昇輝：這樣分配最好！ - 工商時報,0.0
2021-10-31 04:45:11,0050,https://ctee.com.tw/wealth/tutor/540693.html,工商時報,買0056還是0050？施昇輝:這樣分配最好！ - 工商時報,0.0
2021-10-31 04:45:11,0050,https://ctee.com.tw/wealth/tutor/540693.html,工商時報,買0056還是0050？施昇輝：這樣分配最好 - 工商時報,0.0
2021-10-31 07:00:00,0050,https://ctee.com.tw/wealth/tutor/540693.html,工商時報,買0056還是0050？施昇輝：這樣分配最好 - 工商時報,0.0
2021-10-31 07:00:00,0050,https://money.udn.com/money/story/5618/5855288,經濟日報,元大台灣50 宜短打 - 經濟日報,0.3
2021-11-02 08:06:00,0050,https://tw.stock.yahoo.com/news/0050%E5%8F%AA%E6%8E%92%E7%AC%AC%E5%9B%9B%E5%90%8D-%E9%80%A3%E8%87%AA%E7%87%9F%E5%95%86%E9%83%BD%E7%98%8B%E8%B2%B7etf-10%E6%9C%88%E6%9C%80%E7%86%B1%E9%96%80%E5%8F%B0%E8%82%A1etf%E5%90%8D%E5%96%AE%E5%87%BA%E7%88%90-080600998.html,Yahoo奇摩股市,0050只排第四名！連自營商都瘋買ETF，10月最熱門台股ETF名單出爐 - Yahoo奇摩股市,0.0
2021-11-06 18:18:08,0050,https://money.udn.com/money/story/5618/5871852?from=edn_hottestlist_cate_side,經濟日報,元大台灣50 行情可期| 基金天地| 理財 - 經濟日報,0.2
2021-11-13 15:29:39,0050,https://money.udn.com/money/story/5618/5888824?from=edn_newestlist_cate_side,經濟日報,元大台灣50 投資價值浮現| 基金天地| 理財 - 經濟日報,0.0
2021-11-14 16:50:00,0050,https://ctee.com.tw/news/stocks/548537.html,工商時報,10月定期定額再飆高最愛0050、0056 - 工商時報,0.0
2021-11-20 14:54:19,0050,https://money.udn.com/money/story/5618/5905374?from=edn_newestlist_cate_side,經濟日報,元大台灣50 拉回承接| 基金天地| 理財 - 經濟日報,0.2
2021-12-02 03:12:42,0050,https://money.udn.com/money/story/5618/5932019?from=edn_newestlist_cate_side,經濟日報,Omicron來襲小資搶進00757與0050 | 基金天地| 理財 - 經濟日報,-0.2
2021-12-04 15:26:12,0050,https://money.udn.com/money/story/5618/5938179?from=edn_subcatelist_cate,經濟日報,元大台灣50 不看淡| 基金天地| 理財 - 經濟日報,0.0
2021-12-05 08:00:00,0050,https://ctee.com.tw/news/stocks/560087.html,工商時報,搭富時調整順風車0050納欣興最吸睛 - 工商時報,0.3
2021-12-05 14:07:25,0050,https://ctee.com.tw/news/stocks/560087.html,工商時報,搭富時調整順風車0050納欣興最吸睛 - 工商時報,0.3
2021-12-11 14:59:39,0050,https://money.udn.com/money/story/5618/5955206,經濟日報,元大台灣50 偏多操作 - 經濟日報,0.3
2021-12-14 03:54:46,0050,https://ctee.com.tw/news/fund/564948.html,工商時報,0050、0056小資愛這檔戶數也贏台積電 - 工商時報,0.0
2021-12-14 08:00:00,0050,https://tw.stock.yahoo.com/news/%E5%8F%B0%E5%8C%97%E8%82%A1%E5%B8%82-%E5%B0%8F%E8%B3%87%E6%97%8F%E6%9C%80%E6%84%9B0050-0056-234946467.html,Yahoo奇摩股市,《台北股市》小資族最愛0050、0056 - Yahoo奇摩股市,0.0
2021-12-14 08:00:00,0050,https://ctee.com.tw/news/fund/564948.html,工商時報,0050、0056小資愛這檔戶數也贏台積電 - 工商時報,0.0
2021-12-14 23:49:46,0050,https://tw.stock.yahoo.com/amphtml/%E5%8F%B0%E5%8C%97%E8%82%A1%E5%B8%82-%E5%B0%8F%E8%B3%87%E6%97%8F%E6%9C%80%E6%84%9B0050-0056-234946467.html,Yahoo奇摩股市,《台北股市》小資族最愛0050、0056 - Yahoo奇摩股市,0.0
2021-12-18 14:31:28,0050,https://money.udn.com/money/story/122232/5971867,經濟日報,元大台灣50 正向看待| 基金天地| 理財| 經濟日報 - 經濟日報,0.2
2021-12-18 14:31:28,0050,https://money.udn.com/money/story/5618/5971867?from=edn_subcatelist_cate,經濟日報,元大台灣50 正向看待 - 經濟日報,0.2
2021-12-25 14:23:35,0050,https://money.udn.com/money/story/5618/5988137,經濟日報,元大台灣50 偏多看待 - 經濟日報,0.3
2021-12-25 19:16:23,0050,https://money.udn.com/money/story/12040/5988556,經濟日報,0050太貴，買006208好嗎？ETF達人：同樣追蹤台灣50指數「我鎖定這一檔」 - 經濟日報,0.0
2021-12-26 08:00:00,0050,https://money.udn.com/money/story/12040/5988556,經濟日報,0050太貴，買006208好嗎？ETF達人：同樣追蹤台灣50指數「我鎖定這一檔」 - 經濟日報,0.0
2021-12-27 08:00:00,0050,https://news.cnyes.com/news/id/4793042,Anue鉅亨,抱股跨年看過來！規模最大0050、元大龍頭基金創新高 元月股息可期 - Anue鉅亨,0.0
2021-12-27 08:00:00,0050,https://tw.stock.yahoo.com/news/%E6%8A%B1%E8%82%A1%E8%B7%A8%E5%B9%B4%E7%9C%8B%E9%81%8E%E4%BE%86-%E8%A6%8F%E6%A8%A1%E6%9C%80%E5%A4%A70050-%E5%85%83%E5%A4%A7%E9%BE%8D%E9%A0%AD%E5%9F%BA%E9%87%91%E5%89%B5%E6%96%B0%E9%AB%98-%E5%85%83%E6%9C%88%E8%82%A1%E6%81%AF%E5%8F%AF%E6%9C%9F-085217131.html,Yahoo奇摩股市,抱股跨年看過來！規模最大0050、元大龍頭基金創新高 元月股息可期 - Yahoo奇摩股市,0.0
2021-12-27 08:00:00,0050,https://m.cnyes.com/news/id/4793042,Anue鉅亨,抱股跨年看過來！規模最大0050、元大龍頭基金創新高元月股息可期| Anue鉅亨- 台股新聞 - Anue鉅亨,0.0
2021-12-28 09:12:38,0050,https://news.cnyes.com/news/id/4793646,Anue鉅亨,0050、龍頭基金在列！這幾檔基金跟著台股 送上紅包行情 - Anue鉅亨,0.0
2021-12-28 15:57:49,0050,https://money.udn.com/money/story/5618/5994642?from=edn_newestlist_cate_side,經濟日報,台股ETF強強滾 元老級0050創新天價 - 經濟日報,0.0
2021-12-30 05:30:00,0050,https://money.udn.com/money/story/12040/6003421,經濟日報,0050比台積電、金融股還穩？億元大戶：就買在相對高點，最後也都會解套 - 經濟日報,0.0
2022-01-01 08:00:00,0050,https://money.udn.com/money/story/12040/6003421,經濟日報,0050比台積電、金融股還穩？億元大戶：就買在相對高點，最後也都會解套 - 經濟日報,0.0
2022-01-01 08:00:00,0050,https://money.udn.com/money/story/12040/6003421,經濟日報,0050比台積電、金融股還穩？億元大戶：就買在相對高點，最後也都會解套| 個人理財| 理財| 經濟日報 - 經濟日報,0.0
2022-01-01 14:11:25,0050,https://money.udn.com/money/story/5618/6003194?from=edn_subcatelist_cate,經濟日報,元大台灣50 定期定額 - 經濟日報,0.0
2022-01-01 15:58:11,0050,https://money.udn.com/money/story/12040/6003421,經濟日報,0050比台積電、金融股還穩？億元大戶：就買在相對高點，最後也都會解套 - 經濟日報,0.0
2022-01-03 23:00:54,0050,https://tw.stock.yahoo.com/news/%E7%82%BA%E4%BB%80%E9%BA%BC%E6%8A%95%E8%B3%87-0050-%E3%80%81-0056-%EF%BC%8C%E4%B8%8D%E8%B2%B7%E5%80%8B%E8%82%A1%EF%BC%9F%E6%A8%82%E6%B4%BB%E5%A4%A7%E5%8F%94%E6%96%BD%E6%98%87%E8%BC%9D%E6%8F%AD%E9%96%8B%E3%80%8C%E6%8A%95%E8%B3%87%E9%81%94%E4%BA%BA%E3%80%8D%E4%B8%8D%E8%82%AF%E6%89%BF%E8%AA%8D%E7%9A%84%E7%9C%9F%E7%9B%B8-230054244.html?bcmt=1,Yahoo奇摩股市,為什麼投資0050、0056，不買個股？樂活大叔施昇輝揭開「投資達人」不肯承認的真相 - Yahoo奇摩股市,0.0
2022-01-04 06:56:38,0050,https://ctee.com.tw/news/fund/575721.html,工商時報,ETF雙胞胎！高手3點剖析0050、006208 - 工商時報,0.0
2022-01-04 08:00:00,0050,https://ctee.com.tw/news/fund/575721.html,工商時報,ETF雙胞胎！高手3點剖析0050、006208 - 工商時報,0.0
2022-01-06 08:43:28,0050,https://money.udn.com/money/story/5618/6014515?from=edn_hottestlist_cate_side,經濟日報,逾34萬股民注意！0050配發3.2元股息 創同期新高 - 經濟日報,0.1
2022-01-06 16:54:55,0050,https://money.udn.com/money/story/7207/6015076?from=edn_previous_story,經濟日報,0050配息3.2元 34萬人受益 - 經濟日報,0.0
2022-01-06 17:00:00,0050,https://ctee.com.tw/news/stocks/577337.html,工商時報,存股族看過來！0050每股擬配3.2元新高 - 工商時報,0.0
2022-01-06 23:59:36,0050,https://money.udn.com/money/story/5618/6015840?from=edn_subcatelist_cate,經濟日報,元大台灣50預估配息出爐 3.2元同期新高 - 經濟日報,0.2
2022-01-07 00:42:03,0050,https://money.udn.com/money/story/5618/6015840?from=edn_hottestlist_cate_side,經濟日報,元大台灣50預估配息出爐 3.2元同期新高 - 經濟日報,0.2
2022-01-07 08:00:00,0050,https://money.udn.com/money/story/5607/6015076?from=edn_subcatelist_cate,經濟日報,0050配息3.2元 34萬人受益 - 經濟日報,0.0
2022-01-07 08:00:00,0050,https://money.udn.com/money/story/5618/6015840?from=edn_subcatelist_cate,經濟日報,元大台灣50預估配息出爐 3.2元同期新高 - 經濟日報,0.2
2022-01-07 08:00:00,0050,https://ctee.com.tw/news/stocks/577337.html,工商時報,存股族看過來！0050每股擬配3.2元新高 - 工商時報,0.0
2022-01-11 08:00:00,0050,https://tw.stock.yahoo.com/news/%E9%87%91%E8%9E%8D-%E5%AE%9A%E6%9C%9F%E5%AE%9A%E9%A1%8D%E4%BA%BA%E6%B0%A3%E7%8E%8B-%E5%85%83%E5%A4%A7%E5%8F%B0%E7%81%A350-%E5%85%83%E5%A4%A7%E9%AB%98%E8%82%A1%E6%81%AF-%E5%8F%B0%E7%A9%8D%E9%9B%BB-063803019.html,Yahoo奇摩股市,《金融》定期定額人氣王：元大台灣50、元大高股息、台積電 - Yahoo奇摩股市,0.0
2022-01-12 04:25:31,0050,https://money.udn.com/money/story/8515/6027739?from=edn_next_story,經濟日報,0050小資族兩招投資 自動配息再投入也行 - 經濟日報,0.0
2022-01-12 06:01:50,0050,https://ctee.com.tw/news/fund/580068.html,工商時報,0050一張15萬難下手小資族2招輕鬆買 - 工商時報,0.0
2022-01-12 06:38:03,0050,https://tw.stock.yahoo.com/news/%E9%87%91%E8%9E%8D-%E5%AE%9A%E6%9C%9F%E5%AE%9A%E9%A1%8D%E4%BA%BA%E6%B0%A3%E7%8E%8B-%E5%85%83%E5%A4%A7%E5%8F%B0%E7%81%A350-%E5%85%83%E5%A4%A7%E9%AB%98%E8%82%A1%E6%81%AF-%E5%8F%B0%E7%A9%8D%E9%9B%BB-063803019.html,Yahoo奇摩股市,《金融》定期定額人氣王：元大台灣50、元大高股息、台積電 - Yahoo奇摩股市,0.0
2022-01-12 08:00:00,0050,https://ctee.com.tw/news/fund/580068.html,工商時報,0050一張15萬難下手小資族2招輕鬆買 - 工商時報,0.0
2022-01-12 08:00:00,0050,https://tw.stock.yahoo.com/news/%E9%87%91%E8%9E%8D-%E5%AE%9A%E6%9C%9F%E5%AE%9A%E9%A1%8D%E4%BA%BA%E6%B0%A3%E7%8E%8B-%E5%85%83%E5%A4%A7%E5%8F%B0%E7%81%A350-%E5%85%83%E5%A4%A7%E9%AB%98%E8%82%A1%E6%81%AF-%E5%8F%B0%E7%A9%8D%E9%9B%BB-063803019.html,Yahoo奇摩股市,《金融》定期定額人氣王：元大台灣50、元大高股息、台積電 - Yahoo奇摩股市,0.0
2022-01-12 08:00:00,0050,https://money.udn.com/money/story/5618/6027739?from=edn_newest_index,經濟日報,0050小資族兩招投資 自動配息再投入也行 - 經濟日報,0.0
2022-01-12 08:00:00,0050,https://ctee.com.tw/news/fund/580068.html,工商時報,0050一張15萬難下手 小資族2招輕鬆買 - 工商時報,0.0
2022-01-13 06:06:40,0050,https://ctee.com.tw/news/fund/580676.html,工商時報,有0050還想買0056?專家:這類ETF更速配 - 工商時報,0.0
2022-01-14 01:17:56,0050,https://money.udn.com/money/story/5636/6031938,經濟日報,0050ETF連結基金 小資族福音 - 經濟日報,0.0
2022-01-14 04:04:11,0050,https://ctee.com.tw/news/stocks/581316.html,工商時報,不只愛0050、0056 小資族也愛這2檔股票 - 工商時報,0.0
2022-01-14 08:00:00,0050,https://ctee.com.tw/news/stocks/581316.html,工商時報,不只愛0050、0056 小資族也愛這2檔股票 - 工商時報,0.0
2022-01-14 08:00:00,0050,https://money.udn.com/money/story/5636/6031938,經濟日報,0050ETF連結基金 小資族福音 - 經濟日報,0.0
2022-01-15 14:28:24,0050,https://money.udn.com/money/story/5618/6036241?from=edn_newestlist_cate_side,經濟日報,元大台灣50 有望續揚 - 經濟日報,0.3
2022-01-17 08:00:00,0050,https://tw.stock.yahoo.com/news/0050%E8%B2%B7%E4%B8%8D%E8%B5%B7-%E5%B0%8F%E8%B3%87%E6%97%8F2%E6%8B%9B%E8%BC%95%E9%AC%86%E6%8A%95-201000925.html,Yahoo奇摩股市,0050買不起？小資族2招輕鬆投 - Yahoo奇摩股市,0.0
2022-01-17 20:10:00,0050,https://tw.stock.yahoo.com/news/0050%E8%B2%B7%E4%B8%8D%E8%B5%B7-%E5%B0%8F%E8%B3%87%E6%97%8F2%E6%8B%9B%E8%BC%95%E9%AC%86%E6%8A%95-201000925.html,Yahoo奇摩股市,0050買不起？小資族2招輕鬆投 - Yahoo奇摩股市,0.0
2022-01-19 07:32:29,0050,https://money.udn.com/money/story/5607/6045041?from=edn_newest_index,經濟日報,元大台灣50將除息 1/20為最後買進日 - 經濟日報,0.3
2022-01-19 07:48:05,0050,https://ctee.com.tw/news/fund/583954.html,工商時報,元大台灣50將除息1/20為最後買進日 - 工商時報,0.3
2022-01-19 08:00:00,0050,https://ctee.com.tw/news/fund/583954.html,工商時報,元大台灣50將除息1/20為最後買進日 - 工商時報,0.3
2022-01-19 08:00:00,0050,https://tw.stock.yahoo.com/news/%E5%85%83%E5%A4%A7%E5%8F%B0%E7%81%A350%E9%85%8D%E6%81%AF3-2%E5%85%83-%E9%A0%90%E5%AE%9A21%E6%97%A5%E7%82%BA%E9%99%A4%E6%81%AF%E6%97%A5-111332142.html,Yahoo奇摩股市,元大台灣50配息3.2元 預定21日為除息日 - Yahoo奇摩股市,0.0
2022-01-19 08:00:00,0050,https://news.google.com/__i/rss/rd/articles/CBMitQFodHRwczovL3R3LnN0b2NrLnlhaG9vLmNvbS9uZXdzLyVFNSU4NSU4MyVFNSVBNCVBNyVFNSU4RiVCMCVFNyU4MSVBMzUwJUU5JTg1JThEJUU2JTgxJUFGMy0yJUU1JTg1JTgzLSVFOSVBMCU5MCVFNSVBRSU5QTIxJUU2JTk3JUE1JUU3JTgyJUJBJUU5JTk5JUE0JUU2JTgxJUFGJUU2JTk3JUE1LTExMTMzMjE0Mi5odG1s0gEA?oc=5,Yahoo奇摩股市,元大台灣50配息3.2元預定21日為除息日 - Yahoo奇摩股市,0.0
2022-01-19 08:03:33,0050,https://money.udn.com/money/story/5618/6045143?from=edn_subcatelist_cate,經濟日報,元大台灣50將除息 1/20為最後買進日 - 經濟日報,0.3
2022-01-19 11:13:32,0050,https://tw.stock.yahoo.com/news/%E5%85%83%E5%A4%A7%E5%8F%B0%E7%81%A350%E9%85%8D%E6%81%AF3-2%E5%85%83-%E9%A0%90%E5%AE%9A21%E6%97%A5%E7%82%BA%E9%99%A4%E6%81%AF%E6%97%A5-111332142.html?bcmt=1,Yahoo奇摩股市,元大台灣50配息3.2元預定21日為除息日 - Yahoo奇摩股市,0.0
2022-01-19 11:13:32,0050,https://tw.stock.yahoo.com/amphtml/%E5%85%83%E5%A4%A7%E5%8F%B0%E7%81%A350%E9%85%8D%E6%81%AF3-2%E5%85%83-%E9%A0%90%E5%AE%9A21%E6%97%A5%E7%82%BA%E9%99%A4%E6%81%AF%E6%97%A5-111332142.html,Yahoo奇摩股市,元大台灣50配息3.2元 預定21日為除息日 - Yahoo奇摩股市,0.0
2022-01-20 08:00:00,0050,https://money.udn.com/money/story/5607/6048452,經濟日報,還在單押0050？ETF混搭布局行情上漲下跌你都賺| 市場焦點| 證券| 經濟日報 - 經濟日報,0.0
2022-01-20 08:00:00,0050,https://money.udn.com/money/story/5607/6048452,經濟日報,還在單押0050？ETF混搭布局行情上漲下跌你都賺| 市場焦點| 證券 - 經濟日報,0.0
2022-01-21 04:05:30,0050,https://money.udn.com/money/story/5618/6049822?from=edn_newestlist_cate_side,經濟日報,0050除息首日小資瘋搶 盤中零股衝百萬股 - 經濟日報,0.2
2022-01-22 08:00:00,0050,https://money.udn.com/money/story/5618/6053384?from=edn_hottestlist_cate_side,經濟日報,元大台灣50 短進短出 - 經濟日報,0.0
2022-01-22 14:13:51,0050,https://money.udn.com/money/story/122232/6053384,經濟日報,元大台灣50 短進短出 - 經濟日報,0.0
2022-01-24 04:02:17,0050,https://ctee.com.tw/news/fund/585904.html,工商時報,抱股過年還是0050？小資族先做好這件事 - 工商時報,0.0
2022-01-24 08:00:00,0050,https://ctee.com.tw/news/fund/585904.html,工商時報,抱股過年還是0050？小資族先做好這件事 - 工商時報,0.0
2022-01-24 08:00:00,0050,https://tw.stock.yahoo.com/news/%E5%8F%B0%E8%82%A1%E5%A4%A7%E5%9C%B0%E9%9C%87-%E6%83%B3%E6%8A%B10050%E9%81%8E%E5%B9%B4-%E5%8F%AF%E6%90%AD%E9%85%8D%E7%BE%8E%E5%82%B5etf%E4%BF%9D%E5%B9%B3%E5%AE%89-025030243.html,Yahoo奇摩股市,台股大地震 想抱0050過年 可搭配美債ETF保平安 - Yahoo奇摩股市,-0.3
2022-01-24 08:00:00,0050,https://m.cnyes.com/news/id/4807751,Anue鉅亨,台股大地震 想抱0050過年 可搭配美債ETF保平安 - Anue鉅亨,0.3
2022-01-25 02:50:30,0050,https://news.cnyes.com/news/id/4807751,Anue鉅亨,台股大地震 想抱0050過年 可搭配美債ETF保平安 - Anue鉅亨,0.3
2022-01-25 03:44:45,0050,https://tw.stock.yahoo.com/news/%E5%8F%B0%E8%82%A1%E5%A4%A7%E5%9C%B0%E9%9C%87-%E6%83%B3%E6%8A%B10050%E9%81%8E%E5%B9%B4-%E5%8F%AF%E6%90%AD%E9%85%8D%E7%BE%8E%E5%82%B5etf%E4%BF%9D%E5%B9%B3%E5%AE%89-025030243.html,Yahoo奇摩股市,台股大地震 想抱0050過年 可搭配美債ETF保平安 - Yahoo奇摩股市,-0.3
2022-01-25 03:47:49,0050,https://tw.stock.yahoo.com/news/%E5%8F%B0%E8%82%A1%E5%A4%A7%E5%9C%B0%E9%9C%87-%E6%83%B3%E6%8A%B10050%E9%81%8E%E5%B9%B4-%E5%8F%AF%E6%90%AD%E9%85%8D%E7%BE%8E%E5%82%B5etf%E4%BF%9D%E5%B9%B3%E5%AE%89-025030243.html,Yahoo奇摩股市,台股大地震 想抱0050過年 可搭配美債ETF保平安 - Yahoo奇摩股市,0.3
2022-01-25 08:00:00,0050,https://news.cnyes.com/news/id/4808431,Anue鉅亨,台股封關半年線有撐 元大台灣50正2提前出量「仙人指路」 - Anue鉅亨,0.3
2022-01-25 08:00:00,0050,https://m.cnyes.com/news/id/4808431,Anue鉅亨,台股封關半年線有撐元大台灣50正2提前出量「仙人指路」 | Anue鉅亨- 台股新聞 - Anue鉅亨,0.3
2022-01-26 06:31:02,0050,https://news.cnyes.com/news/id/4808431,Anue鉅亨,台股封關半年線有撐 元大台灣50正2提前出量「仙人指路」 - Anue鉅亨,0.3
2022-01-26 08:00:00,0050,https://tw.stock.yahoo.com/news/00878%E5%8E%BB%E5%B9%B44%E6%AC%A1%E9%83%BD%E9%85%8D%E6%81%AF-%E6%9C%80%E9%95%B7%E5%A1%AB%E6%81%AF%E5%A4%A9%E6%95%B8%E5%83%85%E8%8A%B117%E5%A4%A9-%E5%90%AB%E6%81%AF%E5%A0%B1%E9%85%AC%E7%8E%87-%E6%9B%B4%E6%89%93%E6%95%970050-033418775.html,Yahoo奇摩股市,00878去年4次都配息...最長填息天數僅花17天！ 「含息報酬率」更打敗0050 - Yahoo奇摩股市,0.0
2022-01-26 08:00:00,0050,https://tw.stock.yahoo.com/news/%E5%85%83%E5%A4%A7%E5%8F%B0%E7%81%A350-vs-%E5%8F%B0%E7%A9%8D%E9%9B%BB-%E8%B2%B7%E5%93%AA%E5%80%8B%E8%BC%83%E5%A5%BD-%E9%81%94%E4%BA%BA%E6%8F%AD%E5%88%A4%E6%96%B7%E9%97%9C%E9%8D%B5-041500715.html,Yahoo奇摩股市,「元大台灣50 vs 台積電」買哪個較好？ 達人揭判斷關鍵：我選0050 - Yahoo奇摩股市,0.0
2022-01-27 03:44:57,0050,https://tw.stock.yahoo.com/news/00878%E5%8E%BB%E5%B9%B44%E6%AC%A1%E9%83%BD%E9%85%8D%E6%81%AF-%E6%9C%80%E9%95%B7%E5%A1%AB%E6%81%AF%E5%A4%A9%E6%95%B8%E5%83%85%E8%8A%B117%E5%A4%A9-%E5%90%AB%E6%81%AF%E5%A0%B1%E9%85%AC%E7%8E%87-%E6%9B%B4%E6%89%93%E6%95%970050-033418775.html,Yahoo奇摩股市,00878去年4次都配息...最長填息天數僅花17天！ 「含息報酬率」更打敗0050 - Yahoo奇摩股市,0.0
2022-01-27 04:24:15,0050,https://tw.stock.yahoo.com/news/%E5%85%83%E5%A4%A7%E5%8F%B0%E7%81%A350-vs-%E5%8F%B0%E7%A9%8D%E9%9B%BB-%E8%B2%B7%E5%93%AA%E5%80%8B%E8%BC%83%E5%A5%BD-%E9%81%94%E4%BA%BA%E6%8F%AD%E5%88%A4%E6%96%B7%E9%97%9C%E9%8D%B5-041500715.html,Yahoo奇摩股市,「元大台灣50 vs 台積電」買哪個較好？ 達人揭判斷關鍵：我選0050 - Yahoo奇摩股市,0.0
2022-01-27 04:25:10,0050,https://tw.stock.yahoo.com/news/%E5%85%83%E5%A4%A7%E5%8F%B0%E7%81%A350-vs-%E5%8F%B0%E7%A9%8D%E9%9B%BB-%E8%B2%B7%E5%93%AA%E5%80%8B%E8%BC%83%E5%A5%BD-%E9%81%94%E4%BA%BA%E6%8F%AD%E5%88%A4%E6%96%B7%E9%97%9C%E9%8D%B5-041500715.html,Yahoo奇摩股市,「元大台灣50 vs 台積電」買哪個較好？ 達人揭判斷關鍵：我選0050 - Yahoo奇摩股市,0.0
2022-01-27 06:46:09,0050,https://tw.stock.yahoo.com/news/%E5%85%83%E5%A4%A7%E5%8F%B0%E7%81%A350-vs-%E5%8F%B0%E7%A9%8D%E9%9B%BB-%E8%B2%B7%E5%93%AA%E5%80%8B%E8%BC%83%E5%A5%BD-%E9%81%94%E4%BA%BA%E6%8F%AD%E5%88%A4%E6%96%B7%E9%97%9C%E9%8D%B5-041500840.html,Yahoo奇摩股市,「元大台灣50 vs 台積電」買哪個較好？ 達人揭判斷關鍵：我選0050 - Yahoo奇摩股市,0.0
2022-02-05 08:00:00,0050,https://money.udn.com/money/story/5618/6078135?from=edn_subcatelist_cate,經濟日報,元大台灣50 年後可期 - 經濟日報,0.0
2022-02-05 14:28:27,0050,https://money.udn.com/money/story/5618/6078135?from=edn_newestlist_cate_side,經濟日報,元大台灣50 年後可期 - 經濟日報,0.0
2022-02-06 08:00:00,0050,https://m.cnyes.com/news/id/4809756,Anue鉅亨,0050元月除息零股爆天量 小資族想配息還可存ETF連結基金 - Anue鉅亨,0.0
2022-02-07 01:39:29,0050,https://money.udn.com/money/story/5618/6080133?from=edn_newest_index,經濟日報,錯過0050除息？0050 ETF連結基金2/16除息還能參加 - 經濟日報,0.0
2022-02-09 03:30:42,0050,https://ctee.com.tw/news/fund/592288.html,工商時報,科技股短期震盪緊抱0050等4檔龍頭基金 - 工商時報,0.0
2022-02-09 08:00:00,0050,https://ctee.com.tw/news/fund/592288.html,工商時報,科技股短期震盪緊抱0050等4檔龍頭基金 - 工商時報,0.0
2022-02-09 08:00:00,0050,https://tw.stock.yahoo.com/news/%E6%89%93%E6%95%97-0050-006208-%E6%99%89%E5%8D%87%E6%96%B0%E5%9C%8B%E6%B0%91-etf-080200365.html,Yahoo奇摩股市,打敗 0050，006208 晉升新國民 ETF？股價低、追蹤誤差小…3 大優勢不容小覷！艾蜜莉：選擇 ETF 的 4 大要點是… - Yahoo奇摩股市,0.0
2022-02-11 08:00:00,0050,https://money.udn.com/money/story/12040/6092201,經濟日報,如果0050沒有填息，以後還要參加除息嗎？理財專家：投資不要搞錯邏輯 - 經濟日報,0.0
2022-02-12 08:00:00,0050,https://money.udn.com/money/story/5618/6093955?from=edn_newestlist_cate_side,經濟日報,元大台灣50 後市可期 - 經濟日報,0.2
2022-02-12 14:08:48,0050,https://money.udn.com/money/story/122232/6093955,經濟日報,元大台灣50 後市可期 - 經濟日報,0.2
2022-02-13 08:00:00,0050,https://tw.stock.yahoo.com/news/%E4%BE%86%E5%BE%97%E5%8F%8A-0050-etf%E9%80%A3%E7%B5%90%E5%9F%BA%E9%87%91-16%E6%97%A5%E9%99%A4%E6%81%AF-201000422.html,Yahoo奇摩股市,來得及！0050 ETF連結基金 16日除息 - Yahoo奇摩股市,0.0
2022-02-13 08:00:00,0050,https://tw.stock.yahoo.com/news/etf%E9%81%94%E4%BA%BA%E6%96%BD%E6%98%87%E8%BC%9D-%E9%99%A4%E4%BA%86-00050-%E3%80%81-0056-%E9%82%84%E6%8E%A8%E9%80%99%E6%AA%94%E9%87%91%E8%9E%8D%E8%82%A1%EF%BC%81-025017858.html,Yahoo奇摩股市,ETF達人施昇輝 除了0050、0056還推這檔金融股！ - Yahoo奇摩股市,0.0
2022-02-13 08:00:00,0050,https://tw.stock.yahoo.com/news/%E4%BE%86%E5%BE%97%E5%8F%8A-0050-etf%E9%80%A3%E7%B5%90%E5%9F%BA%E9%87%91-16%E6%97%A5%E9%99%A4%E6%81%AF-201000422.html,Yahoo奇摩股市,來得及！0050 ETF連結基金16日除息 - Yahoo奇摩股市,0.0
2022-02-13 20:10:00,0050,https://tw.stock.yahoo.com/news/%E4%BE%86%E5%BE%97%E5%8F%8A-0050-etf%E9%80%A3%E7%B5%90%E5%9F%BA%E9%87%91-16%E6%97%A5%E9%99%A4%E6%81%AF-201000422.html,Yahoo奇摩股市,來得及！0050 ETF連結基金 16日除息 - Yahoo奇摩股市,0.0
2022-02-14 02:03:00,0050,https://money.udn.com/money/story/122232/6093955,經濟日報,元大台灣50 後市可期 - 經濟日報,0.2
2022-02-17 08:00:00,0050,https://tw.stock.yahoo.com/news/%E5%8F%B0%E5%8C%97%E8%82%A1%E5%B8%82-%E5%B0%8F%E8%B3%87%E6%9C%80%E6%84%9B-0050-0056%E5%AE%9A%E6%9C%9F%E5%AE%9A%E9%A1%8D%E6%88%B6%E6%95%B8%E5%86%8D%E8%A1%9D%E6%96%B0%E9%AB%98-053011083.html,Yahoo奇摩股市,《台北股市》小資最愛！0050、0056定期定額戶數再衝新高 - Yahoo奇摩股市,0.0
2022-02-18 05:30:11,0050,https://tw.stock.yahoo.com/news/%E5%8F%B0%E5%8C%97%E8%82%A1%E5%B8%82-%E5%B0%8F%E8%B3%87%E6%9C%80%E6%84%9B-0050-0056%E5%AE%9A%E6%9C%9F%E5%AE%9A%E9%A1%8D%E6%88%B6%E6%95%B8%E5%86%8D%E8%A1%9D%E6%96%B0%E9%AB%98-053011083.html,Yahoo奇摩股市,《台北股市》小資最愛！0050、0056定期定額戶數再衝新高 - Yahoo奇摩股市,0.0
2022-02-18 08:00:00,0050,https://tw.stock.yahoo.com/news/%E5%8F%B0%E5%8C%97%E8%82%A1%E5%B8%82-%E5%B0%8F%E8%B3%87%E6%9C%80%E6%84%9B-0050-0056%E5%AE%9A%E6%9C%9F%E5%AE%9A%E9%A1%8D%E6%88%B6%E6%95%B8%E5%86%8D%E8%A1%9D%E6%96%B0%E9%AB%98-053011083.html,Yahoo奇摩股市,《台北股市》小資最愛！0050、0056定期定額戶數再衝新高 - Yahoo奇摩股市,0.0
2022-02-18 08:00:00,0050,https://ctee.com.tw/news/fund/597200.html,工商時報,小資最愛0050、0056 定期定額戶數創新高 - 工商時報,0.0
2022-02-19 15:11:43,0050,https://money.udn.com/money/story/5618/6109885?from=edn_next_story,經濟日報,元大台灣50 利空已過 - 經濟日報,0.2
2022-02-21 06:38:57,0050,https://tw.stock.yahoo.com/news/%E5%8F%B0%E8%82%A1%E9%AB%98%E6%AA%94%E9%9C%87%E7%9B%AA-0050-%E4%BA%BA%E6%B0%A3%E4%BB%8D%E4%B8%8A%E8%A1%9D-40-%E8%90%AC%E4%BA%BA%EF%BC%81-054404928.html,Yahoo奇摩股市,台股高檔震盪 0050 人氣仍上衝 40 萬人！ - Yahoo奇摩股市,0.2
2022-02-22 09:45:12,0050,https://tw.stock.yahoo.com/news/%E5%8F%B0%E7%81%A350%E5%85%A9%E5%85%84%E5%BC%9F%E5%A4%A7pk-0050%E5%92%8C006208%E6%80%8E%E9%BA%BC%E9%81%B8-%E7%B8%BE%E6%95%88%E5%A4%A7%E8%A7%A3%E6%9E%90-2%E6%AA%94etf%E8%A9%B2%E9%81%B8%E8%AA%B0-094512304.html?bcmt=1,Yahoo奇摩股市,台灣50兩兄弟大PK》0050和006208怎麼選...「績效大解析」！ 2檔ETF該選誰？ - Yahoo奇摩股市,0.0
2022-02-23 03:32:35,0050,https://tw.stock.yahoo.com/news/%E6%9B%BE%E8%A2%AB%E6%9C%8B%E5%8F%8B%E5%A5%9A%E8%90%BD-%E6%A0%B9%E6%9C%AC%E6%B2%92%E6%9C%89%E8%BF%BD%E6%B1%82%E5%A0%B1%E9%85%AC%E7%8E%87%E6%A5%B5%E5%A4%A7%E5%8C%96-%E6%96%BD%E6%98%87%E8%BC%9D%E7%94%A8%E8%B6%85%E9%81%8E13%E5%B9%B4%E6%8C%81%E6%9C%890050-0056%E5%8D%B0%E8%AD%89-%E9%AB%98%E9%BB%9E%E9%80%99%E6%A8%A3%E5%81%9A%E6%89%8D%E5%AF%A6%E9%9A%9B-032158881.html?bcmt=1,Yahoo奇摩股市,曾被朋友奚落，根本沒有追求報酬率極大化！施昇輝用超過13年持有0050、0056印證：高點這樣做才實際 - Yahoo奇摩股市,0.0
2022-02-24 08:00:00,0050,https://tw.stock.yahoo.com/news/%E5%9F%BA%E9%87%91-0056%E5%8F%8A0050%E5%85%A9%E5%A4%A7-%E5%9C%8B%E6%B0%91etf-%E7%B8%BD%E5%8F%97%E7%9B%8A%E4%BA%BA%E6%95%B8-%E6%8C%91%E6%88%B0%E7%99%BE%E8%90%AC%E4%BA%BA%E7%B4%80%E9%8C%84-020210510.html,Yahoo奇摩股市,《基金》0056及0050兩大「國民ETF」總受益人數 挑戰百萬人紀錄 - Yahoo奇摩股市,0.0
2022-02-24 08:00:00,0050,https://tw.stock.yahoo.com/news/%E5%9F%BA%E9%87%91-0056%E5%8F%8A0050%E5%85%A9%E5%A4%A7-%E5%9C%8B%E6%B0%91etf-%E7%B8%BD%E5%8F%97%E7%9B%8A%E4%BA%BA%E6%95%B8-%E6%8C%91%E6%88%B0%E7%99%BE%E8%90%AC%E4%BA%BA%E7%B4%80%E9%8C%84-020210510.html,Yahoo奇摩股市,《基金》0056及0050兩大「國民ETF」總受益人數挑戰百萬人紀錄 - Yahoo奇摩股市,0.0
2022-02-25 02:17:29,0050,https://tw.stock.yahoo.com/news/%E5%9F%BA%E9%87%91-0056%E5%8F%8A0050%E5%85%A9%E5%A4%A7-%E5%9C%8B%E6%B0%91etf-%E7%B8%BD%E5%8F%97%E7%9B%8A%E4%BA%BA%E6%95%B8-%E6%8C%91%E6%88%B0%E7%99%BE%E8%90%AC%E4%BA%BA%E7%B4%80%E9%8C%84-020210510.html,Yahoo奇摩股市,《基金》0056及0050兩大「國民ETF」總受益人數 挑戰百萬人紀錄 - Yahoo奇摩股市,0.0
2022-02-25 02:18:04,0050,https://tw.stock.yahoo.com/news/%E5%9F%BA%E9%87%91-0056%E5%8F%8A0050%E5%85%A9%E5%A4%A7-%E5%9C%8B%E6%B0%91etf-%E7%B8%BD%E5%8F%97%E7%9B%8A%E4%BA%BA%E6%95%B8-%E6%8C%91%E6%88%B0%E7%99%BE%E8%90%AC%E4%BA%BA%E7%B4%80%E9%8C%84-020210510.html,Yahoo奇摩股市,《基金》0056及0050兩大「國民ETF」總受益人數 挑戰百萬人紀錄 - Yahoo奇摩股市,0.0
2022-02-26 14:32:05,0050,https://money.udn.com/money/story/5461/6126823?from=edn_next_story,經濟日報,元大台灣50 後市可期 - 經濟日報,0.2
2022-03-01 08:00:00,0050,https://tw.stock.yahoo.com/news/%E9%87%91%E8%9E%8D-%E5%8F%B0%E7%81%A3etf%E5%B8%82%E5%A0%B4%E5%89%B5%E6%9C%80%E5%BF%AB%E5%A2%9E%E9%80%9F%E5%A2%9E%E7%99%BE%E8%90%AC%E4%BA%BA%E7%B4%80%E9%8C%84-0050-0056%E5%8F%97%E7%9B%8A%E4%BA%BA%E7%A0%B4%E7%99%BE%E8%90%AC-084852764.html,Yahoo奇摩股市,《金融》台灣ETF市場創最快增速增百萬人紀錄 0050、0056受益人破百萬 - Yahoo奇摩股市,0.0
2022-03-01 08:48:52,0050,https://tw.stock.yahoo.com/news/%E9%87%91%E8%9E%8D-%E5%8F%B0%E7%81%A3etf%E5%B8%82%E5%A0%B4%E5%89%B5%E6%9C%80%E5%BF%AB%E5%A2%9E%E9%80%9F%E5%A2%9E%E7%99%BE%E8%90%AC%E4%BA%BA%E7%B4%80%E9%8C%84-0050-0056%E5%8F%97%E7%9B%8A%E4%BA%BA%E7%A0%B4%E7%99%BE%E8%90%AC-084852764.html,Yahoo奇摩股市,《金融》台灣ETF市場創最快增速增百萬人紀錄 0050、0056受益人破百萬 - Yahoo奇摩股市,0.0
2022-03-02 08:00:00,0050,https://tw.stock.yahoo.com/news/%E5%85%A8%E6%B0%91%E7%98%8B-etf%EF%BC%81%E7%B8%BD%E6%8A%95%E8%B3%87%E4%BA%BA%E7%AA%81%E7%A0%B4-400-%E8%90%AC-%E6%AF%8F-4-%E4%BA%BA%E5%B0%B1%E6%9C%89-1-%E4%BA%BA%E6%8A%95%E8%B3%87-0050-%E3%80%81-0056-044804791.html,Yahoo奇摩股市,全民瘋 ETF！總投資人突破 400 萬 每 4 人就有 1 人投資 0050、0056 - Yahoo奇摩股市,0.0
2022-03-02 08:00:00,0050,https://tw.stock.yahoo.com/news/%E5%8F%B0%E7%81%A3etf%E7%AA%81%E7%A0%B4400%E8%90%AC%E6%8A%95%E8%B3%87%E4%BA%BA-0050-0056%E5%90%88%E5%8D%A0%E5%9B%9B%E5%88%86%E4%B9%8B-%E5%BC%B7-031718317.html,Yahoo奇摩股市,台灣ETF突破400萬投資人 0050、0056合占四分之一強 - Yahoo奇摩股市,0.0
2022-03-02 08:00:00,0050,https://m.cnyes.com/news/id/4822939,Anue鉅亨,台灣ETF突破400萬投資人 0050、0056合占四分之一強 - Anue鉅亨,0.0
2022-03-02 08:00:00,0050,https://m.cnyes.com/news/id/4822939,Anue鉅亨,台灣ETF突破400萬投資人0050、0056合占四分之一強| Anue鉅亨- 台股新聞 - Anue鉅亨,0.0
2022-03-02 08:00:00,0050,https://tw.stock.yahoo.com/news/%E5%85%A8%E6%B0%91%E7%98%8B-etf%EF%BC%81%E7%B8%BD%E6%8A%95%E8%B3%87%E4%BA%BA%E7%AA%81%E7%A0%B4-400-%E8%90%AC-%E6%AF%8F-4-%E4%BA%BA%E5%B0%B1%E6%9C%89-1-%E4%BA%BA%E6%8A%95%E8%B3%87-0050-%E3%80%81-0056-044804791.html,Yahoo奇摩股市,全民瘋ETF！總投資人突破400 萬每4 人就有1 人投資0050、0056 - Yahoo奇摩股市,0.0
2022-03-03 02:12:41,0050,https://tw.stock.yahoo.com/news/%E5%9F%BA%E9%87%91-%E5%85%A8%E6%B0%91%E7%98%8B%E6%8A%95%E8%B3%87-0050-0056%E5%90%88%E8%A8%88%E6%93%81%E7%99%BE%E8%90%AC%E5%8F%97%E7%9B%8A%E4%BA%BA-015725247.html,Yahoo奇摩股市,《基金》全民瘋投資 0050、0056合計擁百萬受益人 - Yahoo奇摩股市,0.0
2022-03-03 02:41:01,0050,https://money.udn.com/money/story/5618/6136612?from=edn_newest_index,經濟日報,台灣ETF市場人氣躍進 0050、0056合計擁百萬受益人 - 經濟日報,0.0
2022-03-03 04:51:00,0050,https://tw.stock.yahoo.com/news/%E5%85%A8%E6%B0%91%E7%98%8B-etf%EF%BC%81%E7%B8%BD%E6%8A%95%E8%B3%87%E4%BA%BA%E7%AA%81%E7%A0%B4-400-%E8%90%AC-%E6%AF%8F-4-%E4%BA%BA%E5%B0%B1%E6%9C%89-1-%E4%BA%BA%E6%8A%95%E8%B3%87-0050-%E3%80%81-0056-044804791.html,Yahoo奇摩股市,全民瘋 ETF！總投資人突破 400 萬 每 4 人就有 1 人投資 0050、0056 - Yahoo奇摩股市,0.0
2022-03-03 08:00:00,0050,https://money.udn.com/money/story/5618/6136612,經濟日報,台灣ETF市場人氣躍進 0050、0056合計擁百萬受益人 - 經濟日報,0.0
2022-03-04 07:37:14,0050,https://ctee.com.tw/news/stocks/604522.html,工商時報,0050也打不過！ 3檔食品股入手時機曝 - 工商時報,0.0
2022-03-04 08:00:00,0050,https://ctee.com.tw/news/fund/604633.html,工商時報,百萬股東看過來0050、0056指數調整出爐 - 工商時報,0.0
2022-03-04 08:00:00,0050,https://ctee.com.tw/news/stocks/604522.html,工商時報,0050也打不過！ 3檔食品股入手時機曝 - 工商時報,0.0
2022-03-04 10:59:03,0050,https://ctee.com.tw/news/fund/604633.html,工商時報,百萬股東看過來0050、0056指數調整出爐 - 工商時報,0.0
2022-03-05 14:53:27,0050,https://money.udn.com/money/story/5618/6143209?from=edn_previous_story,經濟日報,元大台灣50 伺機布局 - 經濟日報,0.2
2022-03-06 08:00:00,0050,https://tw.stock.yahoo.com/news/%E9%87%91%E8%9E%8D-0050%E7%9B%A4%E4%B8%AD%E9%9B%B6%E8%82%A1%E8%A1%9D%E7%99%BE%E8%90%AC%E8%82%A1-%E6%8C%91%E6%88%B0%E6%AD%B7%E5%8F%B2%E5%A4%A9%E9%87%8F-034221449.html,Yahoo奇摩股市,《金融》0050盤中零股衝百萬股 挑戰歷史天量 - Yahoo奇摩股市,0.3
2022-03-07 03:10:29,0050,https://ctee.com.tw/news/stocks/605502.html,工商時報,0050盤中零股衝百萬股挑戰歷史天量 - 工商時報,0.0
2022-03-07 03:57:25,0050,https://tw.stock.yahoo.com/news/%E9%87%91%E8%9E%8D-0050%E7%9B%A4%E4%B8%AD%E9%9B%B6%E8%82%A1%E8%A1%9D%E7%99%BE%E8%90%AC%E8%82%A1-%E6%8C%91%E6%88%B0%E6%AD%B7%E5%8F%B2%E5%A4%A9%E9%87%8F-034221449.html?bcmt=1,Yahoo奇摩股市,《金融》0050盤中零股衝百萬股 挑戰歷史天量 - Yahoo奇摩股市,0.3
2022-03-07 08:00:00,0050,https://ctee.com.tw/news/stocks/605502.html,工商時報,0050盤中零股衝百萬股挑戰歷史天量 - 工商時報,0.0
2022-03-07 08:00:00,0050,https://money.udn.com/money/story/5607/6147411,經濟日報,護國神山、0050淪為外資提款機 買點到了嗎？ - 經濟日報,-0.8
2022-03-07 08:00:00,0050,https://ctee.com.tw/news/stocks/605502.html,工商時報,0050盤中零股衝百萬股 挑戰歷史天量 - 工商時報,0.2
2022-03-07 14:23:29,0050,https://money.udn.com/money/story/5607/6147411,經濟日報,護國神山、0050淪為外資提款機 買點到了嗎？ - 經濟日報,-0.8
2022-03-09 04:15:14,0050,https://tw.stock.yahoo.com/news/%E8%82%A1%E5%B8%82%E4%B8%8D%E6%98%AF%E5%8F%AA%E8%83%BD%E9%9D%A0%E8%B3%AD-%E6%B7%A1%E5%A4%A7%E6%95%99%E6%8E%88%E4%BB%A50050%E9%BB%9E%E5%87%BA%E6%8A%95%E8%B3%87%E9%9F%AD%E8%8F%9C%E9%8C%AF%E8%AA%A4%E6%9C%9F%E5%BE%85-%E4%BD%A0%E8%83%BD%E9%9D%A0%E8%A4%87%E5%88%A930%E5%B9%B4%E5%BE%8C%E8%87%B4%E5%AF%8C-%E4%BD%86%E4%B8%8D%E6%98%AF3%E5%B9%B4%E5%BE%8C-040328055.html?bcmt=1,Yahoo奇摩股市,股市不是只能靠賭！淡大教授以0050點出投資韭菜錯誤期待：你能靠複利30年後致富，但不是3年後 - Yahoo奇摩股市,0.0
2022-03-09 08:00:00,0050,https://ctee.com.tw/news/fund/607125.html,工商時報,"台股ETF新里程碑0050規模首破2,000億 - 工商時報",0.0
2022-03-09 08:00:00,0050,https://tw.stock.yahoo.com/news/%E5%8F%B0%E8%82%A1etf%E5%89%B5%E6%96%B0%E5%B1%80-%E5%85%83%E5%A4%A7%E5%8F%B0%E7%81%A350-%E8%A6%8F%E6%A8%A1%E8%A1%9D%E7%A0%B42-000%E5%84%84-201000335.html,Yahoo奇摩股市,"台股ETF創新局 元大台灣50 規模衝破2,000億 - Yahoo奇摩股市",0.0
2022-03-09 08:00:00,0050,https://m.cnyes.com/news/id/4828591,Anue鉅亨,0050規模衝破2000億元 小資族最低3000元也可買 - Anue鉅亨,0.0
2022-03-09 08:00:00,0050,https://m.cnyes.com/news/id/4828591,Anue鉅亨,0050規模衝破2000億元小資族最低3000元也可買| Anue鉅亨- 台股新聞 - Anue鉅亨,0.0
2022-03-09 09:52:01,0050,https://ctee.com.tw/news/fund/607125.html,工商時報,台股ETF新里程碑0050規模首破2000億 - 工商時報,0.0
2022-03-09 23:40:00,0050,https://tw.stock.yahoo.com/news/%E5%90%84%E5%A0%B1%E8%A6%81%E8%81%9E-%E5%8F%B0%E8%82%A1etf%E5%89%B5%E6%96%B0%E5%B1%80-%E5%85%83%E5%A4%A7%E5%8F%B0%E7%81%A350%E8%A6%8F%E6%A8%A1%E8%A1%9D%E7%A0%B42000%E5%84%84-234000298.html?bcmt=1,Yahoo奇摩股市,《各報要聞》台股ETF創新局 元大台灣50規模衝破2000億 - Yahoo奇摩股市,0.0
2022-03-10 01:14:32,0050,https://money.udn.com/money/story/5618/6153697?from=edn_subcatelist_cate,經濟日報,元大台灣50 ETF 基金規模突破2000億元 - 經濟日報,0.0
2022-03-10 03:36:33,0050,https://money.udn.com/money/story/5618/6154088?from=edn_newest_index,經濟日報,元大台灣50規模衝破2000億大關 台股ETF里程碑 - 經濟日報,0.3
2022-03-10 04:16:09,0050,https://money.udn.com/money/story/5607/6154273?from=edn_newestlist_cate_side,經濟日報,"「國民ETF」0050規模達2,000億！共同基金3千即可申購 - 經濟日報",0.0
2022-03-10 06:33:28,0050,https://money.udn.com/money/story/5607/6154765?from=edn_newestlist_cate_side,經濟日報,"台股ETF里程碑 0050規模衝2,000億元 - 經濟日報",0.0
2022-03-10 08:00:00,0050,https://money.udn.com/money/story/5618/6153697?from=edn_hottestlist_cate_side,經濟日報,元大台灣50 ETF 基金規模突破2000億元 - 經濟日報,0.0
2022-03-10 08:00:00,0050,https://ctee.com.tw/news/stocks/607229.html,工商時報,台股ETF創新局元大台灣50規模破2000億 - 工商時報,0.0
2022-03-10 08:00:00,0050,https://ctee.com.tw/news/stocks/607229.html,工商時報,"台股ETF創新局元大台灣50規模破2,000億 - 工商時報",0.0
2022-03-10 08:00:00,0050,https://ctee.com.tw/news/stocks/607229.html,工商時報,"台股ETF創新局 元大台灣50規模破2,000億 - 工商時報",0.0
2022-03-11 03:46:37,0050,https://tw.stock.yahoo.com/news/40%E6%AD%B2%E9%9D%A0-0050%E5%AD%98%E8%82%A1%E8%A1%93-65%E6%AD%B2%E5%AD%98%E5%87%BA3%E5%8D%83%E8%90%AC%E9%80%80%E4%BC%91%E9%87%91-%E6%9C%88%E9%A0%9810%E8%90%AC%E7%94%9F%E6%B4%BB%E8%B2%BB-%E7%9B%B4%E5%88%B0100%E6%AD%B2%E9%83%BD%E8%8A%B1%E4%B8%8D%E5%AE%8C-032918806.html,Yahoo奇摩股市,40歲靠「0050存股術」，65歲存出3千萬退休金：月領10萬生活費，直到100歲都花不完 - Yahoo奇摩股市,0.0
2022-03-11 08:00:00,0050,https://news.google.com/__i/rss/rd/articles/CBMipgJodHRwczovL3R3LnN0b2NrLnlhaG9vLmNvbS9uZXdzLzAwNTAlRTUlOUMlQTglRTclQjQlODUlRTQlQkIlODAlRTklQkElQkMtJUU1JTkwJUI4JUU5JTg3JTkxMiVFNSU4RCU4MyVFNSU4NCU4NCVFNiU4OCU5MCVFNSU4NSVBOCVFNSU4RiVCMCVFNiU5QyU4MCVFNSVBNCVBN2V0Zi0lRTYlOEElOTUlRTglQjMlODclRTklODElOTQlRTQlQkElQkElRTYlOTUlOTktJUU5JTgwJTk5JUU1JTg1JUE5JUU2JThCJTlCLSVFNSVBNCU5QSVFOSVBMCVBRCVFOCU4MyVCRCVFOCVCMyVCQTQlRTYlODglOTAtMDkzODAwODY0Lmh0bWzSAa4CaHR0cHM6Ly90dy5zdG9jay55YWhvby5jb20vYW1waHRtbC9uZXdzLzAwNTAlRTUlOUMlQTglRTclQjQlODUlRTQlQkIlODAlRTklQkElQkMtJUU1JTkwJUI4JUU5JTg3JTkxMiVFNSU4RCU4MyVFNSU4NCU4NCVFNiU4OCU5MCVFNSU4NSVBOCVFNSU4RiVCMCVFNiU5QyU4MCVFNSVBNCVBN2V0Zi0lRTYlOEElOTUlRTglQjMlODclRTklODElOTQlRTQlQkElQkElRTYlOTUlOTktJUU5JTgwJTk5JUU1JTg1JUE5JUU2JThCJTlCLSVFNSVBNCU5QSVFOSVBMCVBRCVFOCU4MyVCRCVFOCVCMyVCQTQlRTYlODglOTAtMDkzODAwODY0Lmh0bWw?oc=5,Yahoo奇摩股市,0050在紅什麼？吸金2千億成全台最大ETF！投資達人教「這兩招」：多頭能賺4成、空頭獲利也有15% - Yahoo奇摩股市,0.0
2022-03-11 09:38:00,0050,https://tw.stock.yahoo.com/news/0050%E5%9C%A8%E7%B4%85%E4%BB%80%E9%BA%BC-%E5%90%B8%E9%87%912%E5%8D%83%E5%84%84%E6%88%90%E5%85%A8%E5%8F%B0%E6%9C%80%E5%A4%A7etf-%E6%8A%95%E8%B3%87%E9%81%94%E4%BA%BA%E6%95%99-%E9%80%99%E5%85%A9%E6%8B%9B-%E5%A4%9A%E9%A0%AD%E8%83%BD%E8%B3%BA4%E6%88%90-093800864.html?bcmt=1,Yahoo奇摩股市,0050在紅什麼？吸金2千億成全台最大ETF！投資達人教「這兩招」：多頭能賺4成、空頭獲利也有15% - Yahoo奇摩股市,0.0
2022-03-13 08:00:00,0050,https://tw.stock.yahoo.com/news/%E9%87%91%E8%9E%8D-%E5%AE%9A%E6%9C%9F%E5%AE%9A%E9%A1%8D%E5%89%B55%E5%80%8B%E6%9C%88%E6%96%B0%E4%BD%8E-0050-0056%E4%BA%A4%E6%98%93%E6%88%B6%E6%95%B8%E5%9D%87%E6%B8%9B%E9%80%BE%E8%90%AC%E6%88%B6-062703805.html,Yahoo奇摩股市,《金融》定期定額創5個月新低 0050、0056交易戶數均減逾萬戶 - Yahoo奇摩股市,-0.2
2022-03-13 08:00:00,0050,https://tw.stock.yahoo.com/news/%E9%87%91%E8%9E%8D-%E5%AE%9A%E6%9C%9F%E5%AE%9A%E9%A1%8D%E5%89%B55%E5%80%8B%E6%9C%88%E6%96%B0%E4%BD%8E-0050-0056%E4%BA%A4%E6%98%93%E6%88%B6%E6%95%B8%E5%9D%87%E6%B8%9B%E9%80%BE%E8%90%AC%E6%88%B6-062703805.html,Yahoo奇摩股市,《金融》定期定額創5個月新低0050、0056交易戶數均減逾萬戶 - Yahoo奇摩股市,-0.2
2022-03-13 08:00:00,0050,https://tw.stock.yahoo.com/news/0050%E5%A4%AA%E8%B2%B4-%E9%80%99%E6%AA%94%E9%9B%99%E8%83%9E%E8%83%8E%E5%A0%B1%E9%85%AC%E7%8E%87%E4%BA%AE%E7%9C%BC-090548961.html,Yahoo奇摩股市,0050太貴？這檔雙胞胎報酬率亮眼 - Yahoo奇摩股市,0.0
2022-03-14 06:27:03,0050,https://tw.stock.yahoo.com/news/%E9%87%91%E8%9E%8D-%E5%AE%9A%E6%9C%9F%E5%AE%9A%E9%A1%8D%E5%89%B55%E5%80%8B%E6%9C%88%E6%96%B0%E4%BD%8E-0050-0056%E4%BA%A4%E6%98%93%E6%88%B6%E6%95%B8%E5%9D%87%E6%B8%9B%E9%80%BE%E8%90%AC%E6%88%B6-062703805.html,Yahoo奇摩股市,《金融》定期定額創5個月新低 0050、0056交易戶數均減逾萬戶 - Yahoo奇摩股市,-0.2
2022-03-14 06:41:56,0050,https://tw.stock.yahoo.com/news/%E9%87%91%E8%9E%8D-%E5%AE%9A%E6%9C%9F%E5%AE%9A%E9%A1%8D%E5%89%B55%E5%80%8B%E6%9C%88%E6%96%B0%E4%BD%8E-0050-0056%E4%BA%A4%E6%98%93%E6%88%B6%E6%95%B8%E5%9D%87%E6%B8%9B%E9%80%BE%E8%90%AC%E6%88%B6-062703805.html?bcmt=1,Yahoo奇摩股市,《金融》定期定額創5個月新低 0050、0056交易戶數均減逾萬戶 - Yahoo奇摩股市,-0.2
2022-03-14 07:00:00,0050,https://tw.stock.yahoo.com/news/%E9%87%91%E8%9E%8D-%E5%AE%9A%E6%9C%9F%E5%AE%9A%E9%A1%8D%E5%89%B55%E5%80%8B%E6%9C%88%E6%96%B0%E4%BD%8E-0050-0056%E4%BA%A4%E6%98%93%E6%88%B6%E6%95%B8%E5%9D%87%E6%B8%9B%E9%80%BE%E8%90%AC%E6%88%B6-062703805.html,Yahoo奇摩股市,《金融》定期定額創5個月新低 0050、0056交易戶數均減逾萬戶 - Yahoo奇摩股市,-0.2
2022-03-14 07:00:00,0050,https://tw.stock.yahoo.com/news/%E9%87%91%E8%9E%8D-%E5%AE%9A%E6%9C%9F%E5%AE%9A%E9%A1%8D%E5%89%B55%E5%80%8B%E6%9C%88%E6%96%B0%E4%BD%8E-0050-0056%E4%BA%A4%E6%98%93%E6%88%B6%E6%95%B8%E5%9D%87%E6%B8%9B%E9%80%BE%E8%90%AC%E6%88%B6-062703805.html,Yahoo奇摩股市,《金融》定期定額創5個月新低0050、0056交易戶數均減逾萬戶 - Yahoo奇摩股市,-0.2
2022-03-16 07:00:00,0050,https://ctee.com.tw/news/stocks/610996.html,工商時報,從0050、0056調整找飆股 時機財輕鬆賺 - 工商時報,0.0
2022-03-17 07:00:00,0050,https://ctee.com.tw/news/fund/611552.html,工商時報,0050、0056挑誰好?專家:全球動盪該選它 - 工商時報,0.0
2022-03-19 14:29:09,0050,https://money.udn.com/money/story/5618/6177004,經濟日報,元大台灣50 適度調節 - 經濟日報,0.2
2022-03-21 07:00:00,0050,https://ctee.com.tw/news/fund/613559.html,工商時報,防守力Max！這組合績效同0050 波動低更多 - 工商時報,0.0
2022-03-21 08:21:35,0050,https://ctee.com.tw/news/fund/613559.html,工商時報,防守力Max!這組合績效同0050 波動低更多 - 工商時報,0.0
2022-03-21 08:21:35,0050,https://ctee.com.tw/news/fund/613559.html,工商時報,防守力Max！這組合績效同0050 波動低更多 - 工商時報,0.0
2022-03-22 07:00:00,0050,https://tw.stock.yahoo.com/news/0050-006208-%E8%A2%AB%E5%8B%95%E5%BC%8Fetf%E7%86%B1%E5%88%B0%E9%80%A3%E5%9F%BA%E9%87%91%E7%B6%93%E7%90%86%E4%BA%BA%E9%83%BD%E5%90%83%E5%91%B3-3%E5%BC%B5%E5%9C%96%E8%A7%A3%E5%AF%86-0050%E7%B8%BE%E6%95%88%E7%9C%9F%E7%9A%84%E6%AF%94%E5%9F%BA%E9%87%91%E5%A5%BD-100100471.html,Yahoo奇摩股市,0050、006208...被動式ETF熱到連基金經理人都吃味！3張圖解密：0050績效真的比基金好？ - Yahoo奇摩股市,0.0
2022-03-26 15:02:41,0050,https://money.udn.com/money/story/5618/6194200,經濟日報,元大台灣50 箱型格局 - 經濟日報,0.0
2022-03-31 04:04:54,0050,https://tw.stock.yahoo.com/news/%E5%8F%B0%E7%81%A350-0050-%E9%80%99%E6%A8%A3%E8%B2%B7%E5%B0%B1%E7%A9%A9%E8%B3%BA-%E5%89%AF%E6%95%99%E6%8E%88%E5%AF%A6%E6%B8%AC%E7%B6%B2%E5%82%B32%E6%89%8B%E6%B3%95-%E6%99%AF%E6%B0%A3%E7%87%88%E8%99%9F-040454262.html?bcmt=1,Yahoo奇摩股市,台灣50(0050)這樣買就穩賺？副教授實測網傳2手法：景氣燈號、KD值操作，結果報酬率分別是... - Yahoo奇摩股市,0.0
2022-04-02 14:49:15,0050,https://money.udn.com/money/story/5618/6211709,經濟日報,元大台灣50 逢低布局 - 經濟日報,0.2
2022-04-06 01:46:26,0050,https://tw.stock.yahoo.com/news/0050-%E5%8F%B0%E8%82%A1%E5%9F%BA%E9%87%91%E8%B6%85%E9%A1%8D%E7%8D%B2%E5%88%A9%EF%BC%81%E7%9B%A7%E7%87%95%E4%BF%90%E4%B8%89%E6%AD%A5%E9%A9%9F%E9%81%B8%E5%87%BA%E8%B6%85%E5%BC%B7%E6%A8%99%E7%9A%84-013959180.html?bcmt=1,Yahoo奇摩股市,0050+台股基金=超額獲利！盧燕俐三步驟選出超強標的 - Yahoo奇摩股市,0.0
2022-04-06 01:46:46,0050,https://tw.stock.yahoo.com/news/0050-%E5%8F%B0%E8%82%A1%E5%9F%BA%E9%87%91%E8%B6%85%E9%A1%8D%E7%8D%B2%E5%88%A9%EF%BC%81%E7%9B%A7%E7%87%95%E4%BF%90%E4%B8%89%E6%AD%A5%E9%A9%9F%E9%81%B8%E5%87%BA%E8%B6%85%E5%BC%B7%E6%A8%99%E7%9A%84-013959180.html?bcmt=1,Yahoo奇摩股市,0050+台股基金=超額獲利！盧燕俐三步驟選出超強標的 - Yahoo奇摩股市,0.0
2022-04-06 01:48:54,0050,https://tw.stock.yahoo.com/news/0050-%E5%8F%B0%E8%82%A1%E5%9F%BA%E9%87%91%E8%B6%85%E9%A1%8D%E7%8D%B2%E5%88%A9%EF%BC%81%E7%9B%A7%E7%87%95%E4%BF%90%E4%B8%89%E6%AD%A5%E9%A9%9F%E9%81%B8%E5%87%BA%E8%B6%85%E5%BC%B7%E6%A8%99%E7%9A%84-013959180.html?bcmt=1,Yahoo奇摩股市,0050+台股基金=超額獲利！盧燕俐三步驟選出超強標的 - Yahoo奇摩股市,0.0
2022-04-09 07:00:00,0050,https://money.udn.com/money/story/5618/6227351?from=edn_subcatelist_cate,經濟日報,元大台灣50 分散風險優選 - 經濟日報,0.0
2022-04-09 14:59:59,0050,https://money.udn.com/money/story/5618/6227351?from=edn_previous_story,經濟日報,元大台灣50 分散風險優選 - 經濟日報,0.0
2022-04-13 07:00:00,0050,https://tw.stock.yahoo.com/news/%E6%8D%A8%E5%8F%B0%E7%A9%8D%E9%9B%BB%E8%B2%B7etf-0050-00878%E9%81%B8%E8%AA%B0%E5%A5%BD-%E6%9F%B4%E9%BC%A0%E5%85%84%E5%BC%9F-16%E8%A1%8C%E9%A0%86%E5%8F%A3%E6%BA%9C-100430651.html,Yahoo奇摩股市,捨台積電買ETF，0050、00878選誰好？柴鼠兄弟「16行順口溜」秒看懂，解決選股障礙 - Yahoo奇摩股市,0.0
2022-04-13 07:00:00,0050,https://news.google.com/__i/rss/rd/articles/CBMi3AFodHRwczovL3R3LnN0b2NrLnlhaG9vLmNvbS9uZXdzLyVFNSVCOSVCNCVFNSU4RiVBQSVFOCVCMiVCNzElRTYlQUMlQTElRTUlOEYlQjAlRTclODElQTM1MC0wMDUwLSVFNSVCQyVCNSVFOCVBMSVBOCVFOCVBOSVBNiVFNyVBRSU5Ny0lRTQlQjglOEQlRTclOUMlOEIlRTclOUIlQTQtJUU1JTkxJUE4JUU1JTg1JUFDJUU2JThBJTk1JUU4JUIzJTg3JUU2JUIzJTk1LTA0MDUyNDkzMy5odG1s0gHkAWh0dHBzOi8vdHcuc3RvY2sueWFob28uY29tL2FtcGh0bWwvbmV3cy8lRTUlQjklQjQlRTUlOEYlQUElRTglQjIlQjcxJUU2JUFDJUExJUU1JThGJUIwJUU3JTgxJUEzNTAtMDA1MC0lRTUlQkMlQjUlRTglQTElQTglRTglQTklQTYlRTclQUUlOTctJUU0JUI4JThEJUU3JTlDJThCJUU3JTlCJUE0LSVFNSU5MSVBOCVFNSU4NSVBQyVFNiU4QSU5NSVFOCVCMyU4NyVFNiVCMyU5NS0wNDA1MjQ5MzMuaHRtbA?oc=5,Yahoo奇摩股市,一年只買1次台灣50(0050)！一張表試算：不看盤「周公投資法」，19年報酬率高達255％ - Yahoo奇摩股市,0.0
2022-04-14 04:05:24,0050,https://tw.stock.yahoo.com/news/%E5%B9%B4%E5%8F%AA%E8%B2%B71%E6%AC%A1%E5%8F%B0%E7%81%A350-0050-%E5%BC%B5%E8%A1%A8%E8%A9%A6%E7%AE%97-%E4%B8%8D%E7%9C%8B%E7%9B%A4-%E5%91%A8%E5%85%AC%E6%8A%95%E8%B3%87%E6%B3%95-040524933.html,Yahoo奇摩股市,一年只買1次台灣50(0050)！一張表試算：不看盤「周公投資法」，19年報酬率高達255％ - Yahoo奇摩股市,0.0
2022-04-16 15:04:13,0050,https://money.udn.com/money/story/5618/6244501?from=edn_hottestlist_cate_side,經濟日報,元大台灣50 下探低點 - 經濟日報,-0.2
2022-04-19 07:00:00,0050,https://ctee.com.tw/news/fund/629835.html,工商時報,0050、0056 再奪3月定期定額冠亞軍 - 工商時報,0.0
2022-04-20 16:14:08,0050,https://money.udn.com/money/story/5607/6254797,經濟日報,愈跌愈愛買？0050股東人數衝上50.7萬創新高| 市場焦點| 證券 - 經濟日報,0.0
2022-04-21 04:14:27,0050,https://money.udn.com/money/story/5607/6254797,經濟日報,愈跌愈愛買？0050股東人數衝上50.7萬創新高| 市場焦點| 證券 - 經濟日報,0.0
2022-04-21 07:00:00,0050,https://money.udn.com/money/story/5607/6254797,經濟日報,愈跌愈愛買？0050股東人數衝上50.7萬創新高| 市場焦點| 證券| 經濟日報 - 經濟日報,0.0
2022-04-21 07:00:00,0050,https://money.udn.com/money/story/5607/6254797,經濟日報,愈跌愈愛買？0050股東人數衝上50.7萬創新高| 市場焦點| 證券 - 經濟日報,0.0
2022-04-22 01:33:26,0050,https://money.udn.com/money/story/5607/6258121?from=edn_newest_index,經濟日報,台股ETF 0050、0056定期定額3月創新高 - 經濟日報,0.0
2022-04-22 07:00:00,0050,https://money.udn.com/money/story/5607/6258121?from=edn_subcatelist_cate,經濟日報,台股ETF 0050、0056定期定額3月創新高 - 經濟日報,0.0
2022-04-23 07:00:00,0050,https://money.udn.com/money/story/5618/6261916?from=edn_subcatelist_cate,經濟日報,元大台灣50 有壓 - 經濟日報,-0.2
2022-04-23 14:43:18,0050,https://money.udn.com/money/story/5618/6261916,經濟日報,元大台灣50 有壓 - 經濟日報,-0.2
2022-04-28 16:17:55,0050,https://money.udn.com/money/story/12040/6275299,經濟日報,「為何0050下跌1%，反向ETF卻沒上漲1%」台股不好想放空 小心反而虧大錢 - 經濟日報,-0.2
2022-04-28 16:17:55,0050,https://money.udn.com/money/story/12040/6275299,經濟日報,「為何0050下跌1%，反向ETF卻沒上漲1%」台股不好想放空小心反而虧大錢| 個人理財| 理財| 經濟日報 - 經濟日報,-0.2
2022-04-29 07:00:00,0050,https://money.udn.com/money/story/12040/6275299,經濟日報,「為何0050下跌1%，反向ETF卻沒上漲1%」台股不好想放空 小心反而虧大錢 - 經濟日報,-0.2
2022-04-29 07:00:00,0050,https://money.udn.com/money/story/12040/6275299,經濟日報,「為何0050下跌1%，反向ETF卻沒上漲1%」台股不好想放空小心反而虧大錢| 個人理財| 理財| 經濟日報 - 經濟日報,-0.2
2022-04-29 07:00:00,0050,https://money.udn.com/money/story/12040/6275299,經濟日報,「為何0050下跌1%，反向ETF卻沒上漲1%」台股不好想放空 小心反而虧大錢| 個人理財| 理財 - 經濟日報,-0.2
2022-04-30 14:41:38,0050,https://money.udn.com/money/story/5618/6279367?from=edn_subcatelist_cate,經濟日報,元大台灣50 有望走強 - 經濟日報,0.3
2022-05-04 07:00:00,0050,https://m.cnyes.com/news/id/4863535,Anue鉅亨,Fed會議前夕外資大買0050反1逾2.4萬張 提款新光金 - Anue鉅亨,0.8
2022-05-04 07:00:00,0050,https://tw.stock.yahoo.com/news/fed%E6%9C%83%E8%AD%B0%E5%89%8D%E5%A4%95%E5%A4%96%E8%B3%87%E5%A4%A7%E8%B2%B70050%E5%8F%8D1%E9%80%BE2-4%E8%90%AC%E5%BC%B5-%E6%8F%90%E6%AC%BE%E6%96%B0%E5%85%89%E9%87%91-104457192.html,Yahoo奇摩股市,Fed會議前夕外資大買0050反1逾2.4萬張 提款新光金 - Yahoo奇摩股市,0.8
2022-05-04 07:00:00,0050,https://tw.stock.yahoo.com/news/fed%E6%9C%83%E8%AD%B0%E5%89%8D%E5%A4%95%E5%A4%96%E8%B3%87%E5%A4%A7%E8%B2%B70050%E5%8F%8D1%E9%80%BE2-4%E8%90%AC%E5%BC%B5-%E6%8F%90%E6%AC%BE%E6%96%B0%E5%85%89%E9%87%91-104457192.html,Yahoo奇摩股市,Fed會議前夕外資大買0050反1逾2.4萬張提款新光金 - Yahoo奇摩股市,0.8
2022-05-04 10:44:57,0050,https://tw.stock.yahoo.com/news/fed%E6%9C%83%E8%AD%B0%E5%89%8D%E5%A4%95%E5%A4%96%E8%B3%87%E5%A4%A7%E8%B2%B70050%E5%8F%8D1%E9%80%BE2-4%E8%90%AC%E5%BC%B5-%E6%8F%90%E6%AC%BE%E6%96%B0%E5%85%89%E9%87%91-104457192.html,Yahoo奇摩股市,Fed會議前夕外資大買0050反1逾2.4萬張提款新光金 - Yahoo奇摩股市,0.8
2022-05-04 10:44:57,0050,https://news.cnyes.com/news/id/4863535,Anue鉅亨,Fed會議前夕外資大買0050反1逾2.4萬張 提款新光金 - Anue鉅亨,0.8
2022-05-07 07:00:00,0050,https://money.udn.com/money/story/122232/6296108,經濟日報,元大台灣50 後市承壓 - 經濟日報,-0.3
2022-05-07 15:01:40,0050,https://money.udn.com/money/story/5618/6296108,經濟日報,元大台灣50 後市承壓 - 經濟日報,-0.3
2022-05-10 07:58:13,0050,https://ctee.com.tw/news/fund/640755.html,工商時報,想單筆投入0050、0056 老手曝進場時間點 - 工商時報,0.0
2022-05-15 07:00:00,0050,https://ctee.com.tw/wealth/tutor/640755.html,工商時報,投資筆記｜想單筆投入0050、0056 孫慶龍曝進場時間點 - 工商時報,0.0
2022-05-15 07:00:00,0050,https://tw.stock.yahoo.com/news/0050-%E9%80%A3%E7%B5%90%E5%9F%BA%E9%87%91-%E4%B8%80%E6%AC%A1%E5%85%A5%E6%89%8B%E5%8F%B0%E7%81%A3-50-%E5%A4%A7%E9%A0%82%E5%B0%96%E5%85%AC%E5%8F%B8%EF%BC%81-021648650.html,Yahoo奇摩股市,0050連結基金 一次入手台灣50大頂尖公司！ - Yahoo奇摩股市,0.0
2022-05-15 07:00:00,0050,https://tw.stock.yahoo.com/news/0050-%E9%80%A3%E7%B5%90%E5%9F%BA%E9%87%91-%E4%B8%80%E6%AC%A1%E5%85%A5%E6%89%8B%E5%8F%B0%E7%81%A3-50-%E5%A4%A7%E9%A0%82%E5%B0%96%E5%85%AC%E5%8F%B8%EF%BC%81-021648650.html,Yahoo奇摩股市,0050連結基金一次入手台灣50大頂尖公司！ - Yahoo奇摩股市,0.0
2022-05-15 07:58:00,0050,https://ctee.com.tw/wealth/tutor/640755.html,工商時報,想單筆投入0050、0056 孫慶龍曝進場時間點 - 工商時報,0.0
2022-05-15 07:58:00,0050,https://ctee.com.tw/wealth/tutor/640755.html,工商時報,投資筆記｜想單筆投入0050、0056 孫慶龍曝進場時間點 - 工商時報,0.0
2022-05-16 02:25:41,0050,https://tw.stock.yahoo.com/news/0050-%E9%80%A3%E7%B5%90%E5%9F%BA%E9%87%91-%E4%B8%80%E6%AC%A1%E5%85%A5%E6%89%8B%E5%8F%B0%E7%81%A3-50-%E5%A4%A7%E9%A0%82%E5%B0%96%E5%85%AC%E5%8F%B8%EF%BC%81-021648650.html,Yahoo奇摩股市,0050連結基金一次入手台灣50大頂尖公司！ - Yahoo奇摩股市,0.0
2022-05-16 02:25:41,0050,https://tw.stock.yahoo.com/news/0050-%E9%80%A3%E7%B5%90%E5%9F%BA%E9%87%91-%E4%B8%80%E6%AC%A1%E5%85%A5%E6%89%8B%E5%8F%B0%E7%81%A3-50-%E5%A4%A7%E9%A0%82%E5%B0%96%E5%85%AC%E5%8F%B8%EF%BC%81-021648650.html,Yahoo奇摩股市,0050連結基金 一次入手台灣50大頂尖公司！ - Yahoo奇摩股市,0.0
2022-05-17 07:00:00,0050,https://money.udn.com/money/story/5607/6320498,經濟日報,0050、0056規模屢創新高專家教你這樣投資可賺更多| 市場焦點| 證券| 經濟日報 - 經濟日報,0.0
2022-05-17 07:00:00,0050,https://money.udn.com/money/story/5607/6320498,經濟日報,0050、0056規模屢創新高專家教你這樣投資可賺更多| 市場焦點| 證券 - 經濟日報,0.0
2022-05-17 07:00:00,0050,https://news.google.com/__i/rss/rd/articles/CBMiLmh0dHBzOi8vbW9uZXkudWRuLmNvbS9tb25leS9zdG9yeS81NjA3LzYzMjA0OTjSAQA?oc=5,經濟日報,0050、0056規模屢創新高專家教你這樣投資可賺更多| 市場焦點| 證券 ... - 經濟日報,0.0
2022-05-17 12:47:16,0050,https://money.udn.com/money/story/5607/6320498?from=edn_hottestlist_cate_side,經濟日報,0050、0056規模屢創新高專家教你這樣投資可賺更多| 市場焦點| 證券| 經濟日報 - 經濟日報,0.0
2022-05-17 13:41:17,0050,https://money.udn.com/money/story/5607/6320498,經濟日報,0050、0056規模屢創新高專家教你這樣投資可賺更多| 市場焦點| 證券| 經濟日報 - 經濟日報,0.0
2022-05-19 17:00:00,0050,https://ctee.com.tw/news/stocks/646136.html,工商時報,年輕人買零股最愛台積電、聯發科、0050 - 工商時報,0.0
2022-05-20 07:00:00,0050,https://ctee.com.tw/news/stocks/646136.html,工商時報,年輕人買零股最愛台積電、聯發科、0050 - 工商時報,0.0
2022-05-21 07:00:00,0050,https://money.udn.com/money/story/5618/6330777?from=edn_newestlist_cate_side,經濟日報,元大台灣50 偏多看待 - 經濟日報,0.3
2022-05-21 14:39:49,0050,https://money.udn.com/money/story/122232/6330777,經濟日報,元大台灣50 偏多看待 - 經濟日報,0.3
2022-05-22 07:00:00,0050,https://tw.stock.yahoo.com/news/%E5%B9%AB%E5%B0%8F%E5%AD%A9%E5%AD%98%E9%87%91%E8%9E%8D%E8%82%A1-%E9%82%84%E6%98%AF0050-%E9%81%94%E4%BA%BA%E5%BB%BA%E8%AD%B0-%E9%9D%A02%E6%8C%87%E6%A8%99%E5%AD%98%E5%9C%A8%E7%9B%B8%E5%B0%8D%E4%BD%8E%E9%BB%9E-035337734.html,Yahoo奇摩股市,幫小孩存金融股、還是0050？達人建議：靠2指標存在相對低點 - Yahoo奇摩股市,0.0
2022-05-26 05:19:35,0050,https://money.udn.com/money/story/5618/6342202?from=edn_newest_index,經濟日報,台股投資人選大不選小 龍頭基金、0050買氣旺 - 經濟日報,0.3
2022-05-26 07:00:00,0050,https://money.udn.com/money/story/5618/6342202?from=edn_referralnews_story_ch122327,經濟日報,台股投資人選大不選小 龍頭基金、0050買氣旺 - 經濟日報,0.3
2022-05-26 07:00:00,0050,https://money.udn.com/money/story/5618/6342202?from=edn_newest_index,經濟日報,台股投資人選大不選小龍頭基金、0050買氣旺| 基金天地| 理財| 經濟日報 - 經濟日報,0.0
2022-05-26 07:00:00,0050,https://money.udn.com/money/story/5618/6342202?from=edn_newest_index,經濟日報,台股投資人選大不選小龍頭基金、0050買氣旺| 基金天地| 理財 - 經濟日報,0.0
2022-05-28 15:11:48,0050,https://money.udn.com/money/story/5618/6347968?from=edn_subcatelist_cate,經濟日報,元大台灣50 逢回承接 - 經濟日報,0.2
2022-05-30 06:40:28,0050,https://ctee.com.tw/news/fund/651565.html,工商時報,台股大反攻0050創2新高紀錄 - 工商時報,0.8
2022-05-30 06:40:28,0050,https://ctee.com.tw/news/fund/651565.html,工商時報,台股大反攻0050規模、人氣雙創新高 - 工商時報,0.8
2022-05-30 07:00:00,0050,https://m.cnyes.com/news/id/4881634,Anue鉅亨,台股震盪投資人選大不選小 龍頭基金、0050買氣逆勢稱霸 - Anue鉅亨,0.3
2022-05-30 07:00:00,0050,https://ctee.com.tw/news/fund/651565.html,工商時報,台股大反攻0050規模、人氣雙創新高 - 工商時報,0.8
2022-05-30 07:00:00,0050,https://tw.stock.yahoo.com/news/%E5%8F%B0%E5%8C%97%E8%82%A1%E5%B8%82-%E5%8F%B0%E8%82%A1%E5%A4%A7%E5%8F%8D%E6%94%BB-0050%E8%A6%8F%E6%A8%A1-%E5%8F%97%E7%9B%8A%E4%BA%BA%E6%95%B8%E5%90%8C%E5%89%B5%E6%96%B0%E9%AB%98-074531057.html,Yahoo奇摩股市,《台北股市》台股大反攻 0050規模、受益人數同創新高 - Yahoo奇摩股市,0.8
2022-05-30 07:00:00,0050,https://tw.stock.yahoo.com/news/%E5%8F%B0%E8%82%A1%E9%9C%87%E7%9B%AA%E6%8A%95%E8%B3%87%E4%BA%BA%E9%81%B8%E5%A4%A7%E4%B8%8D%E9%81%B8%E5%B0%8F-%E9%BE%8D%E9%A0%AD%E5%9F%BA%E9%87%91-0050%E8%B2%B7%E6%B0%A3%E9%80%86%E5%8B%A2%E7%A8%B1%E9%9C%B8-032908237.html,Yahoo奇摩股市,台股震盪投資人選大不選小 龍頭基金、0050買氣逆勢稱霸 - Yahoo奇摩股市,0.3
2022-05-30 07:00:00,0050,https://tw.stock.yahoo.com/news/%E5%8F%B0%E5%8C%97%E8%82%A1%E5%B8%82-%E5%8F%B0%E8%82%A1%E5%A4%A7%E5%8F%8D%E6%94%BB-0050%E8%A6%8F%E6%A8%A1-%E5%8F%97%E7%9B%8A%E4%BA%BA%E6%95%B8%E5%90%8C%E5%89%B5%E6%96%B0%E9%AB%98-074531057.html,Yahoo奇摩股市,《台北股市》台股大反攻0050規模、受益人數同創新高 - Yahoo奇摩股市,0.8
2022-05-30 17:00:00,0050,https://ctee.com.tw/news/fund/651896.html,工商時報,台積助攻0050等10檔ETF規模同步創高 - 工商時報,0.2
2022-05-31 03:29:08,0050,https://m.cnyes.com/news/id/4881634?exp=a,Anue鉅亨,台股震盪投資人選大不選小龍頭基金、0050買氣逆勢稱霸| Anue鉅亨- 台股新聞 - Anue鉅亨,0.2
2022-05-31 03:29:08,0050,https://m.cnyes.com/news/id/4881634,Anue鉅亨,台股震盪投資人選大不選小 龍頭基金、0050買氣逆勢稱霸 - Anue鉅亨,0.3
2022-05-31 04:16:59,0050,https://tw.stock.yahoo.com/news/%E5%8F%B0%E8%82%A1%E9%9C%87%E7%9B%AA%E6%8A%95%E8%B3%87%E4%BA%BA%E9%81%B8%E5%A4%A7%E4%B8%8D%E9%81%B8%E5%B0%8F-%E9%BE%8D%E9%A0%AD%E5%9F%BA%E9%87%91-0050%E8%B2%B7%E6%B0%A3%E9%80%86%E5%8B%A2%E7%A8%B1%E9%9C%B8-032908237.html,Yahoo奇摩股市,台股震盪投資人選大不選小 龍頭基金、0050買氣逆勢稱霸 - Yahoo奇摩股市,0.3
2022-05-31 07:00:00,0050,https://ctee.com.tw/news/fund/651896.html,工商時報,台積助攻0050等10檔ETF規模同步創高 - 工商時報,0.2
2022-06-02 03:50:00,0050,https://money.udn.com/money/story/5618/6364260?from=edn_subcatelist_cate,經濟日報,元大台灣50 掌握反彈契機 - 經濟日報,0.3
2022-06-03 04:52:30,0050,https://money.udn.com/money/story/5618/6364260?from=edn_subcatelist_cate,經濟日報,元大台灣50 掌握反彈契機 - 經濟日報,0.3
2022-06-03 07:00:00,0050,https://money.udn.com/money/story/12040/6362301,經濟日報,每次進場只賺5%的0050大戶：鐵工廠老闆賣房產留500萬生活費，「二個口訣」賺到上億身價 - 經濟日報,0.0
2022-06-03 10:05:29,0050,https://money.udn.com/money/story/12040/6362301,經濟日報,每次進場只賺5%的0050大戶：鐵工廠老闆賣房產留500萬生活費，「二個口訣」賺到上億身價 - 經濟日報,0.0
2022-06-03 10:11:18,0050,https://money.udn.com/money/story/12040/6362301,經濟日報,每次進場只賺5%的0050大戶：鐵工廠老闆賣房產留500萬生活費，「二個口訣」賺到上億身價 - 經濟日報,0.0
2022-06-03 10:53:23,0050,https://money.udn.com/money/story/12040/6362301,經濟日報,每次進場只賺5%的0050大戶：鐵工廠老闆賣房產留500萬生活費，「二個口訣」賺到上億身價 - 經濟日報,0.0
2022-06-04 07:00:00,0050,https://money.udn.com/money/story/122232/6364260,經濟日報,元大台灣50 掌握反彈契機 - 經濟日報,0.3
2022-06-04 15:12:59,0050,https://money.udn.com/money/story/5618/6364260?from=edn_subcatelist_cate,經濟日報,元大台灣50 掌握反彈契機 - 經濟日報,0.3
2022-06-07 07:00:00,0050,https://tw.stock.yahoo.com/news/%E5%9C%8B%E4%BA%BA%E6%9C%80%E6%84%9B-0050-%E5%B7%B2%E7%A0%B4-2264-%E5%84%84%E5%85%83-%E7%B6%B2%E6%8C%87%E3%80%8C%E5%A5%87%E6%80%AA%E7%8F%BE%E8%B1%A1%E3%80%8D-020826649.html,Yahoo奇摩股市,【就愛0050】國人最愛0050已破2264億元 網指「奇怪現象」專家2點釋疑 - Yahoo奇摩股市,0.0
2022-06-07 07:00:00,0050,https://tw.stock.yahoo.com/news/%E5%9C%8B%E4%BA%BA%E6%9C%80%E6%84%9B-0050-%E5%B7%B2%E7%A0%B4-2264-%E5%84%84%E5%85%83-%E7%B6%B2%E6%8C%87%E3%80%8C%E5%A5%87%E6%80%AA%E7%8F%BE%E8%B1%A1%E3%80%8D-020826649.html,Yahoo奇摩股市,【就愛0050】國人最愛0050已破2264億元網指「奇怪現象」專家2點釋疑 - Yahoo奇摩股市,0.0
2022-06-07 07:00:00,0050,https://news.google.com/__i/rss/rd/articles/CBMizAFodHRwczovL3R3LnN0b2NrLnlhaG9vLmNvbS9uZXdzLyVFNSU5QyU4QiVFNCVCQSVCQSVFNiU5QyU4MCVFNiU4NCU5Qi0wMDUwLSVFNSVCNyVCMiVFNyVBMCVCNC0yMjY0LSVFNSU4NCU4NCVFNSU4NSU4My0lRTclQjYlQjIlRTYlOEMlODclRTMlODAlOEMlRTUlQTUlODclRTYlODAlQUElRTclOEYlQkUlRTglQjElQTElRTMlODAlOEQtMDIwODI2NjQ5Lmh0bWzSAQA?oc=5,Yahoo奇摩股市,【就愛0050】國人最愛0050已破2264億元網指「奇怪現象」專家2點 ... - Yahoo奇摩股市,0.0
2022-06-08 02:16:20,0050,https://tw.stock.yahoo.com/news/%E5%9C%8B%E4%BA%BA%E6%9C%80%E6%84%9B-0050-%E5%B7%B2%E7%A0%B4-2264-%E5%84%84%E5%85%83-%E7%B6%B2%E6%8C%87%E3%80%8C%E5%A5%87%E6%80%AA%E7%8F%BE%E8%B1%A1%E3%80%8D-020826649.html,Yahoo奇摩股市,【就愛0050】國人最愛0050已破2264億元網指「奇怪現象」專家2點釋疑 - Yahoo奇摩股市,0.0
2022-06-08 02:16:20,0050,https://tw.stock.yahoo.com/news/%E5%9C%8B%E4%BA%BA%E6%9C%80%E6%84%9B-0050-%E5%B7%B2%E7%A0%B4-2264-%E5%84%84%E5%85%83-%E7%B6%B2%E6%8C%87%E3%80%8C%E5%A5%87%E6%80%AA%E7%8F%BE%E8%B1%A1%E3%80%8D-020826649.html,Yahoo奇摩股市,【就愛0050】國人最愛0050已破2264億元 網指「奇怪現象」專家2點釋疑 - Yahoo奇摩股市,0.0
2022-06-10 08:28:29,0050,https://money.udn.com/money/story/5607/6378942?from=edn_newestlist_cate_side,經濟日報,全民ETF投資理財時代來臨 0050、0056規模再創新高 - 經濟日報,0.0
2022-06-11 07:00:00,0050,https://money.udn.com/money/story/5618/6381336?from=edn_subcatelist_cate,經濟日報,元大台灣50 逢低布局 - 經濟日報,0.2
2022-06-11 15:07:42,0050,https://money.udn.com/money/story/5618/6381336?from=edn_subcatelist_cate,經濟日報,元大台灣50 逢低布局 - 經濟日報,0.2
2022-06-16 07:00:00,0050,https://tw.stock.yahoo.com/news/%E6%8A%95%E8%B3%87%E4%BA%BA%E7%A9%8D%E6%A5%B5%E9%80%A2%E4%BD%8E%E6%90%B6%E9%80%B2-0050-0056-%E8%A6%8F%E6%A8%A1%E5%89%B5%E6%96%B0%E9%AB%98-201000190.html,Yahoo奇摩股市,投資人積極逢低搶進 0050、0056 規模創新高 - Yahoo奇摩股市,0.3
2022-06-16 15:56:15,0050,https://money.udn.com/money/story/5618/6398562?from=edn_finmanagement_index,經濟日報,元大台灣50 伺機反彈 - 經濟日報,0.3
2022-06-16 16:40:00,0050,https://ctee.com.tw/news/fund/661800.html,工商時報,投資人搶進0050、0056規模創新高 - 工商時報,0.2
2022-06-16 20:10:00,0050,https://tw.stock.yahoo.com/news/%E6%8A%95%E8%B3%87%E4%BA%BA%E7%A9%8D%E6%A5%B5%E9%80%A2%E4%BD%8E%E6%90%B6%E9%80%B2-0050-0056-%E8%A6%8F%E6%A8%A1%E5%89%B5%E6%96%B0%E9%AB%98-201000190.html,Yahoo奇摩股市,投資人積極逢低搶進 0050、0056 規模創新高 - Yahoo奇摩股市,0.3
2022-06-17 06:14:34,0050,https://money.udn.com/money/story/5618/6395781?from=edn_newest_index,經濟日報,台股ETF規模今年來增1637億元0050成長518億元稱霸| 基金天地| 理財| 經濟日報 - 經濟日報,0.0
2022-06-17 07:00:00,0050,https://ctee.com.tw/news/fund/661800.html,工商時報,投資人搶進0050、0056規模創新高 - 工商時報,0.2
2022-06-17 07:00:00,0050,https://news.google.com/rss/articles/CBMiLmh0dHBzOi8vbW9uZXkudWRuLmNvbS9tb25leS9zdG9yeS81NjE4LzYzOTU3ODHSATJodHRwczovL21vbmV5LnVkbi5jb20vbW9uZXkvYW1wL3N0b3J5LzU2MTgvNjM5NTc4MQ?oc=5,經濟日報,"台股ETF規模今年來增1,637億元 0050成長518億元稱霸 - 經濟日報",0.0
2022-06-17 07:00:00,0050,https://news.google.com/rss/articles/CBMiLmh0dHBzOi8vbW9uZXkudWRuLmNvbS9tb25leS9zdG9yeS81NjE4LzYzOTU3ODHSAQA?oc=5,經濟日報,台股ETF規模今年來增1637億元0050成長518億元稱霸| 基金天地 ... - 經濟日報,0.0
2022-06-17 07:19:38,0050,https://money.udn.com/money/story/5618/6395986,經濟日報,"台股ETF規模今年來增1,637億最多 0050成長518億稱霸 - 經濟日報",0.0
2022-06-18 14:53:53,0050,https://money.udn.com/money/story/5618/6398562,經濟日報,元大台灣50 伺機反彈 - 經濟日報,0.3
2022-06-19 16:50:00,0050,https://ctee.com.tw/news/futures/663110.html,工商時報,0050期貨納夜盤交易 - 工商時報,0.0
2022-06-20 07:00:00,0050,https://ctee.com.tw/news/futures/663110.html,工商時報,0050期貨納夜盤交易 - 工商時報,0.0
2022-06-20 07:00:00,0050,https://ctee.com.tw/news/futures/663110.html,工商時報,0050期貨 納夜盤交易 - 工商時報,0.0
2022-06-22 07:00:00,0050,https://tw.stock.yahoo.com/news/6%E6%9C%88%E7%98%8B%E8%B2%B7%E5%B8%82%E5%80%BC%E5%9E%8B-%E9%AB%98%E8%82%A1%E6%81%AFetf-0050-0056%E7%94%B3%E8%B3%BC%E7%88%86%E6%A3%9A-201000212.html,Yahoo奇摩股市,6月瘋買市值型、高股息ETF 0050、0056申購爆棚 - Yahoo奇摩股市,0.2
2022-06-25 14:45:31,0050,https://money.udn.com/money/story/5618/6415336,經濟日報,元大台灣50 後市有撐 - 經濟日報,0.2
2022-06-29 07:00:00,0050,https://ctee.com.tw/news/fund/669044.html,工商時報,0050讓你兩年賺1倍！達人曝最強投資法 - 工商時報,0.0
2022-06-29 07:58:14,0050,https://ctee.com.tw/news/fund/669044.html,工商時報,0050讓你兩年賺1倍！達人曝最強投資法 - 工商時報,0.0
2022-06-30 01:19:00,0050,https://money.udn.com/money/story/5618/6432448?from=edn_newestlist_cate_side,經濟日報,元大台灣50 分散風險 - 經濟日報,0.0
2022-07-01 07:00:00,0050,https://news.google.com/__i/rss/rd/articles/CBMi0gFodHRwczovL3R3LnN0b2NrLnlhaG9vLmNvbS9uZXdzLyVFNSU4NSU4MyVFNSVBNCVBNyVFNSU4RiVCMCVFNyU4MSVBMzUwJUU0JUI4JThCJUU1JThEJThBJUU1JUI5JUI0JUU0JUJDJUIwJUU5JTg1JThEJUU2JTgxJUFGMS04JUU1JTg1JTgzLTIwMTYlRTUlQjklQjQlRTQlQkUlODYlRTUlOTAlOEMlRTYlOUMlOUYlRTYlOTYlQjAlRTklQUIlOTgtMTQ0MjMxODI0Lmh0bWzSAdoBaHR0cHM6Ly90dy5zdG9jay55YWhvby5jb20vYW1waHRtbC9uZXdzLyVFNSU4NSU4MyVFNSVBNCVBNyVFNSU4RiVCMCVFNyU4MSVBMzUwJUU0JUI4JThCJUU1JThEJThBJUU1JUI5JUI0JUU0JUJDJUIwJUU5JTg1JThEJUU2JTgxJUFGMS04JUU1JTg1JTgzLTIwMTYlRTUlQjklQjQlRTQlQkUlODYlRTUlOTAlOEMlRTYlOUMlOUYlRTYlOTYlQjAlRTklQUIlOTgtMTQ0MjMxODI0Lmh0bWw?oc=5,Yahoo奇摩股市,元大台灣50下半年估配息1.8元 2016年來同期新高 - Yahoo奇摩股市,0.0
2022-07-01 07:00:00,0050,https://news.google.com/__i/rss/rd/articles/CBMi0gFodHRwczovL3R3LnN0b2NrLnlhaG9vLmNvbS9uZXdzLyVFNSU4NSU4MyVFNSVBNCVBNyVFNSU4RiVCMCVFNyU4MSVBMzUwJUU0JUI4JThCJUU1JThEJThBJUU1JUI5JUI0JUU0JUJDJUIwJUU5JTg1JThEJUU2JTgxJUFGMS04JUU1JTg1JTgzLTIwMTYlRTUlQjklQjQlRTQlQkUlODYlRTUlOTAlOEMlRTYlOUMlOUYlRTYlOTYlQjAlRTklQUIlOTgtMTQ0MjMxODI0Lmh0bWzSAQA?oc=5,Yahoo奇摩股市,元大台灣50下半年估配息1.8元2016年來同期新高 - Yahoo奇摩股市,0.2
2022-07-01 09:20:34,0050,https://money.udn.com/money/story/5607/6430016?from=edn_newestlist_rank,經濟日報,0050配息第一階段公告出爐 同期新高 - 經濟日報,0.0
2022-07-01 09:22:19,0050,https://tw.stock.yahoo.com/news/0050-%E4%B8%8B%E5%8D%8A%E5%B9%B4%E9%85%8D%E6%81%AF%E5%87%BA%E7%88%90%EF%BC%81-18-%E5%85%83%E5%89%B5%E6%AD%B7%E5%B9%B4%E5%90%8C%E6%9C%9F%E6%9C%80%E9%AB%98-%E6%9C%80%E6%99%9A%E8%B2%B7%E9%80%B2%E6%97%A5%E5%BF%AB%E7%AD%86%E8%A8%98-092219808.html,Yahoo奇摩股市,0050下半年配息出爐！1.8元創歷年同期最高 - Yahoo奇摩股市,0.0
2022-07-02 16:07:55,0050,https://money.udn.com/money/story/5618/6432448?from=edn_next_story,經濟日報,元大台灣50 分散風險 - 經濟日報,0.0
2022-07-04 03:31:43,0050,https://money.udn.com/money/story/5618/6434771,經濟日報,「國民ETF」0050配息第一階段公告出爐 創同期新高 - 經濟日報,0.0
2022-07-04 07:00:00,0050,https://money.udn.com/money/story/5618/6434771,經濟日報,「國民ETF」0050配息第一階段公告出爐 創同期新高 - 經濟日報,0.0
2022-07-07 07:00:00,0050,https://tw.stock.yahoo.com/news/0050-%E5%B8%83%E5%B1%80%E6%99%82%E9%96%93%E5%88%B0%EF%BC%81%E5%AE%9A%E6%9C%9F%E5%AE%9A%E9%A1%8D-3-%E5%B9%B4%E5%A0%B1%E9%85%AC%E8%BF%91-3-%E6%88%90-020048470.html,Yahoo奇摩股市,0050布局時間到！3利多有助台股回穩 定期定額3年報酬近3成 - Yahoo奇摩股市,0.6
2022-07-07 07:00:00,0050,https://ctee.com.tw/stock/insights/674077.html,工商時報,台股噴漲！郭哲榮3千萬元0050帳面大回血 - 工商時報,0.8
2022-07-07 07:00:00,0050,https://news.google.com/__i/rss/rd/articles/CBMiwQFodHRwczovL3R3LnN0b2NrLnlhaG9vLmNvbS9uZXdzLzAwNTAtJUU1JUI4JTgzJUU1JUIxJTgwJUU2JTk5JTgyJUU5JTk2JTkzJUU1JTg4JUIwJUVGJUJDJTgxJUU1JUFFJTlBJUU2JTlDJTlGJUU1JUFFJTlBJUU5JUExJThELTMtJUU1JUI5JUI0JUU1JUEwJUIxJUU5JTg1JUFDJUU4JUJGJTkxLTMtJUU2JTg4JTkwLTAyMDA0ODQ3MC5odG1s0gEA?oc=5,Yahoo奇摩股市,0050布局時間到！3利多有助台股回穩定期定額3年報酬近3成 - Yahoo奇摩股市,0.2
2022-07-07 07:59:52,0050,https://ctee.com.tw/stock/insights/674077.html,工商時報,台股噴漲！郭哲榮3千萬元0050帳面大回血 - 工商時報,0.8
2022-07-08 02:02:57,0050,https://tw.stock.yahoo.com/news/0050-%E5%B8%83%E5%B1%80%E6%99%82%E9%96%93%E5%88%B0%EF%BC%81%E5%AE%9A%E6%9C%9F%E5%AE%9A%E9%A1%8D-3-%E5%B9%B4%E5%A0%B1%E9%85%AC%E8%BF%91-3-%E6%88%90-020048470.html,Yahoo奇摩股市,0050布局時間到！3利多有助台股回穩 定期定額3年報酬近3成 - Yahoo奇摩股市,0.6
2022-07-08 02:03:10,0050,https://ctee.com.tw/news/fund/674528.html,工商時報,台股醞釀反彈行情0050定期定額買點浮現 - 工商時報,0.3
2022-07-08 02:06:05,0050,https://tw.stock.yahoo.com/news/0050-%E5%B8%83%E5%B1%80%E6%99%82%E9%96%93%E5%88%B0%EF%BC%81%E5%AE%9A%E6%9C%9F%E5%AE%9A%E9%A1%8D-3-%E5%B9%B4%E5%A0%B1%E9%85%AC%E8%BF%91-3-%E6%88%90-020048470.html,Yahoo奇摩股市,0050布局時間到！3利多有助台股回穩 定期定額3年報酬近3成 - Yahoo奇摩股市,0.6
2022-07-08 02:13:07,0050,https://tw.stock.yahoo.com/news/0050-%E5%B8%83%E5%B1%80%E6%99%82%E9%96%93%E5%88%B0%EF%BC%81%E5%AE%9A%E6%9C%9F%E5%AE%9A%E9%A1%8D-3-%E5%B9%B4%E5%A0%B1%E9%85%AC%E8%BF%91-3-%E6%88%90-020048470.html,Yahoo奇摩股市,0050布局時間到！3利多有助台股回穩 定期定額3年報酬近3成 - Yahoo奇摩股市,0.6
2022-07-08 04:49:46,0050,https://money.udn.com/money/story/5618/6446191?from=edn_newestlist_cate_side,經濟日報,台股醞釀反彈行情 0050定期定額時點到 - 經濟日報,0.3
2022-07-08 07:00:00,0050,https://money.udn.com/money/story/5618/6446191,經濟日報,台股醞釀反彈行情 0050定期定額時點到 - 經濟日報,0.3
2022-07-08 07:00:00,0050,https://ctee.com.tw/news/fund/674528.html,工商時報,台股醞釀反彈行情0050定期定額買點浮現 - 工商時報,0.3
2022-07-08 07:00:00,0050,https://money.udn.com/money/story/122375/6446072,經濟日報,00878超車0050 我要買哪一檔？ | 行家心法| 理財| 經濟日報 - 經濟日報,0.0
2022-07-09 14:45:42,0050,https://money.udn.com/money/story/5618/6449331,經濟日報,元大台灣50 蓄勢反彈 - 經濟日報,0.3
2022-07-11 07:00:00,0050,https://tw.stock.yahoo.com/news/%E5%AE%9A%E6%9C%9F%E5%AE%9A%E9%A1%8D%E8%B2%B7%E4%BA%8619%E5%BC%B50050-%E8%82%A1%E6%81%AF%E6%B2%92%E8%B3%BA%E5%88%B0%E9%82%84%E5%80%92%E8%B3%A0-%E6%AD%B7%E5%8F%B2%E7%B6%93%E9%A9%97-%E9%80%999%E5%B9%B4-%E8%B2%B7%E9%80%B2%E6%94%BE%E5%88%B0%E7%8F%BE%E5%9C%A8%E9%83%BD%E6%98%AF%E8%B3%BA-090959046.html?bcmt=1,Yahoo奇摩股市,定期定額買了19張0050，股息沒賺到還倒賠...歷史經驗：「這9年」買進放到現在都是賺 - Yahoo奇摩股市,0.0
2022-07-11 07:00:00,0050,https://tw.stock.yahoo.com/news/0050%E5%8F%8A00757%E4%BA%8C%E6%AA%94%E5%8F%B0%E7%BE%8Eetf-%E5%B0%8F%E8%B3%87%E9%9B%B6%E8%82%A1%E6%9C%80%E6%84%9B-045231703.html,Yahoo奇摩股市,0050及00757二檔台美ETF 小資零股最愛 - Yahoo奇摩股市,0.0
2022-07-12 05:25:32,0050,https://tw.stock.yahoo.com/news/0050%E5%8F%8A00757%E4%BA%8C%E6%AA%94%E5%8F%B0%E7%BE%8Eetf-%E5%B0%8F%E8%B3%87%E9%9B%B6%E8%82%A1%E6%9C%80%E6%84%9B-045231703.html?bcmt=1,Yahoo奇摩股市,0050及00757二檔台美ETF 小資零股最愛 - Yahoo奇摩股市,0.0
2022-07-13 02:37:20,0050,https://tw.stock.yahoo.com/news/0050-%E3%80%81-006208-%E7%AD%89-5-%E6%AA%94etf%E5%B0%87%E9%99%A4%E6%81%AF-715-%E5%89%8D%E8%B2%B7%E9%80%B2%E9%83%BD%E5%8F%AF%E8%B3%BA%EF%BC%81-021629731.html,Yahoo奇摩股市,0050、006208等5檔ETF將除息 7/15前買進都可參與 - Yahoo奇摩股市,0.0
2022-07-14 07:00:00,0050,https://tw.stock.yahoo.com/news/6%E6%9C%88%E5%AE%9A%E6%9C%9F%E5%AE%9A%E9%A1%8D%E4%BA%A4%E6%98%93%E6%88%B6%E6%95%B8%E7%B5%B1%E8%A8%88%E5%87%BA%E7%88%90-0050%E4%BA%BA%E6%B0%A3%E6%97%BA-%E5%8F%B0%E7%A9%8D%E9%9B%BB%E5%86%8D%E5%A5%AA%E5%80%8B%E8%82%A1%E6%A6%9C%E9%A6%96-201000711.html,Yahoo奇摩股市,6月定期定額交易戶數統計出爐 0050人氣旺 台積電再奪個股榜首 - Yahoo奇摩股市,0.2
2022-07-14 07:00:00,0050,https://tw.stock.yahoo.com/news/%E5%85%83%E5%A4%A7%E5%8F%B0%E7%81%A350%E4%BA%A4%E6%98%93%E7%86%B1%E5%BA%A6%E8%A1%9D%E9%AB%98-18%E6%97%A5%E9%99%A4%E6%81%AF1-8%E5%85%83-114449631.html,Yahoo奇摩股市,元大台灣50交易熱度衝高 18日除息1.8元 - Yahoo奇摩股市,0.2
2022-07-14 07:00:00,0050,https://tw.stock.yahoo.com/news/0050%E4%B8%8A%E5%8D%8A%E5%B9%B4%E8%82%A1%E6%9D%B1%E5%A2%9E%E6%95%B8%E8%B6%85%E8%BB%8A%E5%8E%BB%E5%B9%B4%E5%85%A8%E5%B9%B4-%E4%BB%8A%E5%B9%B4%E6%88%90%E4%BA%A4%E5%B1%85etf%E4%B9%8B%E5%86%A0-024519903.html,Yahoo奇摩股市,0050上半年股東增數超車去年全年 今年成交居ETF之冠 - Yahoo奇摩股市,0.0
2022-07-14 07:00:00,0050,https://news.google.com/rss/articles/CBMitQFodHRwczovL3R3LnN0b2NrLnlhaG9vLmNvbS9uZXdzLyVFNSU4NSU4MyVFNSVBNCVBNyVFNSU4RiVCMCVFNyU4MSVBMzUwJUU0JUJBJUE0JUU2JTk4JTkzJUU3JTg2JUIxJUU1JUJBJUE2JUU4JUExJTlEJUU5JUFCJTk4LTE4JUU2JTk3JUE1JUU5JTk5JUE0JUU2JTgxJUFGMS04JUU1JTg1JTgzLTExNDQ0OTYzMS5odG1s0gEA?oc=5,Yahoo奇摩股市,元大台灣50交易熱度衝高18日除息1.8元 - Yahoo奇摩股市,0.3
2022-07-14 09:49:28,0050,https://tw.stock.yahoo.com/news/0050%E9%85%8D%E6%81%AF1-8%E5%85%83%E6%98%8E%E6%9C%80%E5%BE%8C%E8%B2%B7%E9%80%B2%E6%97%A5-%E6%AE%BA%E5%88%B010%E5%B9%B4%E7%B7%9A%E5%8F%AFall-%E8%82%A1%E6%B5%B7%E8%80%81%E6%B1%9F%E6%B9%96-%E5%9C%A8%E9%80%99%E8%B2%B7-094928741.html,Yahoo奇摩股市,0050配息1.8元明最後買進日！殺到10年線可All in？股海老江湖：在這買「勝率極大」 - Yahoo奇摩股市,0.0
2022-07-14 20:10:00,0050,https://tw.stock.yahoo.com/news/6%E6%9C%88%E5%AE%9A%E6%9C%9F%E5%AE%9A%E9%A1%8D%E4%BA%A4%E6%98%93%E6%88%B6%E6%95%B8%E7%B5%B1%E8%A8%88%E5%87%BA%E7%88%90-0050%E4%BA%BA%E6%B0%A3%E6%97%BA-%E5%8F%B0%E7%A9%8D%E9%9B%BB%E5%86%8D%E5%A5%AA%E5%80%8B%E8%82%A1%E6%A6%9C%E9%A6%96-201000711.html,Yahoo奇摩股市,6月定期定額交易戶數統計出爐 0050人氣旺 台積電再奪個股榜首 - Yahoo奇摩股市,0.2
2022-07-15 02:45:19,0050,https://m.cnyes.com/news/id/4915350,Anue鉅亨,0050上半年股東增數超車去年全年今年成交居ETF之冠| Anue鉅亨- 台股新聞 - Anue鉅亨,0.0
2022-07-15 07:00:00,0050,https://ctee.com.tw/news/stocks/679236.html,工商時報,郭哲榮加碼千萬買0050 高喊從虧轉盈了！ - 工商時報,0.2
2022-07-17 07:00:00,0050,https://tw.stock.yahoo.com/news/0050-%E4%BB%8A%E9%99%A4%E6%81%AF%EF%BC%81-571-%E8%90%AC%E5%90%8D%E8%82%A1%E6%9D%B1%E9%97%9C%E6%B3%A8-%E6%97%A9%E7%9B%A4%E5%A1%AB%E6%81%AF-6-%E6%88%90-013110282.html,Yahoo奇摩股市,0050今除息！57.1萬名股東關注 早盤填息6成 - Yahoo奇摩股市,0.0
2022-07-17 07:00:00,0050,https://news.google.com/__i/rss/rd/articles/CBMixAFodHRwczovL3R3LnN0b2NrLnlhaG9vLmNvbS9uZXdzLzAwNTAtJUU0JUJCJThBJUU5JTk5JUE0JUU2JTgxJUFGJUVGJUJDJTgxLTU3MS0lRTglOTAlQUMlRTUlOTAlOEQlRTglODIlQTElRTYlOUQlQjElRTklOTclOUMlRTYlQjMlQTgtJUU2JTk3JUE5JUU3JTlCJUE0JUU1JUExJUFCJUU2JTgxJUFGLTYtJUU2JTg4JTkwLTAxMzExMDI4Mi5odG1s0gEA?oc=5,Yahoo奇摩股市,0050今除息！57.1萬名股東關注早盤填息6成 - Yahoo奇摩股市,0.0
2022-07-18 07:00:00,0050,https://tw.stock.yahoo.com/news/%E7%BE%8E%E5%82%B3%E5%B0%87%E5%86%8D%E5%8D%87%E6%81%AF4%E7%A2%BC-%E5%A4%96%E8%B3%87%E5%9B%9E%E8%A3%9C4%E6%AA%94%E9%87%91%E8%9E%8D%E8%82%A1-%E5%A4%A7%E8%B3%A30050%E5%B1%85%E5%86%A0-104747935.html,Yahoo奇摩股市,美傳將再升息4碼 外資回補4檔金融股 大賣0050居冠 - Yahoo奇摩股市,-0.8
2022-07-18 07:00:00,0050,https://news.google.com/__i/rss/rd/articles/CBMilwFodHRwczovL3R3LnN0b2NrLnlhaG9vLmNvbS9uZXdzLyVFNyU4NCVBMSVFNiU5NSVCNSVFNSVBNSVCRCVFOCU4MiVBMSVFNyVBNSVBODAwNTAtJUU3JThGJUJFJUU1JTlDJUE4JUU5JTgyJTg0JUU4JTgzJUJEJUU4JUIyJUI3JUU5JTgwJUIyLTAyMDczMjg3NS5odG1s0gGfAWh0dHBzOi8vdHcuc3RvY2sueWFob28uY29tL2FtcGh0bWwvbmV3cy8lRTclODQlQTElRTYlOTUlQjUlRTUlQTUlQkQlRTglODIlQTElRTclQTUlQTgwMDUwLSVFNyU4RiVCRSVFNSU5QyVBOCVFOSU4MiU4NCVFOCU4MyVCRCVFOCVCMiVCNyVFOSU4MCVCMi0wMjA3MzI4NzUuaHRtbA?oc=5,Yahoo奇摩股市,無敵好股票0050 現在還能買進？ - Yahoo奇摩股市,0.0
2022-07-18 10:47:47,0050,https://news.cnyes.com/news/id/4916621,Anue鉅亨,美傳將再升息4碼外資回補4檔金融股大賣0050居冠| Anue鉅亨- 台股新聞 - Anue鉅亨,0.6
2022-07-18 10:47:47,0050,https://tw.stock.yahoo.com/news/%E7%BE%8E%E5%82%B3%E5%B0%87%E5%86%8D%E5%8D%87%E6%81%AF4%E7%A2%BC-%E5%A4%96%E8%B3%87%E5%9B%9E%E8%A3%9C4%E6%AA%94%E9%87%91%E8%9E%8D%E8%82%A1-%E5%A4%A7%E8%B3%A30050%E5%B1%85%E5%86%A0-104747935.html,Yahoo奇摩股市,美傳將再升息4碼 外資回補4檔金融股 大賣0050居冠 - Yahoo奇摩股市,-0.8
2022-07-20 04:01:30,0050,https://ctee.com.tw/news/stocks/681785.html,工商時報,台股「權」力反彈0050填息僅花3交易日 - 工商時報,0.2
2022-07-20 07:00:00,0050,https://m.cnyes.com/news/id/4917678,Anue鉅亨,0050三天火速填息57萬股民股息價差兩頭賺| Anue鉅亨- 台股新聞 - Anue鉅亨,0.0
2022-07-20 07:00:00,0050,https://ctee.com.tw/news/stocks/681785.html,工商時報,台股「權」力反彈0050填息僅花3交易日 - 工商時報,0.2
2022-07-20 07:00:00,0050,https://m.cnyes.com/news/id/4917678,Anue鉅亨,0050三天火速填息 57萬股民股息價差兩頭賺 - Anue鉅亨,0.0
2022-07-23 15:07:13,0050,https://money.udn.com/money/story/5618/6483211?from=edn_subcatelist_cate,經濟日報,元大台灣50 伺機布局 - 經濟日報,0.2
2022-07-27 03:00:38,0050,https://money.udn.com/money/story/5607/6491187?from=edn_subcatelist_cate,經濟日報,填息題材加持 國民ETF 0050買點浮現 - 經濟日報,0.0
2022-07-27 03:50:37,0050,https://money.udn.com/money/story/5618/6491446?from=edn_newest_index,經濟日報,填息題材加持 投信：0050買點浮現 - 經濟日報,0.2
2022-07-27 07:00:00,0050,https://money.udn.com/money/story/5607/6491187?from=edn_related_storybottom,經濟日報,填息題材加持 國民ETF 0050買點浮現 - 經濟日報,0.0
2022-07-27 14:16:01,0050,https://money.udn.com/money/story/5618/6493197,經濟日報,元大台灣50 三天填息 - 經濟日報,0.2
2022-07-30 15:11:07,0050,https://news.google.com/__i/rss/rd/articles/CBMiLmh0dHBzOi8vbW9uZXkudWRuLmNvbS9tb25leS9zdG9yeS81NjE4LzY1MDAyMjXSATJodHRwczovL21vbmV5LnVkbi5jb20vbW9uZXkvYW1wL3N0b3J5LzU2MTgvNjUwMDIyNQ?oc=5,經濟日報,元大台灣50 後市可期 - 經濟日報,0.2
2022-08-01 05:11:00,0050,https://money.udn.com/money/story/122232/6500225,經濟日報,元大台灣50 後市可期 - 經濟日報,0.2
2022-08-14 07:00:00,0050,https://money.udn.com/money/story/122231/6536884,經濟日報,0050、鴻海 四檔活跳跳 - 經濟日報,0.0
2022-08-14 14:56:21,0050,https://money.udn.com/money/story/5739/6536884,經濟日報,0050、鴻海 四檔活跳跳 - 經濟日報,0.0
2022-09-01 15:14:13,0050,https://money.udn.com/money/story/122231/6582305,經濟日報,0050、鴻海 押長天期 - 經濟日報,0.0
2022-09-02 07:00:00,0050,https://news.cnyes.com/news/id/4945376,Anue鉅亨,0050、0056股東注意！台灣50成分股新增永豐金、刪力積電 - Anue鉅亨,0.2
2022-09-02 07:00:00,0050,https://m.cnyes.com/news/id/4945376,Anue鉅亨,0050、0056股東注意！台灣50成分股新增永豐金、刪力積電| Anue鉅亨- 台股新聞 - Anue鉅亨,0.2
2022-09-02 07:00:00,0050,https://money.udn.com/money/story/5607/6584276?from=ddd-umaylikenews_money_index,經濟日報,百萬股東看過來！0050、0056追蹤指數季度調整出爐 - 經濟日報,0.0
2022-09-02 07:00:00,0050,https://news.google.com/rss/articles/CBMiJmh0dHBzOi8vbmV3cy5jbnllcy5jb20vbmV3cy9pZC80OTQ1Mzc20gEA?oc=5,Anue鉅亨,0050、0056股東注意！台灣50成分股新增永豐金、刪力積電| Anue鉅 ... - Anue鉅亨,0.0
2022-09-02 09:20:45,0050,https://money.udn.com/money/story/5607/6584276?from=edn_hottest_index,經濟日報,百萬股東看過來！0050、0056追蹤指數季度調整出爐 - 經濟日報,0.0
2022-09-02 11:30:50,0050,https://news.cnyes.com/news/id/4945376,Anue鉅亨,0050、0056股東注意！台灣50成分股新增永豐金、刪力積電 - Anue鉅亨,0.2
2022-09-03 07:00:00,0050,https://tw.stock.yahoo.com/news/%E9%87%91%E8%9E%8D-%E7%B8%BE%E6%95%88%E8%B7%91%E8%B4%8F0050-0056-10%E6%AA%94%E8%82%A1%E7%A5%A8etf%E8%BA%8D%E6%98%8E%E6%97%A5%E4%B9%8B%E6%98%9F-035902285.html,Yahoo奇摩股市,《金融》績效跑贏0050、0056 10檔股票ETF躍明日之星 - Yahoo奇摩股市,0.0
2022-09-03 15:04:36,0050,https://money.udn.com/money/story/5618/6586612,經濟日報,元大台灣50 短線有壓 - 經濟日報,-0.2
2022-09-03 20:10:00,0050,https://tw.stock.yahoo.com/news/%E7%B8%BE%E6%95%88%E8%B7%91%E8%B4%8F0050-0056-10%E6%AA%94%E8%82%A1%E7%A5%A8etf%E8%BA%8D%E6%98%8E%E6%97%A5%E4%B9%8B%E6%98%9F-201000621.html?bcmt=1,Yahoo奇摩股市,績效跑贏0050、0056 10檔股票ETF躍明日之星 - Yahoo奇摩股市,0.0
2022-09-04 04:06:05,0050,https://tw.stock.yahoo.com/news/%E9%87%91%E8%9E%8D-%E7%B8%BE%E6%95%88%E8%B7%91%E8%B4%8F0050-0056-10%E6%AA%94%E8%82%A1%E7%A5%A8etf%E8%BA%8D%E6%98%8E%E6%97%A5%E4%B9%8B%E6%98%9F-035902285.html,Yahoo奇摩股市,《金融》績效跑贏0050、0056 10檔股票ETF躍明日之星 - Yahoo奇摩股市,0.0
2022-09-04 07:00:00,0050,https://tw.stock.yahoo.com/news/%E9%80%A2%E4%BD%8E%E5%8A%A0%E7%A2%BC%EF%BC%81-00878-%E5%96%AE%E5%91%A8%E5%A2%9E%E8%BF%91-2-%E8%90%AC%E5%8F%97%E7%9B%8A%E4%BA%BA-0050-%E3%80%81-0056-%E7%BA%8C%E5%88%B7%E6%96%B0%E9%AB%98-020820778.html,Yahoo奇摩股市,逢低加碼！00878單周增近2萬受益人 0050、0056續刷新高 - Yahoo奇摩股市,0.3
2022-09-04 07:00:00,0050,https://tw.stock.yahoo.com/news/%E5%8F%B0%E5%8C%97%E8%82%A1%E5%B8%82-0050%E7%B4%8D%E6%B0%B8%E8%B1%90%E9%87%91-%E5%88%AA%E5%8A%9B%E7%A9%8D%E9%9B%BB-234739013.html,Yahoo奇摩股市,《台北股市》0050納永豐金、刪力積電 - Yahoo奇摩股市,0.2
2022-09-04 16:50:00,0050,https://ctee.com.tw/news/fund/710446.html,工商時報,0050納永豐金、刪力積電 - 工商時報,0.0
2022-09-04 23:47:39,0050,https://tw.stock.yahoo.com/news/%E5%8F%B0%E5%8C%97%E8%82%A1%E5%B8%82-0050%E7%B4%8D%E6%B0%B8%E8%B1%90%E9%87%91-%E5%88%AA%E5%8A%9B%E7%A9%8D%E9%9B%BB-234739013.html,Yahoo奇摩股市,《台北股市》0050納永豐金、刪力積電 - Yahoo奇摩股市,0.2
2022-09-05 02:25:07,0050,https://tw.stock.yahoo.com/news/%E9%80%A2%E4%BD%8E%E5%8A%A0%E7%A2%BC%EF%BC%81-00878-%E5%96%AE%E5%91%A8%E5%A2%9E%E8%BF%91-2-%E8%90%AC%E5%8F%97%E7%9B%8A%E4%BA%BA-0050-%E3%80%81-0056-%E7%BA%8C%E5%88%B7%E6%96%B0%E9%AB%98-020820778.html,Yahoo奇摩股市,逢低加碼！00878單周增近2萬受益人 0050、0056續刷新高 - Yahoo奇摩股市,0.3
2022-09-05 07:00:00,0050,https://ctee.com.tw/news/fund/710446.html,工商時報,0050納永豐金、刪力積電 - 工商時報,0.0
2022-09-09 03:22:30,0050,https://money.udn.com/money/story/5618/6603147?from=edn_subcatelist_cate,經濟日報,元大台灣50 伺機進場 - 經濟日報,0.2
2022-09-14 14:57:24,0050,https://money.udn.com/money/story/122231/6612725,經濟日報,0050 兩檔活跳跳 - 經濟日報,0.0
2022-09-21 07:00:00,0050,https://tw.stock.yahoo.com/news/%E5%8F%B0%E8%82%A1%E9%87%8D%E6%8C%AB%E6%80%A5%E6%B1%82%E9%81%BF%E9%9A%AA%EF%BC%81-%E5%85%83%E5%A4%A7%E5%8F%B0%E7%81%A3-50-%E5%8F%8D-1-%E7%88%86%E9%80%BE-16-%E8%90%AC%E5%BC%B5%E5%A4%A7%E9%87%8F-021450200.html,Yahoo奇摩股市,台股重挫急求避險！ 元大台灣50反1爆逾16萬張大量 - Yahoo奇摩股市,-0.8
2022-09-25 07:00:00,0050,https://tw.stock.yahoo.com/news/0050-%E6%8A%95%E8%B3%87%E4%BA%BA%E9%80%BE-60-%E8%90%AC%E5%86%8D%E5%88%B7%E6%96%B0%E9%AB%98-00878-%E5%96%AE%E5%91%A8%E5%A2%9E-13-%E8%90%AC%E4%BA%BA-041154471.html,Yahoo奇摩股市,勇敢加碼！0050投資人逾60萬再刷新高 00878單周增1.3萬人 - Yahoo奇摩股市,0.0
2022-09-25 07:00:00,0050,https://news.google.com/__i/rss/rd/articles/CBMiwQFodHRwczovL3R3LnN0b2NrLnlhaG9vLmNvbS9uZXdzLzAwNTAtJUU2JThBJTk1JUU4JUIzJTg3JUU0JUJBJUJBJUU5JTgwJUJFLTYwLSVFOCU5MCVBQyVFNSU4NiU4RCVFNSU4OCVCNyVFNiU5NiVCMCVFOSVBQiU5OC0wMDg3OC0lRTUlOTYlQUUlRTUlOTElQTglRTUlQTIlOUUtMTMtJUU4JTkwJUFDJUU0JUJBJUJBLTA0MTE1NDQ3MS5odG1s0gEA?oc=5,Yahoo奇摩股市,勇敢加碼！0050投資人逾60萬再刷新高00878單周增1.3萬人 - Yahoo奇摩股市,0.0
2022-09-26 04:20:21,0050,https://tw.stock.yahoo.com/news/0050-%E6%8A%95%E8%B3%87%E4%BA%BA%E9%80%BE-60-%E8%90%AC%E5%86%8D%E5%88%B7%E6%96%B0%E9%AB%98-00878-%E5%96%AE%E5%91%A8%E5%A2%9E-13-%E8%90%AC%E4%BA%BA-041154471.html,Yahoo奇摩股市,勇敢加碼！0050投資人逾60萬再刷新高 00878單周增1.3萬人 - Yahoo奇摩股市,0.0
2022-09-26 05:15:00,0050,https://tw.stock.yahoo.com/news/0050-%E6%8A%95%E8%B3%87%E4%BA%BA%E9%80%BE-60-%E8%90%AC%E5%86%8D%E5%88%B7%E6%96%B0%E9%AB%98-00878-%E5%96%AE%E5%91%A8%E5%A2%9E-13-%E8%90%AC%E4%BA%BA-041154471.html,Yahoo奇摩股市,勇敢加碼！0050投資人逾60萬再刷新高 00878單周增1.3萬人 - Yahoo奇摩股市,0.0
2022-09-26 05:37:30,0050,https://tw.stock.yahoo.com/news/0050-%E6%8A%95%E8%B3%87%E4%BA%BA%E9%80%BE-60-%E8%90%AC%E5%86%8D%E5%88%B7%E6%96%B0%E9%AB%98-00878-%E5%96%AE%E5%91%A8%E5%A2%9E-13-%E8%90%AC%E4%BA%BA-041154471.html,Yahoo奇摩股市,勇敢加碼！0050投資人逾60萬再刷新高 00878單周增1.3萬人 - Yahoo奇摩股市,0.0
2022-09-26 06:56:15,0050,https://tw.stock.yahoo.com/news/0050-%E6%8A%95%E8%B3%87%E4%BA%BA%E9%80%BE-60-%E8%90%AC%E5%86%8D%E5%88%B7%E6%96%B0%E9%AB%98-00878-%E5%96%AE%E5%91%A8%E5%A2%9E-13-%E8%90%AC%E4%BA%BA-041154471.html,Yahoo奇摩股市,勇敢加碼！0050投資人逾60萬再刷新高 00878單周增1.3萬人 - Yahoo奇摩股市,0.0
2022-09-26 07:00:00,0050,https://m.cnyes.com/news/id/4963687,Anue鉅亨,外資續砍台灣50、金控股連29賣0050達12.5萬張| Anue鉅亨- 台股新聞 - Anue鉅亨,-0.8
2022-09-26 07:00:00,0050,https://tw.stock.yahoo.com/news/%E5%A4%96%E8%B3%87%E7%BA%8C%E7%A0%8D%E5%8F%B0%E7%81%A350-%E9%87%91%E6%8E%A7%E8%82%A1-%E9%80%A329%E8%B3%A30050%E9%81%9412-5%E8%90%AC%E5%BC%B5-102753539.html,Yahoo奇摩股市,外資續砍台灣50、金控股 連29賣0050達12.5萬張 - Yahoo奇摩股市,-0.8
2022-09-26 07:00:00,0050,https://news.google.com/__i/rss/rd/articles/CBMiwQFodHRwczovL3R3LnN0b2NrLnlhaG9vLmNvbS9uZXdzLzAwNTAtJUU2JThBJTk1JUU4JUIzJTg3JUU0JUJBJUJBJUU5JTgwJUJFLTYwLSVFOCU5MCVBQyVFNSU4NiU4RCVFNSU4OCVCNyVFNiU5NiVCMCVFOSVBQiU5OC0wMDg3OC0lRTUlOTYlQUUlRTUlOTElQTglRTUlQTIlOUUtMTMtJUU4JTkwJUFDJUU0JUJBJUJBLTA0MTE1NDQ3MS5odG1s0gHJAWh0dHBzOi8vdHcuc3RvY2sueWFob28uY29tL2FtcGh0bWwvbmV3cy8wMDUwLSVFNiU4QSU5NSVFOCVCMyU4NyVFNCVCQSVCQSVFOSU4MCVCRS02MC0lRTglOTAlQUMlRTUlODYlOEQlRTUlODglQjclRTYlOTYlQjAlRTklQUIlOTgtMDA4NzgtJUU1JTk2JUFFJUU1JTkxJUE4JUU1JUEyJTlFLTEzLSVFOCU5MCVBQyVFNCVCQSVCQS0wNDExNTQ0NzEuaHRtbA?oc=5,Yahoo奇摩股市,勇敢加碼！0050投資人逾60萬再刷新高 00878單周增1.3萬人 - Yahoo奇摩股市,0.0
2022-09-26 08:15:00,0050,https://tw.stock.yahoo.com/news/0050-%E6%8A%95%E8%B3%87%E4%BA%BA%E9%80%BE-60-%E8%90%AC%E5%86%8D%E5%88%B7%E6%96%B0%E9%AB%98-00878-%E5%96%AE%E5%91%A8%E5%A2%9E-13-%E8%90%AC%E4%BA%BA-041154471.html,Yahoo奇摩股市,勇敢加碼！0050投資人逾60萬再刷新高 00878單周增1.3萬人 - Yahoo奇摩股市,0.0
2022-09-26 08:26:15,0050,https://tw.stock.yahoo.com/news/0050-%E6%8A%95%E8%B3%87%E4%BA%BA%E9%80%BE-60-%E8%90%AC%E5%86%8D%E5%88%B7%E6%96%B0%E9%AB%98-00878-%E5%96%AE%E5%91%A8%E5%A2%9E-13-%E8%90%AC%E4%BA%BA-041154471.html,Yahoo奇摩股市,勇敢加碼！0050投資人逾60萬再刷新高 00878單周增1.3萬人 - Yahoo奇摩股市,0.0
2022-09-26 08:28:05,0050,https://tw.stock.yahoo.com/news/0050-%E6%8A%95%E8%B3%87%E4%BA%BA%E9%80%BE-60-%E8%90%AC%E5%86%8D%E5%88%B7%E6%96%B0%E9%AB%98-00878-%E5%96%AE%E5%91%A8%E5%A2%9E-13-%E8%90%AC%E4%BA%BA-041154471.html,Yahoo奇摩股市,勇敢加碼！0050投資人逾60萬再刷新高 00878單周增1.3萬人 - Yahoo奇摩股市,0.0
2022-09-26 10:27:53,0050,https://news.cnyes.com/news/id/4963687,Anue鉅亨,外資續砍台灣50、金控股連29賣0050達12.5萬張| Anue鉅亨- 台股新聞 - Anue鉅亨,-0.8
2022-09-29 02:12:00,0050,https://money.udn.com/money/story/5618/6655103,經濟日報,元大台灣50 逢低買進 - 經濟日報,0.2
2022-10-01 07:00:00,0050,https://money.udn.com/money/story/5618/6655103?from=edn_newestlist_cate_side,經濟日報,元大台灣50 逢低買進 - 經濟日報,0.2
2022-10-01 14:42:13,0050,https://money.udn.com/money/story/5618/6655103?from=edn_newestlist_cate_side,經濟日報,元大台灣50 逢低買進 - 經濟日報,0.2
2022-10-03 07:00:00,0050,https://news.google.com/__i/rss/rd/articles/CBMi2gFodHRwczovL3R3LnN0b2NrLnlhaG9vLmNvbS9uZXdzLyVFMyU4MCU5MC15YWhvbyVFNSVCMCU4OCVFOCVBOCVBQSVFMyU4MCU5MS1ldC1mJUU2JTk1JTk5JUU3JTg4JUI2JUU1JThBJTg5JUU1JUFFJTk3JUU4JTgxJTk2JUU4JUFCJTg3LTAwNTAtJUU2JTg4JTkwJUU1JThBJTlGLSVFNiU5QiU5RCVFNiU4QSU5NSVFOCVCMyU4NyVFNSVCRiU4MyVFNiVCMyU5NS0wMjA1MzI0NzIuaHRtbNIBAA?oc=5,Yahoo奇摩股市,【Yahoo專訪】ETF教父劉宗聖談0050成功投資心法僅「穩、好、久」3金字 - Yahoo奇摩股市,0.0
2022-10-03 07:00:00,0050,https://news.google.com/__i/rss/rd/articles/CBMi2gFodHRwczovL3R3LnN0b2NrLnlhaG9vLmNvbS9uZXdzLyVFMyU4MCU5MC15YWhvbyVFNSVCMCU4OCVFOCVBOCVBQSVFMyU4MCU5MS1ldC1mJUU2JTk1JTk5JUU3JTg4JUI2JUU1JThBJTg5JUU1JUFFJTk3JUU4JTgxJTk2JUU4JUFCJTg3LTAwNTAtJUU2JTg4JTkwJUU1JThBJTlGLSVFNiU5QiU5RCVFNiU4QSU5NSVFOCVCMyU4NyVFNSVCRiU4MyVFNiVCMyU5NS0wMjA1MzI0NzIuaHRtbNIBAA?oc=5,Yahoo奇摩股市,【Yahoo專訪】ETF教父劉宗聖談0050成功投資心法僅「穩、好、久 ... - Yahoo奇摩股市,0.0
2022-10-03 07:00:00,0050,https://news.google.com/rss/articles/CBMi2gFodHRwczovL3R3LnN0b2NrLnlhaG9vLmNvbS9uZXdzLyVFMyU4MCU5MC15YWhvbyVFNSVCMCU4OCVFOCVBOCVBQSVFMyU4MCU5MS1ldC1mJUU2JTk1JTk5JUU3JTg4JUI2JUU1JThBJTg5JUU1JUFFJTk3JUU4JTgxJTk2JUU4JUFCJTg3LTAwNTAtJUU2JTg4JTkwJUU1JThBJTlGLSVFNiU5QiU5RCVFNiU4QSU5NSVFOCVCMyU4NyVFNSVCRiU4MyVFNiVCMyU5NS0wMjA1MzI0NzIuaHRtbNIB4gFodHRwczovL3R3LnN0b2NrLnlhaG9vLmNvbS9hbXBodG1sL25ld3MvJUUzJTgwJTkwLXlhaG9vJUU1JUIwJTg4JUU4JUE4JUFBJUUzJTgwJTkxLWV0LWYlRTYlOTUlOTklRTclODglQjYlRTUlOEElODklRTUlQUUlOTclRTglODElOTYlRTglQUIlODctMDA1MC0lRTYlODglOTAlRTUlOEElOUYtJUU2JTlCJTlEJUU2JThBJTk1JUU4JUIzJTg3JUU1JUJGJTgzJUU2JUIzJTk1LTAyMDUzMjQ3Mi5odG1s?oc=5,Yahoo奇摩股市,【Yahoo專訪】ETF教父劉宗聖談0050成功 投資心法僅「穩、好、久」3金字 - Yahoo奇摩股市,0.0
2022-10-04 02:15:00,0050,https://tw.stock.yahoo.com/news/%E3%80%90-yahoo%E5%B0%88%E8%A8%AA%E3%80%91-et-f%E6%95%99%E7%88%B6%E5%8A%89%E5%AE%97%E8%81%96%E8%AB%87-0050-%E6%88%90%E5%8A%9F-%E6%9B%9D%E6%8A%95%E8%B3%87%E5%BF%83%E6%B3%95-020532472.html,Yahoo奇摩股市,【Yahoo專訪】ETF教父劉宗聖談0050成功 投資心法僅「穩、好、久」3金字 - Yahoo奇摩股市,0.0
2022-10-04 03:03:08,0050,https://tw.stock.yahoo.com/news/%E3%80%90-yahoo%E5%B0%88%E8%A8%AA%E3%80%91-et-f%E6%95%99%E7%88%B6%E5%8A%89%E5%AE%97%E8%81%96%E8%AB%87-0050-%E6%88%90%E5%8A%9F-%E6%9B%9D%E6%8A%95%E8%B3%87%E5%BF%83%E6%B3%95-020532472.html,Yahoo奇摩股市,【Yahoo專訪】ETF教父劉宗聖談0050成功 投資心法僅「穩、好、久」3金字 - Yahoo奇摩股市,0.0
2022-10-04 03:40:14,0050,https://tw.stock.yahoo.com/news/%E3%80%90-yahoo%E5%B0%88%E8%A8%AA%E3%80%91-et-f%E6%95%99%E7%88%B6%E5%8A%89%E5%AE%97%E8%81%96%E8%AB%87-0050-%E6%88%90%E5%8A%9F-%E6%9B%9D%E6%8A%95%E8%B3%87%E5%BF%83%E6%B3%95-020532472.html,Yahoo奇摩股市,【Yahoo專訪】ETF教父劉宗聖談0050成功 投資心法僅「穩、好、久」3金字 - Yahoo奇摩股市,0.0
2022-10-04 07:00:00,0050,https://money.udn.com/money/story/12040/6662217,經濟日報,只知道0050、0056？不要單戀大型股ETF - 經濟日報,0.0
2022-10-04 13:26:04,0050,https://money.udn.com/money/story/12040/6662217,經濟日報,只知道0050、0056？不要單戀大型股ETF - 經濟日報,0.0
2022-10-04 13:26:04,0050,https://money.udn.com/money/story/12040/6662217,經濟日報,只知道0050、0056？不要單戀大型股ETF | 個人理財| 理財| 經濟日報 - 經濟日報,0.0
2022-10-07 02:11:00,0050,https://tw.stock.yahoo.com/news/%E4%BB%96%E8%B2%B70050%E5%85%A8%E5%A5%97%E7%89%A2%E6%85%98%E8%B3%A0%E7%99%BE%E8%90%AC-%E7%B6%B21%E5%8E%9F%E5%9B%A0%E5%8F%8D%E5%8B%B8-%E6%92%90%E4%B8%8B%E5%8E%BB-015900664.html?bcmt=1,Yahoo奇摩股市,他買0050全套牢慘賠百萬！網1原因反勸：撐下去 - Yahoo奇摩股市,0.0
2022-10-08 15:14:09,0050,https://money.udn.com/money/story/5618/6672525,經濟日報,元大台灣50 酌量配置 - 經濟日報,0.0
2022-10-10 07:00:00,0050,https://news.google.com/__i/rss/rd/articles/CBMi1wFodHRwczovL3R3LnN0b2NrLnlhaG9vLmNvbS9uZXdzLyVFNSU4RiVCMCVFNSU4QyU5NyVFOCU4MiVBMSVFNSVCOCU4Mi0wMDUwJUU5JTlEJUEyJUU4JTg3JUE4JUU3JTk5JUJFJUU1JTg1JTgzJUU0JUJGJTlEJUU4JUExJTlCJUU2JTg4JUIwLSVFNSVBNyU5MCVFNSVBNiVCOSVFOCU4MiVBMSVFNyVBQiU4NCVFNCVCQSVCQSVFNiVCMCVBMyVFNyU4RSU4Qi0wNTU4MTcwNzQuaHRtbNIB3wFodHRwczovL3R3LnN0b2NrLnlhaG9vLmNvbS9hbXBodG1sL25ld3MvJUU1JThGJUIwJUU1JThDJTk3JUU4JTgyJUExJUU1JUI4JTgyLTAwNTAlRTklOUQlQTIlRTglODclQTglRTclOTklQkUlRTUlODUlODMlRTQlQkYlOUQlRTglQTElOUIlRTYlODglQjAtJUU1JUE3JTkwJUU1JUE2JUI5JUU4JTgyJUExJUU3JUFCJTg0JUU0JUJBJUJBJUU2JUIwJUEzJUU3JThFJThCLTA1NTgxNzA3NC5odG1s?oc=5,Yahoo奇摩股市,《台北股市》0050面臨百元保衛戰 姐妹股竄人氣王 - Yahoo奇摩股市,-0.2
2022-10-10 07:00:00,0050,https://news.google.com/rss/articles/CBMi1wFodHRwczovL3R3LnN0b2NrLnlhaG9vLmNvbS9uZXdzLyVFNSU4RiVCMCVFNSU4QyU5NyVFOCU4MiVBMSVFNSVCOCU4Mi0wMDUwJUU5JTlEJUEyJUU4JTg3JUE4JUU3JTk5JUJFJUU1JTg1JTgzJUU0JUJGJTlEJUU4JUExJTlCJUU2JTg4JUIwLSVFNSVBNyU5MCVFNSVBNiVCOSVFOCU4MiVBMSVFNyVBQiU4NCVFNCVCQSVCQSVFNiVCMCVBMyVFNyU4RSU4Qi0wNTU4MTcwNzQuaHRtbNIBAA?oc=5,Yahoo奇摩股市,《台北股市》0050面臨百元保衛戰姐妹股竄人氣王 - Yahoo奇摩股市,0.2
2022-10-11 06:15:10,0050,https://tw.stock.yahoo.com/news/%E5%8F%B0%E5%8C%97%E8%82%A1%E5%B8%82-0050%E9%9D%A2%E8%87%A8%E7%99%BE%E5%85%83%E4%BF%9D%E8%A1%9B%E6%88%B0-%E5%A7%90%E5%A6%B9%E8%82%A1%E7%AB%84%E4%BA%BA%E6%B0%A3%E7%8E%8B-055817074.html,Yahoo奇摩股市,《台北股市》0050面臨百元保衛戰 姐妹股竄人氣王 - Yahoo奇摩股市,-0.2
2022-10-11 06:15:41,0050,https://tw.stock.yahoo.com/news/%E5%8F%B0%E5%8C%97%E8%82%A1%E5%B8%82-0050%E9%9D%A2%E8%87%A8%E7%99%BE%E5%85%83%E4%BF%9D%E8%A1%9B%E6%88%B0-%E5%A7%90%E5%A6%B9%E8%82%A1%E7%AB%84%E4%BA%BA%E6%B0%A3%E7%8E%8B-055817074.html,Yahoo奇摩股市,《台北股市》0050面臨百元保衛戰 姐妹股竄人氣王 - Yahoo奇摩股市,-0.2
2022-10-11 06:27:51,0050,https://ctee.com.tw/news/fund/733160.html,工商時報,兩年來首次！0050陷「百元」保衛戰 - 工商時報,-0.2
2022-10-11 07:05:35,0050,https://tw.stock.yahoo.com/news/%E5%8F%B0%E5%8C%97%E8%82%A1%E5%B8%82-0050%E9%9D%A2%E8%87%A8%E7%99%BE%E5%85%83%E4%BF%9D%E8%A1%9B%E6%88%B0-%E5%A7%90%E5%A6%B9%E8%82%A1%E7%AB%84%E4%BA%BA%E6%B0%A3%E7%8E%8B-055817074.html,Yahoo奇摩股市,《台北股市》0050面臨百元保衛戰 姐妹股竄人氣王 - Yahoo奇摩股市,-0.2
2022-10-11 08:48:45,0050,https://tw.stock.yahoo.com/news/%E5%8F%B0%E5%8C%97%E8%82%A1%E5%B8%82-0050%E9%9D%A2%E8%87%A8%E7%99%BE%E5%85%83%E4%BF%9D%E8%A1%9B%E6%88%B0-%E5%A7%90%E5%A6%B9%E8%82%A1%E7%AB%84%E4%BA%BA%E6%B0%A3%E7%8E%8B-055817074.html,Yahoo奇摩股市,《台北股市》0050面臨百元保衛戰 姐妹股竄人氣王 - Yahoo奇摩股市,-0.2
2022-10-12 07:00:00,0050,https://news.google.com/__i/rss/rd/articles/CBMivQFodHRwczovL3R3LnN0b2NrLnlhaG9vLmNvbS92aWRlby8lRTUlQkQlQjEtMDA1MCVFNiU5QSVCNCVFOCVCNyU4QyVFNiU4MCU4RSVFOSVCQSVCQyVFNiU5NSU5MS0lRTclOTAlODYlRTglQjIlQTElRTklODElOTQlRTQlQkElQkElRTQlQjglODklRTklOUQlQTIlRTUlOTAlOTElRTglQTclQTMlRTYlOUUlOTAtMTAwMTAzNDY1Lmh0bWzSAcUBaHR0cHM6Ly90dy5zdG9jay55YWhvby5jb20vYW1waHRtbC92aWRlby8lRTUlQkQlQjEtMDA1MCVFNiU5QSVCNCVFOCVCNyU4QyVFNiU4MCU4RSVFOSVCQSVCQyVFNiU5NSU5MS0lRTclOTAlODYlRTglQjIlQTElRTklODElOTQlRTQlQkElQkElRTQlQjglODklRTklOUQlQTIlRTUlOTAlOTElRTglQTclQTMlRTYlOUUlOTAtMTAwMTAzNDY1Lmh0bWw?oc=5,Yahoo奇摩股市,影／0050暴跌怎麼救？理財達人三面向解析 - Yahoo奇摩股市,0.0
2022-10-12 07:00:00,0050,https://news.google.com/__i/rss/rd/articles/CBMiLmh0dHBzOi8vbW9uZXkudWRuLmNvbS9tb25leS9zdG9yeS81NjA3LzY2ODE3MDfSAQA?oc=5,經濟日報,0050一度跌破百元關卡 買點到了嗎？法人這樣說 - 經濟日報,0.0
2022-10-12 07:00:00,0050,https://news.google.com/__i/rss/rd/articles/CBMiLmh0dHBzOi8vbW9uZXkudWRuLmNvbS9tb25leS9zdG9yeS81NjA3LzY2ODE3MDfSAQA?oc=5,經濟日報,0050一度跌破百元關卡買點到了嗎？法人這樣說| 市場焦點| 證券| 經濟日報 - 經濟日報,0.0
2022-10-12 11:54:26,0050,https://money.udn.com/money/story/5607/6681707,經濟日報,0050跌破百元關卡 買點到了嗎？法人這樣說 - 經濟日報,0.2
2022-10-12 11:54:26,0050,https://money.udn.com/money/story/5607/6681707?from=edn_newest_index,經濟日報,0050一度跌破百元關卡 買點到了嗎？法人這樣說 - 經濟日報,0.0
2022-10-13 19:11:14,0050,https://ctee.com.tw/news/stocks/734977.html,工商時報,元大台灣50 跌破百元 - 工商時報,-0.2
2022-10-15 14:58:32,0050,https://money.udn.com/money/story/5618/6689395?from=edn_newestlist_cate_side,經濟日報,元大台灣50 伺機布局 - 經濟日報,0.2
2022-10-15 15:03:21,0050,https://news.google.com/__i/rss/rd/articles/CBMiLmh0dHBzOi8vbW9uZXkudWRuLmNvbS9tb25leS9zdG9yeS81NjE4LzY2ODkzOTXSATJodHRwczovL21vbmV5LnVkbi5jb20vbW9uZXkvYW1wL3N0b3J5LzU2MTgvNjY4OTM5NQ?oc=5,經濟日報,元大台灣50 伺機布局 - 經濟日報,0.2
2022-10-17 07:00:00,0050,https://news.google.com/__i/rss/rd/articles/CBMihwJodHRwczovL3R3LnN0b2NrLnlhaG9vLmNvbS9uZXdzLyVFMyU4MCU5MCVFNCVCQSVCQSVFNiVCMCVBM2V0LWYlRTklODElQTklRTUlOTAlODglRTglQUElQjAtMi0lRTMlODAlOTEtMjM5NS0lRTglOTAlQUMlRTQlQkElQkElRTglQjIlQjclRTUlODUlQTUlRTQlQkElQkElRTYlQjAlQTNldC1mLSVFNiU4MCU4RSVFOSVCQSVCQyVFOSU4NSU4RCVFNiU4QSU5NyVFOCVCNyU4QyVFNSU4RiU4OCVFOCU4MyVCRCVFNiVCQyVCMiVFRiVCQyU5Ri0wMjE4NTkyODcuaHRtbNIBjwJodHRwczovL3R3LnN0b2NrLnlhaG9vLmNvbS9hbXBodG1sL25ld3MvJUUzJTgwJTkwJUU0JUJBJUJBJUU2JUIwJUEzZXQtZiVFOSU4MSVBOSVFNSU5MCU4OCVFOCVBQSVCMC0yLSVFMyU4MCU5MS0yMzk1LSVFOCU5MCVBQyVFNCVCQSVCQSVFOCVCMiVCNyVFNSU4NSVBNSVFNCVCQSVCQSVFNiVCMCVBM2V0LWYtJUU2JTgwJThFJUU5JUJBJUJDJUU5JTg1JThEJUU2JThBJTk3JUU4JUI3JThDJUU1JThGJTg4JUU4JTgzJUJEJUU2JUJDJUIyJUVGJUJDJTlGLTAyMTg1OTI4Ny5odG1s?oc=5,Yahoo奇摩股市,【人氣ETF適合誰2】239.5萬人買入0050、0056、00878或00900 怎麼配抗跌又能漲？ - Yahoo奇摩股市,0.0
2022-10-17 07:00:00,0050,https://news.google.com/__i/rss/rd/articles/CBMi5AFodHRwczovL3R3LnN0b2NrLnlhaG9vLmNvbS9uZXdzLyVFMyU4MCU5MCVFNCVCQSVCQSVFNiVCMCVBM2V0LWYlRTklODElQTklRTUlOTAlODglRTglQUElQjAtMy0lRTMlODAlOTElRTglQTklQjIlRTglQjIlQjclRTUlOTMlQUElRTQlQjglODAlRTYlQUElOTQlRUYlQkMlOUYtNC0lRTYlQUQlQTUlRTklQTklOUYlRTclQjAlQTElRTUlOTYlQUUlRTYlOEMlOTElRUYlQkMlODEtMDIxOTM5NTY1Lmh0bWzSAewBaHR0cHM6Ly90dy5zdG9jay55YWhvby5jb20vYW1waHRtbC9uZXdzLyVFMyU4MCU5MCVFNCVCQSVCQSVFNiVCMCVBM2V0LWYlRTklODElQTklRTUlOTAlODglRTglQUElQjAtMy0lRTMlODAlOTElRTglQTklQjIlRTglQjIlQjclRTUlOTMlQUElRTQlQjglODAlRTYlQUElOTQlRUYlQkMlOUYtNC0lRTYlQUQlQTUlRTklQTklOUYlRTclQjAlQTElRTUlOTYlQUUlRTYlOEMlOTElRUYlQkMlODEtMDIxOTM5NTY1Lmh0bWw?oc=5,Yahoo奇摩股市,【人氣ETF適合誰3】該買0050、0056、00878還是00900？4步驟簡單挑！ - Yahoo奇摩股市,0.0
2022-10-18 02:21:56,0050,https://news.google.com/__i/rss/rd/articles/CBMi4AFodHRwczovL3R3LnN0b2NrLnlhaG9vLmNvbS9uZXdzLyVFMyU4MCU5MCVFNCVCQSVCQSVFNiVCMCVBM2V0LWYlRTklODElQTklRTUlOTAlODglRTglQUElQjAtMS0lRTMlODAlOTElRTYlOEYlQUQlRTUlQUYlODYtMDA1MC0lRTMlODAlODEtMDA1Ni0lRTMlODAlODEtMDA4NzgtJUU2JThBJTk1JUU4JUIzJTg3JUU0JUJBJUJBJUU2JUE4JUEzJUU4JUIyJThDLTAyMTczNDM4NC5odG1sP2JjbXQ9MdIB4QFodHRwczovL3R3LnN0b2NrLnlhaG9vLmNvbS9hbXBodG1sL25ld3MvJUUzJTgwJTkwJUU0JUJBJUJBJUU2JUIwJUEzZXQtZiVFOSU4MSVBOSVFNSU5MCU4OCVFOCVBQSVCMC0xLSVFMyU4MCU5MSVFNiU4RiVBRCVFNSVBRiU4Ni0wMDUwLSVFMyU4MCU4MS0wMDU2LSVFMyU4MCU4MS0wMDg3OC0lRTYlOEElOTUlRTglQjMlODclRTQlQkElQkElRTYlQTglQTMlRTglQjIlOEMtMDIxNzM0Mzg0Lmh0bWw?oc=5,Yahoo奇摩股市,【人氣ETF適合誰1】揭密0050、0056、00878投資人樣貌 2檔粉絲超廣、它集中在「退休族」 - Yahoo奇摩股市,0.0
2022-10-18 02:22:39,0050,https://news.google.com/__i/rss/rd/articles/CBMihwJodHRwczovL3R3LnN0b2NrLnlhaG9vLmNvbS9uZXdzLyVFMyU4MCU5MCVFNCVCQSVCQSVFNiVCMCVBM2V0LWYlRTklODElQTklRTUlOTAlODglRTglQUElQjAtMi0lRTMlODAlOTEtMjM5NS0lRTglOTAlQUMlRTQlQkElQkElRTglQjIlQjclRTUlODUlQTUlRTQlQkElQkElRTYlQjAlQTNldC1mLSVFNiU4MCU4RSVFOSVCQSVCQyVFOSU4NSU4RCVFNiU4QSU5NyVFOCVCNyU4QyVFNSU4RiU4OCVFOCU4MyVCRCVFNiVCQyVCMiVFRiVCQyU5Ri0wMjE4NTkyODcuaHRtbNIBjwJodHRwczovL3R3LnN0b2NrLnlhaG9vLmNvbS9hbXBodG1sL25ld3MvJUUzJTgwJTkwJUU0JUJBJUJBJUU2JUIwJUEzZXQtZiVFOSU4MSVBOSVFNSU5MCU4OCVFOCVBQSVCMC0yLSVFMyU4MCU5MS0yMzk1LSVFOCU5MCVBQyVFNCVCQSVCQSVFOCVCMiVCNyVFNSU4NSVBNSVFNCVCQSVCQSVFNiVCMCVBM2V0LWYtJUU2JTgwJThFJUU5JUJBJUJDJUU5JTg1JThEJUU2JThBJTk3JUU4JUI3JThDJUU1JThGJTg4JUU4JTgzJUJEJUU2JUJDJUIyJUVGJUJDJTlGLTAyMTg1OTI4Ny5odG1s?oc=5,Yahoo奇摩股市,【人氣ETF適合誰2】239.5萬人買入0050、0056、00878或00900 怎麼配抗跌又能漲？ - Yahoo奇摩股市,0.0
2022-10-18 02:23:29,0050,https://news.google.com/__i/rss/rd/articles/CBMi6wFodHRwczovL3R3LnN0b2NrLnlhaG9vLmNvbS9uZXdzLyVFMyU4MCU5MCVFNCVCQSVCQSVFNiVCMCVBM2V0LWYlRTklODElQTklRTUlOTAlODglRTglQUElQjAtMy0lRTMlODAlOTElRTglQTklQjIlRTglQjIlQjclRTUlOTMlQUElRTQlQjglODAlRTYlQUElOTQlRUYlQkMlOUYtNC0lRTYlQUQlQTUlRTklQTklOUYlRTclQjAlQTElRTUlOTYlQUUlRTYlOEMlOTElRUYlQkMlODEtMDIxOTM5NTY1Lmh0bWw_YmNtdD0x0gHsAWh0dHBzOi8vdHcuc3RvY2sueWFob28uY29tL2FtcGh0bWwvbmV3cy8lRTMlODAlOTAlRTQlQkElQkElRTYlQjAlQTNldC1mJUU5JTgxJUE5JUU1JTkwJTg4JUU4JUFBJUIwLTMtJUUzJTgwJTkxJUU4JUE5JUIyJUU4JUIyJUI3JUU1JTkzJUFBJUU0JUI4JTgwJUU2JUFBJTk0JUVGJUJDJTlGLTQtJUU2JUFEJUE1JUU5JUE5JTlGJUU3JUIwJUExJUU1JTk2JUFFJUU2JThDJTkxJUVGJUJDJTgxLTAyMTkzOTU2NS5odG1s?oc=5,Yahoo奇摩股市,【人氣ETF適合誰3】該買0050、0056、00878還是00900？4步驟簡單挑！ - Yahoo奇摩股市,0.0
2022-10-18 02:24:16,0050,https://news.google.com/__i/rss/rd/articles/CBMi5AFodHRwczovL3R3LnN0b2NrLnlhaG9vLmNvbS9uZXdzLyVFMyU4MCU5MCVFNCVCQSVCQSVFNiVCMCVBM2V0LWYlRTklODElQTklRTUlOTAlODglRTglQUElQjAtMy0lRTMlODAlOTElRTglQTklQjIlRTglQjIlQjclRTUlOTMlQUElRTQlQjglODAlRTYlQUElOTQlRUYlQkMlOUYtNC0lRTYlQUQlQTUlRTklQTklOUYlRTclQjAlQTElRTUlOTYlQUUlRTYlOEMlOTElRUYlQkMlODEtMDIxOTM5NTY1Lmh0bWzSAewBaHR0cHM6Ly90dy5zdG9jay55YWhvby5jb20vYW1waHRtbC9uZXdzLyVFMyU4MCU5MCVFNCVCQSVCQSVFNiVCMCVBM2V0LWYlRTklODElQTklRTUlOTAlODglRTglQUElQjAtMy0lRTMlODAlOTElRTglQTklQjIlRTglQjIlQjclRTUlOTMlQUElRTQlQjglODAlRTYlQUElOTQlRUYlQkMlOUYtNC0lRTYlQUQlQTUlRTklQTklOUYlRTclQjAlQTElRTUlOTYlQUUlRTYlOEMlOTElRUYlQkMlODEtMDIxOTM5NTY1Lmh0bWw?oc=5,Yahoo奇摩股市,【人氣ETF適合誰3】該買0050、0056、00878還是00900？4步驟簡單挑！ - Yahoo奇摩股市,0.0
2022-10-18 02:25:40,0050,https://news.google.com/__i/rss/rd/articles/CBMi5AFodHRwczovL3R3LnN0b2NrLnlhaG9vLmNvbS9uZXdzLyVFMyU4MCU5MCVFNCVCQSVCQSVFNiVCMCVBM2V0LWYlRTklODElQTklRTUlOTAlODglRTglQUElQjAtMy0lRTMlODAlOTElRTglQTklQjIlRTglQjIlQjclRTUlOTMlQUElRTQlQjglODAlRTYlQUElOTQlRUYlQkMlOUYtNC0lRTYlQUQlQTUlRTklQTklOUYlRTclQjAlQTElRTUlOTYlQUUlRTYlOEMlOTElRUYlQkMlODEtMDIxOTM5NTY1Lmh0bWzSAewBaHR0cHM6Ly90dy5zdG9jay55YWhvby5jb20vYW1waHRtbC9uZXdzLyVFMyU4MCU5MCVFNCVCQSVCQSVFNiVCMCVBM2V0LWYlRTklODElQTklRTUlOTAlODglRTglQUElQjAtMy0lRTMlODAlOTElRTglQTklQjIlRTglQjIlQjclRTUlOTMlQUElRTQlQjglODAlRTYlQUElOTQlRUYlQkMlOUYtNC0lRTYlQUQlQTUlRTklQTklOUYlRTclQjAlQTElRTUlOTYlQUUlRTYlOEMlOTElRUYlQkMlODEtMDIxOTM5NTY1Lmh0bWw?oc=5,Yahoo奇摩股市,【人氣ETF適合誰3】該買0050、0056、00878還是00900？4步驟簡單挑！ - Yahoo奇摩股市,0.0
2022-10-18 02:25:40,0050,https://news.google.com/__i/rss/rd/articles/CBMihwJodHRwczovL3R3LnN0b2NrLnlhaG9vLmNvbS9uZXdzLyVFMyU4MCU5MCVFNCVCQSVCQSVFNiVCMCVBM2V0LWYlRTklODElQTklRTUlOTAlODglRTglQUElQjAtMi0lRTMlODAlOTEtMjM5NS0lRTglOTAlQUMlRTQlQkElQkElRTglQjIlQjclRTUlODUlQTUlRTQlQkElQkElRTYlQjAlQTNldC1mLSVFNiU4MCU4RSVFOSVCQSVCQyVFOSU4NSU4RCVFNiU4QSU5NyVFOCVCNyU4QyVFNSU4RiU4OCVFOCU4MyVCRCVFNiVCQyVCMiVFRiVCQyU5Ri0wMjE4NTkyODcuaHRtbNIBjwJodHRwczovL3R3LnN0b2NrLnlhaG9vLmNvbS9hbXBodG1sL25ld3MvJUUzJTgwJTkwJUU0JUJBJUJBJUU2JUIwJUEzZXQtZiVFOSU4MSVBOSVFNSU5MCU4OCVFOCVBQSVCMC0yLSVFMyU4MCU5MS0yMzk1LSVFOCU5MCVBQyVFNCVCQSVCQSVFOCVCMiVCNyVFNSU4NSVBNSVFNCVCQSVCQSVFNiVCMCVBM2V0LWYtJUU2JTgwJThFJUU5JUJBJUJDJUU5JTg1JThEJUU2JThBJTk3JUU4JUI3JThDJUU1JThGJTg4JUU4JTgzJUJEJUU2JUJDJUIyJUVGJUJDJTlGLTAyMTg1OTI4Ny5odG1s?oc=5,Yahoo奇摩股市,【人氣ETF適合誰2】239.5萬人買入0050、0056、00878或00900 怎麼配抗跌又能漲？ - Yahoo奇摩股市,0.0
2022-10-18 02:26:15,0050,https://news.google.com/__i/rss/rd/articles/CBMi2QFodHRwczovL3R3LnN0b2NrLnlhaG9vLmNvbS9uZXdzLyVFMyU4MCU5MCVFNCVCQSVCQSVFNiVCMCVBM2V0LWYlRTklODElQTklRTUlOTAlODglRTglQUElQjAtMS0lRTMlODAlOTElRTYlOEYlQUQlRTUlQUYlODYtMDA1MC0lRTMlODAlODEtMDA1Ni0lRTMlODAlODEtMDA4NzgtJUU2JThBJTk1JUU4JUIzJTg3JUU0JUJBJUJBJUU2JUE4JUEzJUU4JUIyJThDLTAyMTczNDM4NC5odG1s0gHhAWh0dHBzOi8vdHcuc3RvY2sueWFob28uY29tL2FtcGh0bWwvbmV3cy8lRTMlODAlOTAlRTQlQkElQkElRTYlQjAlQTNldC1mJUU5JTgxJUE5JUU1JTkwJTg4JUU4JUFBJUIwLTEtJUUzJTgwJTkxJUU2JThGJUFEJUU1JUFGJTg2LTAwNTAtJUUzJTgwJTgxLTAwNTYtJUUzJTgwJTgxLTAwODc4LSVFNiU4QSU5NSVFOCVCMyU4NyVFNCVCQSVCQSVFNiVBOCVBMyVFOCVCMiU4Qy0wMjE3MzQzODQuaHRtbA?oc=5,Yahoo奇摩股市,【人氣ETF適合誰1】揭密0050、0056、00878投資人樣貌 2檔粉絲超廣、它集中在「退休族」 - Yahoo奇摩股市,0.0
2022-10-18 02:43:42,0050,https://news.google.com/__i/rss/rd/articles/CBMi2QFodHRwczovL3R3LnN0b2NrLnlhaG9vLmNvbS9uZXdzLyVFMyU4MCU5MCVFNCVCQSVCQSVFNiVCMCVBM2V0LWYlRTklODElQTklRTUlOTAlODglRTglQUElQjAtMS0lRTMlODAlOTElRTYlOEYlQUQlRTUlQUYlODYtMDA1MC0lRTMlODAlODEtMDA1Ni0lRTMlODAlODEtMDA4NzgtJUU2JThBJTk1JUU4JUIzJTg3JUU0JUJBJUJBJUU2JUE4JUEzJUU4JUIyJThDLTAyMTczNDM4NC5odG1s0gHhAWh0dHBzOi8vdHcuc3RvY2sueWFob28uY29tL2FtcGh0bWwvbmV3cy8lRTMlODAlOTAlRTQlQkElQkElRTYlQjAlQTNldC1mJUU5JTgxJUE5JUU1JTkwJTg4JUU4JUFBJUIwLTEtJUUzJTgwJTkxJUU2JThGJUFEJUU1JUFGJTg2LTAwNTAtJUUzJTgwJTgxLTAwNTYtJUUzJTgwJTgxLTAwODc4LSVFNiU4QSU5NSVFOCVCMyU4NyVFNCVCQSVCQSVFNiVBOCVBMyVFOCVCMiU4Qy0wMjE3MzQzODQuaHRtbA?oc=5,Yahoo奇摩股市,【人氣ETF適合誰1】揭密0050、0056、00878投資人樣貌 2檔粉絲超廣、它集中在「退休族」 - Yahoo奇摩股市,0.0
2022-10-18 05:30:50,0050,https://news.google.com/__i/rss/rd/articles/CBMiK2h0dHBzOi8vY3RlZS5jb20udHcvbmV3cy9zdG9ja3MvNzM3NTg0Lmh0bWzSAQA?oc=5,工商時報,0050成分股暗藏寶藏？專家挖出2檔鑽石股 - 工商時報,0.0
2022-10-18 07:00:00,0050,https://news.google.com/__i/rss/rd/articles/CBMiK2h0dHBzOi8vY3RlZS5jb20udHcvbmV3cy9zdG9ja3MvNzM3NTg0Lmh0bWzSAQA?oc=5,工商時報,0050成分股暗藏寶藏？專家挖出2檔鑽石股 - 工商時報,0.0
2022-10-18 07:00:00,0050,https://news.google.com/__i/rss/rd/articles/CBMi2QFodHRwczovL3R3LnN0b2NrLnlhaG9vLmNvbS9uZXdzLyVFMyU4MCU5MCVFNCVCQSVCQSVFNiVCMCVBM2V0LWYlRTklODElQTklRTUlOTAlODglRTglQUElQjAtMS0lRTMlODAlOTElRTYlOEYlQUQlRTUlQUYlODYtMDA1MC0lRTMlODAlODEtMDA1Ni0lRTMlODAlODEtMDA4NzgtJUU2JThBJTk1JUU4JUIzJTg3JUU0JUJBJUJBJUU2JUE4JUEzJUU4JUIyJThDLTAyMTczNDM4NC5odG1s0gHhAWh0dHBzOi8vdHcuc3RvY2sueWFob28uY29tL2FtcGh0bWwvbmV3cy8lRTMlODAlOTAlRTQlQkElQkElRTYlQjAlQTNldC1mJUU5JTgxJUE5JUU1JTkwJTg4JUU4JUFBJUIwLTEtJUUzJTgwJTkxJUU2JThGJUFEJUU1JUFGJTg2LTAwNTAtJUUzJTgwJTgxLTAwNTYtJUUzJTgwJTgxLTAwODc4LSVFNiU4QSU5NSVFOCVCMyU4NyVFNCVCQSVCQSVFNiVBOCVBMyVFOCVCMiU4Qy0wMjE3MzQzODQuaHRtbA?oc=5,Yahoo奇摩股市,【人氣ETF適合誰1】揭密0050、0056、00878投資人樣貌 2檔粉絲超廣、它集中在「退休族」 - Yahoo奇摩股市,0.0
2022-10-18 07:00:00,0050,https://news.google.com/__i/rss/rd/articles/CBMi2QFodHRwczovL3R3LnN0b2NrLnlhaG9vLmNvbS9uZXdzLyVFMyU4MCU5MCVFNCVCQSVCQSVFNiVCMCVBM2V0LWYlRTklODElQTklRTUlOTAlODglRTglQUElQjAtMS0lRTMlODAlOTElRTYlOEYlQUQlRTUlQUYlODYtMDA1MC0lRTMlODAlODEtMDA1Ni0lRTMlODAlODEtMDA4NzgtJUU2JThBJTk1JUU4JUIzJTg3JUU0JUJBJUJBJUU2JUE4JUEzJUU4JUIyJThDLTAyMTczNDM4NC5odG1s0gEA?oc=5,Yahoo奇摩股市,ETF／揭密0050、0056、00878投資人樣貌2檔粉絲超廣、它集中在「退休族」 - Yahoo奇摩股市,0.0
2022-10-18 07:00:00,0050,https://news.google.com/rss/articles/CBMi2QFodHRwczovL3R3LnN0b2NrLnlhaG9vLmNvbS9uZXdzLyVFMyU4MCU5MCVFNCVCQSVCQSVFNiVCMCVBM2V0LWYlRTklODElQTklRTUlOTAlODglRTglQUElQjAtMS0lRTMlODAlOTElRTYlOEYlQUQlRTUlQUYlODYtMDA1MC0lRTMlODAlODEtMDA1Ni0lRTMlODAlODEtMDA4NzgtJUU2JThBJTk1JUU4JUIzJTg3JUU0JUJBJUJBJUU2JUE4JUEzJUU4JUIyJThDLTAyMTczNDM4NC5odG1s0gEA?oc=5,Yahoo奇摩股市,ETF／揭密0050、0056、00878投資人樣貌2檔粉絲超廣、它集中在 ... - Yahoo奇摩股市,0.0
2022-10-22 07:00:00,0050,https://news.google.com/__i/rss/rd/articles/CBMiSGh0dHBzOi8vbW9uZXkudWRuLmNvbS9tb25leS9zdG9yeS81NjE4LzY3MDcwMzk_ZnJvbT1lZG5fc3ViY2F0ZWxpc3RfY2F0ZdIBMmh0dHBzOi8vbW9uZXkudWRuLmNvbS9tb25leS9hbXAvc3RvcnkvNTYxOC82NzA3MDM5?oc=5,經濟日報,元大台灣50 下檔有撐 - 經濟日報,0.3
2022-10-22 14:48:02,0050,https://news.google.com/__i/rss/rd/articles/CBMiS2h0dHBzOi8vbW9uZXkudWRuLmNvbS9tb25leS9zdG9yeS81NjE4LzY3MDcwMzk_ZnJvbT1lZG5fZmlubWFuYWdlbWVudF9pbmRleNIBMmh0dHBzOi8vbW9uZXkudWRuLmNvbS9tb25leS9hbXAvc3RvcnkvNTYxOC82NzA3MDM5?oc=5,經濟日報,元大台灣50 下檔有撐 - 經濟日報,0.3
2022-10-22 14:57:50,0050,https://news.google.com/__i/rss/rd/articles/CBMiS2h0dHBzOi8vbW9uZXkudWRuLmNvbS9tb25leS9zdG9yeS81NjE4LzY3MDcwMzk_ZnJvbT1lZG5fZmlubWFuYWdlbWVudF9pbmRleNIBMmh0dHBzOi8vbW9uZXkudWRuLmNvbS9tb25leS9hbXAvc3RvcnkvNTYxOC82NzA3MDM5?oc=5,經濟日報,元大台灣50 下檔有撐 - 經濟日報,0.3
2022-10-22 14:57:51,0050,https://news.google.com/__i/rss/rd/articles/CBMiS2h0dHBzOi8vbW9uZXkudWRuLmNvbS9tb25leS9zdG9yeS81NjE4LzY3MDcwMzk_ZnJvbT1lZG5fZmlubWFuYWdlbWVudF9pbmRleNIBMmh0dHBzOi8vbW9uZXkudWRuLmNvbS9tb25leS9hbXAvc3RvcnkvNTYxOC82NzA3MDM5?oc=5,經濟日報,元大台灣50 下檔有撐 - 經濟日報,0.3
2022-10-29 14:57:49,0050,https://news.google.com/__i/rss/rd/articles/CBMiQmh0dHBzOi8vbW9uZXkudWRuLmNvbS9tb25leS9zdG9yeS81NjE4LzY3MjQ1NjY_ZnJvbT1lZG5fbmV4dF9zdG9yedIBMmh0dHBzOi8vbW9uZXkudWRuLmNvbS9tb25leS9hbXAvc3RvcnkvNTYxOC82NzI0NTY2?oc=5,經濟日報,元大台灣50 反彈可期 - 經濟日報,0.3
2022-11-05 07:00:00,0050,https://news.google.com/__i/rss/rd/articles/CBMiTWh0dHBzOi8vbW9uZXkudWRuLmNvbS9tb25leS9zdG9yeS81NjE4LzY3NDI0MDQ_ZnJvbT1lZG5faG90dGVzdGxpc3RfY2F0ZV9zaWRl0gEyaHR0cHM6Ly9tb25leS51ZG4uY29tL21vbmV5L2FtcC9zdG9yeS81NjE4LzY3NDI0MDQ?oc=5,經濟日報,元大台灣50 伺機布局 - 經濟日報,0.2
2022-11-05 15:08:04,0050,https://news.google.com/__i/rss/rd/articles/CBMiS2h0dHBzOi8vbW9uZXkudWRuLmNvbS9tb25leS9zdG9yeS81NjE4LzY3NDI0MDQ_ZnJvbT1lZG5fZmlubWFuYWdlbWVudF9pbmRleNIBMmh0dHBzOi8vbW9uZXkudWRuLmNvbS9tb25leS9hbXAvc3RvcnkvNTYxOC82NzQyNDA0?oc=5,經濟日報,元大台灣50 伺機布局 - 經濟日報,0.2
2022-11-07 08:00:00,0050,https://news.google.com/__i/rss/rd/articles/CBMi_gFodHRwczovL3R3LnN0b2NrLnlhaG9vLmNvbS9uZXdzLyVFNSU4RiVCMCVFNSU4QyU5NyVFOCU4MiVBMSVFNSVCOCU4Mi0lRTUlQTQlOTYlRTglQjMlODclRTUlOEElQTAlRTYlOEMlODElRTklOUIlQkIlRTQlQkYlQTElRTQlQjglODklRTklOUIlODQlRTUlQUUlODglRTklOEElODAlRTUlQkQlODgtJUU5JTgwJTk5JUU2JUFBJTk0JUU1JUEyJTlFMjUtJUU2JUJDJUIyJUU1JUI5JTg1MDA1MCVFNiU5QyU4MCVFOSVBQiU5OC0wNjQ1MzkzNjEuaHRtbNIBhgJodHRwczovL3R3LnN0b2NrLnlhaG9vLmNvbS9hbXBodG1sL25ld3MvJUU1JThGJUIwJUU1JThDJTk3JUU4JTgyJUExJUU1JUI4JTgyLSVFNSVBNCU5NiVFOCVCMyU4NyVFNSU4QSVBMCVFNiU4QyU4MSVFOSU5QiVCQiVFNCVCRiVBMSVFNCVCOCU4OSVFOSU5QiU4NCVFNSVBRSU4OCVFOSU4QSU4MCVFNSVCRCU4OC0lRTklODAlOTklRTYlQUElOTQlRTUlQTIlOUUyNS0lRTYlQkMlQjIlRTUlQjklODUwMDUwJUU2JTlDJTgwJUU5JUFCJTk4LTA2NDUzOTM2MS5odG1s?oc=5,Yahoo奇摩股市,《台北股市》外資加持電信三雄守銀彈 這檔增25%漲幅0050最高 - Yahoo奇摩股市,0.8
2022-11-08 06:45:39,0050,https://news.google.com/__i/rss/rd/articles/CBMi_gFodHRwczovL3R3LnN0b2NrLnlhaG9vLmNvbS9uZXdzLyVFNSU4RiVCMCVFNSU4QyU5NyVFOCU4MiVBMSVFNSVCOCU4Mi0lRTUlQTQlOTYlRTglQjMlODclRTUlOEElQTAlRTYlOEMlODElRTklOUIlQkIlRTQlQkYlQTElRTQlQjglODklRTklOUIlODQlRTUlQUUlODglRTklOEElODAlRTUlQkQlODgtJUU5JTgwJTk5JUU2JUFBJTk0JUU1JUEyJTlFMjUtJUU2JUJDJUIyJUU1JUI5JTg1MDA1MCVFNiU5QyU4MCVFOSVBQiU5OC0wNjQ1MzkzNjEuaHRtbNIBhgJodHRwczovL3R3LnN0b2NrLnlhaG9vLmNvbS9hbXBodG1sL25ld3MvJUU1JThGJUIwJUU1JThDJTk3JUU4JTgyJUExJUU1JUI4JTgyLSVFNSVBNCU5NiVFOCVCMyU4NyVFNSU4QSVBMCVFNiU4QyU4MSVFOSU5QiVCQiVFNCVCRiVBMSVFNCVCOCU4OSVFOSU5QiU4NCVFNSVBRSU4OCVFOSU4QSU4MCVFNSVCRCU4OC0lRTklODAlOTklRTYlQUElOTQlRTUlQTIlOUUyNS0lRTYlQkMlQjIlRTUlQjklODUwMDUwJUU2JTlDJTgwJUU5JUFCJTk4LTA2NDUzOTM2MS5odG1s?oc=5,Yahoo奇摩股市,《台北股市》外資加持電信三雄守銀彈 這檔增25%漲幅0050最高 - Yahoo奇摩股市,0.8
2022-11-08 06:58:33,0050,https://news.google.com/__i/rss/rd/articles/CBMi_gFodHRwczovL3R3LnN0b2NrLnlhaG9vLmNvbS9uZXdzLyVFNSU4RiVCMCVFNSU4QyU5NyVFOCU4MiVBMSVFNSVCOCU4Mi0lRTUlQTQlOTYlRTglQjMlODclRTUlOEElQTAlRTYlOEMlODElRTklOUIlQkIlRTQlQkYlQTElRTQlQjglODklRTklOUIlODQlRTUlQUUlODglRTklOEElODAlRTUlQkQlODgtJUU5JTgwJTk5JUU2JUFBJTk0JUU1JUEyJTlFMjUtJUU2JUJDJUIyJUU1JUI5JTg1MDA1MCVFNiU5QyU4MCVFOSVBQiU5OC0wNjQ1MzkzNjEuaHRtbNIBhgJodHRwczovL3R3LnN0b2NrLnlhaG9vLmNvbS9hbXBodG1sL25ld3MvJUU1JThGJUIwJUU1JThDJTk3JUU4JTgyJUExJUU1JUI4JTgyLSVFNSVBNCU5NiVFOCVCMyU4NyVFNSU4QSVBMCVFNiU4QyU4MSVFOSU5QiVCQiVFNCVCRiVBMSVFNCVCOCU4OSVFOSU5QiU4NCVFNSVBRSU4OCVFOSU4QSU4MCVFNSVCRCU4OC0lRTklODAlOTklRTYlQUElOTQlRTUlQTIlOUUyNS0lRTYlQkMlQjIlRTUlQjklODUwMDUwJUU2JTlDJTgwJUU5JUFCJTk4LTA2NDUzOTM2MS5odG1s?oc=5,Yahoo奇摩股市,《台北股市》外資加持電信三雄守銀彈 這檔增25%漲幅0050最高 - Yahoo奇摩股市,0.8
2022-11-12 14:53:55,0050,https://news.google.com/__i/rss/rd/articles/CBMiSGh0dHBzOi8vbW9uZXkudWRuLmNvbS9tb25leS9zdG9yeS81NjE4LzY3NjA1ODE_ZnJvbT1lZG5fc3ViY2F0ZWxpc3RfY2F0ZdIBMmh0dHBzOi8vbW9uZXkudWRuLmNvbS9tb25leS9hbXAvc3RvcnkvNTYxOC82NzYwNTgx?oc=5,經濟日報,元大台灣50 分批加碼 - 經濟日報,0.3
2022-11-13 08:00:00,0050,https://news.google.com/__i/rss/rd/articles/CBMisAFodHRwczovL3R3LnN0b2NrLnlhaG9vLmNvbS9uZXdzLzAwODc4LSVFNSU5NiVBRSVFNSU5MSVBOCVFNSVBMiU5RSVFOSU4MCVCRS02LSVFNSU4RCU4MyVFNSU5MCU4RCVFOCU4MiVBMSVFNiU5RCVCMS0lRTQlQkElQkElRTYlQjAlQTMlRTUlOEIlOUQtMDA1MC0lRTMlODAlODEtMDA1Ni0wMTQwMTI4MzUuaHRtbNIBuAFodHRwczovL3R3LnN0b2NrLnlhaG9vLmNvbS9hbXBodG1sL25ld3MvMDA4NzgtJUU1JTk2JUFFJUU1JTkxJUE4JUU1JUEyJTlFJUU5JTgwJUJFLTYtJUU1JThEJTgzJUU1JTkwJThEJUU4JTgyJUExJUU2JTlEJUIxLSVFNCVCQSVCQSVFNiVCMCVBMyVFNSU4QiU5RC0wMDUwLSVFMyU4MCU4MS0wMDU2LTAxNDAxMjgzNS5odG1s?oc=5,Yahoo奇摩股市,除息人氣旺！00878單周增逾6千名股東 人氣勝0050、0056 - Yahoo奇摩股市,0.2
2022-11-14 01:45:59,0050,https://news.google.com/__i/rss/rd/articles/CBMisAFodHRwczovL3R3LnN0b2NrLnlhaG9vLmNvbS9uZXdzLzAwODc4LSVFNSU5NiVBRSVFNSU5MSVBOCVFNSVBMiU5RSVFOSU4MCVCRS02LSVFNSU4RCU4MyVFNSU5MCU4RCVFOCU4MiVBMSVFNiU5RCVCMS0lRTQlQkElQkElRTYlQjAlQTMlRTUlOEIlOUQtMDA1MC0lRTMlODAlODEtMDA1Ni0wMTQwMTI4MzUuaHRtbNIBuAFodHRwczovL3R3LnN0b2NrLnlhaG9vLmNvbS9hbXBodG1sL25ld3MvMDA4NzgtJUU1JTk2JUFFJUU1JTkxJUE4JUU1JUEyJTlFJUU5JTgwJUJFLTYtJUU1JThEJTgzJUU1JTkwJThEJUU4JTgyJUExJUU2JTlEJUIxLSVFNCVCQSVCQSVFNiVCMCVBMyVFNSU4QiU5RC0wMDUwLSVFMyU4MCU4MS0wMDU2LTAxNDAxMjgzNS5odG1s?oc=5,Yahoo奇摩股市,除息人氣旺！00878單周增逾6千名股東 人氣勝0050、0056 - Yahoo奇摩股市,0.2
2022-11-14 01:50:33,0050,https://news.google.com/__i/rss/rd/articles/CBMisAFodHRwczovL3R3LnN0b2NrLnlhaG9vLmNvbS9uZXdzLzAwODc4LSVFNSU5NiVBRSVFNSU5MSVBOCVFNSVBMiU5RSVFOSU4MCVCRS02LSVFNSU4RCU4MyVFNSU5MCU4RCVFOCU4MiVBMSVFNiU5RCVCMS0lRTQlQkElQkElRTYlQjAlQTMlRTUlOEIlOUQtMDA1MC0lRTMlODAlODEtMDA1Ni0wMTQwMTI4MzUuaHRtbNIBuAFodHRwczovL3R3LnN0b2NrLnlhaG9vLmNvbS9hbXBodG1sL25ld3MvMDA4NzgtJUU1JTk2JUFFJUU1JTkxJUE4JUU1JUEyJTlFJUU5JTgwJUJFLTYtJUU1JThEJTgzJUU1JTkwJThEJUU4JTgyJUExJUU2JTlEJUIxLSVFNCVCQSVCQSVFNiVCMCVBMyVFNSU4QiU5RC0wMDUwLSVFMyU4MCU4MS0wMDU2LTAxNDAxMjgzNS5odG1s?oc=5,Yahoo奇摩股市,除息人氣旺！00878單周增逾6千名股東 人氣勝0050、0056 - Yahoo奇摩股市,0.2
2022-11-14 02:15:00,0050,https://news.google.com/__i/rss/rd/articles/CBMisAFodHRwczovL3R3LnN0b2NrLnlhaG9vLmNvbS9uZXdzLzAwODc4LSVFNSU5NiVBRSVFNSU5MSVBOCVFNSVBMiU5RSVFOSU4MCVCRS02LSVFNSU4RCU4MyVFNSU5MCU4RCVFOCU4MiVBMSVFNiU5RCVCMS0lRTQlQkElQkElRTYlQjAlQTMlRTUlOEIlOUQtMDA1MC0lRTMlODAlODEtMDA1Ni0wMTQwMTI4MzUuaHRtbNIBuAFodHRwczovL3R3LnN0b2NrLnlhaG9vLmNvbS9hbXBodG1sL25ld3MvMDA4NzgtJUU1JTk2JUFFJUU1JTkxJUE4JUU1JUEyJTlFJUU5JTgwJUJFLTYtJUU1JThEJTgzJUU1JTkwJThEJUU4JTgyJUExJUU2JTlEJUIxLSVFNCVCQSVCQSVFNiVCMCVBMyVFNSU4QiU5RC0wMDUwLSVFMyU4MCU4MS0wMDU2LTAxNDAxMjgzNS5odG1s?oc=5,Yahoo奇摩股市,除息人氣旺！00878單周增逾6千名股東 人氣勝0050、0056 - Yahoo奇摩股市,0.2
2022-11-14 03:45:00,0050,https://news.google.com/__i/rss/rd/articles/CBMisAFodHRwczovL3R3LnN0b2NrLnlhaG9vLmNvbS9uZXdzLzAwODc4LSVFNSU5NiVBRSVFNSU5MSVBOCVFNSVBMiU5RSVFOSU4MCVCRS02LSVFNSU4RCU4MyVFNSU5MCU4RCVFOCU4MiVBMSVFNiU5RCVCMS0lRTQlQkElQkElRTYlQjAlQTMlRTUlOEIlOUQtMDA1MC0lRTMlODAlODEtMDA1Ni0wMTQwMTI4MzUuaHRtbNIBuAFodHRwczovL3R3LnN0b2NrLnlhaG9vLmNvbS9hbXBodG1sL25ld3MvMDA4NzgtJUU1JTk2JUFFJUU1JTkxJUE4JUU1JUEyJTlFJUU5JTgwJUJFLTYtJUU1JThEJTgzJUU1JTkwJThEJUU4JTgyJUExJUU2JTlEJUIxLSVFNCVCQSVCQSVFNiVCMCVBMyVFNSU4QiU5RC0wMDUwLSVFMyU4MCU4MS0wMDU2LTAxNDAxMjgzNS5odG1s?oc=5,Yahoo奇摩股市,除息人氣旺！00878單周增逾6千名股東 人氣勝0050、0056 - Yahoo奇摩股市,0.2
2022-11-14 03:48:24,0050,https://news.google.com/__i/rss/rd/articles/CBMisAFodHRwczovL3R3LnN0b2NrLnlhaG9vLmNvbS9uZXdzLzAwODc4LSVFNSU5NiVBRSVFNSU5MSVBOCVFNSVBMiU5RSVFOSU4MCVCRS02LSVFNSU4RCU4MyVFNSU5MCU4RCVFOCU4MiVBMSVFNiU5RCVCMS0lRTQlQkElQkElRTYlQjAlQTMlRTUlOEIlOUQtMDA1MC0lRTMlODAlODEtMDA1Ni0wMTQwMTI4MzUuaHRtbNIBuAFodHRwczovL3R3LnN0b2NrLnlhaG9vLmNvbS9hbXBodG1sL25ld3MvMDA4NzgtJUU1JTk2JUFFJUU1JTkxJUE4JUU1JUEyJTlFJUU5JTgwJUJFLTYtJUU1JThEJTgzJUU1JTkwJThEJUU4JTgyJUExJUU2JTlEJUIxLSVFNCVCQSVCQSVFNiVCMCVBMyVFNSU4QiU5RC0wMDUwLSVFMyU4MCU4MS0wMDU2LTAxNDAxMjgzNS5odG1s?oc=5,Yahoo奇摩股市,除息人氣旺！00878單周增逾6千名股東 人氣勝0050、0056 - Yahoo奇摩股市,0.2
2022-11-14 08:00:00,0050,https://news.google.com/__i/rss/rd/articles/CBMitAFodHRwczovL3R3LnN0b2NrLnlhaG9vLmNvbS9uZXdzLzE0LSVFNiVBQSU5NCVFOCU4MiVBMSVFNyVBNSVBOCVFNSU5RSU4QmV0ZiVFNiU5OCU4RSVFNSVBNCVBOSVFOSU5OSVBNCVFNiU4MSVBRi0lRTYlQUUlOTYlRTUlODglQTklRTclOEUlODclRTYlQUYlOTQlRTQlQjglODAlRTYlQUYlOTQtMDA0MjMxNTMwLmh0bWzSAbwBaHR0cHM6Ly90dy5zdG9jay55YWhvby5jb20vYW1waHRtbC9uZXdzLzE0LSVFNiVBQSU5NCVFOCU4MiVBMSVFNyVBNSVBOCVFNSU5RSU4QmV0ZiVFNiU5OCU4RSVFNSVBNCVBOSVFOSU5OSVBNCVFNiU4MSVBRi0lRTYlQUUlOTYlRTUlODglQTklRTclOEUlODclRTYlQUYlOTQlRTQlQjglODAlRTYlQUYlOTQtMDA0MjMxNTMwLmh0bWw?oc=5,Yahoo奇摩股市,最後買進日！14檔股票型ETF明天除息 殖利率比一比「小0050」勝出 - Yahoo奇摩股市,0.0
2022-11-15 00:44:10,0050,https://news.google.com/__i/rss/rd/articles/CBMitAFodHRwczovL3R3LnN0b2NrLnlhaG9vLmNvbS9uZXdzLzE0LSVFNiVBQSU5NCVFOCU4MiVBMSVFNyVBNSVBOCVFNSU5RSU4QmV0ZiVFNiU5OCU4RSVFNSVBNCVBOSVFOSU5OSVBNCVFNiU4MSVBRi0lRTYlQUUlOTYlRTUlODglQTklRTclOEUlODclRTYlQUYlOTQlRTQlQjglODAlRTYlQUYlOTQtMDA0MjMxNTMwLmh0bWzSAbwBaHR0cHM6Ly90dy5zdG9jay55YWhvby5jb20vYW1waHRtbC9uZXdzLzE0LSVFNiVBQSU5NCVFOCU4MiVBMSVFNyVBNSVBOCVFNSU5RSU4QmV0ZiVFNiU5OCU4RSVFNSVBNCVBOSVFOSU5OSVBNCVFNiU4MSVBRi0lRTYlQUUlOTYlRTUlODglQTklRTclOEUlODclRTYlQUYlOTQlRTQlQjglODAlRTYlQUYlOTQtMDA0MjMxNTMwLmh0bWw?oc=5,Yahoo奇摩股市,最後買進日！14檔股票型ETF明天除息 殖利率比一比「小0050」勝出 - Yahoo奇摩股市,0.0
2022-11-15 02:37:30,0050,https://news.google.com/__i/rss/rd/articles/CBMitAFodHRwczovL3R3LnN0b2NrLnlhaG9vLmNvbS9uZXdzLzE0LSVFNiVBQSU5NCVFOCU4MiVBMSVFNyVBNSVBOCVFNSU5RSU4QmV0ZiVFNiU5OCU4RSVFNSVBNCVBOSVFOSU5OSVBNCVFNiU4MSVBRi0lRTYlQUUlOTYlRTUlODglQTklRTclOEUlODclRTYlQUYlOTQlRTQlQjglODAlRTYlQUYlOTQtMDA0MjMxNTMwLmh0bWzSAbwBaHR0cHM6Ly90dy5zdG9jay55YWhvby5jb20vYW1waHRtbC9uZXdzLzE0LSVFNiVBQSU5NCVFOCU4MiVBMSVFNyVBNSVBOCVFNSU5RSU4QmV0ZiVFNiU5OCU4RSVFNSVBNCVBOSVFOSU5OSVBNCVFNiU4MSVBRi0lRTYlQUUlOTYlRTUlODglQTklRTclOEUlODclRTYlQUYlOTQlRTQlQjglODAlRTYlQUYlOTQtMDA0MjMxNTMwLmh0bWw?oc=5,Yahoo奇摩股市,最後買進日！14檔股票型ETF明天除息 殖利率比一比「小0050」勝出 - Yahoo奇摩股市,0.0
2022-11-15 03:09:13,0050,https://news.google.com/__i/rss/rd/articles/CBMitAFodHRwczovL3R3LnN0b2NrLnlhaG9vLmNvbS9uZXdzLzE0LSVFNiVBQSU5NCVFOCU4MiVBMSVFNyVBNSVBOCVFNSU5RSU4QmV0ZiVFNiU5OCU4RSVFNSVBNCVBOSVFOSU5OSVBNCVFNiU4MSVBRi0lRTYlQUUlOTYlRTUlODglQTklRTclOEUlODclRTYlQUYlOTQlRTQlQjglODAlRTYlQUYlOTQtMDA0MjMxNTMwLmh0bWzSAbwBaHR0cHM6Ly90dy5zdG9jay55YWhvby5jb20vYW1waHRtbC9uZXdzLzE0LSVFNiVBQSU5NCVFOCU4MiVBMSVFNyVBNSVBOCVFNSU5RSU4QmV0ZiVFNiU5OCU4RSVFNSVBNCVBOSVFOSU5OSVBNCVFNiU4MSVBRi0lRTYlQUUlOTYlRTUlODglQTklRTclOEUlODclRTYlQUYlOTQlRTQlQjglODAlRTYlQUYlOTQtMDA0MjMxNTMwLmh0bWw?oc=5,Yahoo奇摩股市,最後買進日！14檔股票型ETF明天除息 殖利率比一比「小0050」勝出 - Yahoo奇摩股市,0.0
2022-11-15 08:00:00,0050,https://news.google.com/__i/rss/rd/articles/CBMikwFodHRwczovL3R3LnN0b2NrLnlhaG9vLmNvbS9uZXdzLzAwNTAtMDA1NiVFOCVBNiU4RiVFNiVBOCVBMSVFNyVBMCVCNCVFNyVCNCU4MCVFOSU4QyU4NC0lRTglODIlQTElRTUlODMlQjklRTUlODUlQTklRTYlQTglQTMlRTYlODMlODUtMDI0NzUwNjI1Lmh0bWzSAZsBaHR0cHM6Ly90dy5zdG9jay55YWhvby5jb20vYW1waHRtbC9uZXdzLzAwNTAtMDA1NiVFOCVBNiU4RiVFNiVBOCVBMSVFNyVBMCVCNCVFNyVCNCU4MCVFOSU4QyU4NC0lRTglODIlQTElRTUlODMlQjklRTUlODUlQTklRTYlQTglQTMlRTYlODMlODUtMDI0NzUwNjI1Lmh0bWw?oc=5,Yahoo奇摩股市,0050、0056規模破紀錄 股價兩樣情 - Yahoo奇摩股市,0.0
2022-11-15 08:00:00,0050,https://news.google.com/rss/articles/CBMisAFodHRwczovL3R3LnN0b2NrLnlhaG9vLmNvbS9uZXdzLyVFNSU4RiVCMCVFOCU4MiVBMSVFNSVBNCVBNyVFNiVCQyVCMiVFNiVCRiU4MCVFNSU4QiVCNSVFRiVCQyU4MS0wMDUwLSVFOCVBNiU4RiVFNiVBOCVBMSVFOCVBMSU5RCVFNyVBMCVCNC0yNjAwLSVFNSU4NCU4NCVFNSU4NSU4My0xMDUxMTM2OTQuaHRtbNIBAA?oc=5,Yahoo奇摩股市,"ETF／5檔ETF強漲逾4% 0050規模衝破2,600億元改寫新高 - Yahoo奇摩股市",0.3
2022-11-15 08:00:00,0050,https://news.google.com/rss/articles/CBMisAFodHRwczovL3R3LnN0b2NrLnlhaG9vLmNvbS9uZXdzLyVFNSU4RiVCMCVFOCU4MiVBMSVFNSVBNCVBNyVFNiVCQyVCMiVFNiVCRiU4MCVFNSU4QiVCNSVFRiVCQyU4MS0wMDUwLSVFOCVBNiU4RiVFNiVBOCVBMSVFOCVBMSU5RCVFNyVBMCVCNC0yNjAwLSVFNSU4NCU4NCVFNSU4NSU4My0xMDUxMTM2OTQuaHRtbNIBuAFodHRwczovL3R3LnN0b2NrLnlhaG9vLmNvbS9hbXBodG1sL25ld3MvJUU1JThGJUIwJUU4JTgyJUExJUU1JUE0JUE3JUU2JUJDJUIyJUU2JUJGJTgwJUU1JThCJUI1JUVGJUJDJTgxLTAwNTAtJUU4JUE2JThGJUU2JUE4JUExJUU4JUExJTlEJUU3JUEwJUI0LTI2MDAtJUU1JTg0JTg0JUU1JTg1JTgzLTEwNTExMzY5NC5odG1s?oc=5,Yahoo奇摩股市,"台股大漲激勵！5檔ETF強漲逾4% 0050規模衝破2,600億元改寫新高 - Yahoo奇摩股市",0.3
2022-11-15 08:00:00,0050,https://news.google.com/rss/articles/CBMiJmh0dHBzOi8vbmV3cy5jbnllcy5jb20vbmV3cy9pZC81MDEyNzA10gEqaHR0cHM6Ly9hbXAtbmV3cy5jbnllcy5jb20vbmV3cy9pZC81MDEyNzA1?oc=5,Anue鉅亨,0050、0056規模破紀錄 股價兩樣情 - Anue鉅亨,0.0
2022-11-15 10:51:13,0050,https://news.google.com/__i/rss/rd/articles/CBMisAFodHRwczovL3R3LnN0b2NrLnlhaG9vLmNvbS9uZXdzLyVFNSU4RiVCMCVFOCU4MiVBMSVFNSVBNCVBNyVFNiVCQyVCMiVFNiVCRiU4MCVFNSU4QiVCNSVFRiVCQyU4MS0wMDUwLSVFOCVBNiU4RiVFNiVBOCVBMSVFOCVBMSU5RCVFNyVBMCVCNC0yNjAwLSVFNSU4NCU4NCVFNSU4NSU4My0xMDUxMTM2OTQuaHRtbNIBuAFodHRwczovL3R3LnN0b2NrLnlhaG9vLmNvbS9hbXBodG1sL25ld3MvJUU1JThGJUIwJUU4JTgyJUExJUU1JUE0JUE3JUU2JUJDJUIyJUU2JUJGJTgwJUU1JThCJUI1JUVGJUJDJTgxLTAwNTAtJUU4JUE2JThGJUU2JUE4JUExJUU4JUExJTlEJUU3JUEwJUI0LTI2MDAtJUU1JTg0JTg0JUU1JTg1JTgzLTEwNTExMzY5NC5odG1s?oc=5,Yahoo奇摩股市,"台股大漲激勵！5檔ETF強漲逾4% 0050規模衝破2,600億元改寫新高 - Yahoo奇摩股市",0.3
2022-11-15 11:10:17,0050,https://news.google.com/__i/rss/rd/articles/CBMisAFodHRwczovL3R3LnN0b2NrLnlhaG9vLmNvbS9uZXdzLyVFNSU4RiVCMCVFOCU4MiVBMSVFNSVBNCVBNyVFNiVCQyVCMiVFNiVCRiU4MCVFNSU4QiVCNSVFRiVCQyU4MS0wMDUwLSVFOCVBNiU4RiVFNiVBOCVBMSVFOCVBMSU5RCVFNyVBMCVCNC0yNjAwLSVFNSU4NCU4NCVFNSU4NSU4My0xMDUxMTM2OTQuaHRtbNIBuAFodHRwczovL3R3LnN0b2NrLnlhaG9vLmNvbS9hbXBodG1sL25ld3MvJUU1JThGJUIwJUU4JTgyJUExJUU1JUE0JUE3JUU2JUJDJUIyJUU2JUJGJTgwJUU1JThCJUI1JUVGJUJDJTgxLTAwNTAtJUU4JUE2JThGJUU2JUE4JUExJUU4JUExJTlEJUU3JUEwJUI0LTI2MDAtJUU1JTg0JTg0JUU1JTg1JTgzLTEwNTExMzY5NC5odG1s?oc=5,Yahoo奇摩股市,"台股大漲激勵！5檔ETF強漲逾4% 0050規模衝破2,600億元改寫新高 - Yahoo奇摩股市",0.3
2022-11-16 02:47:50,0050,https://news.google.com/__i/rss/rd/articles/CBMiJmh0dHBzOi8vbmV3cy5jbnllcy5jb20vbmV3cy9pZC81MDEyNzA10gEA?oc=5,Anue鉅亨,0050、0056規模破紀錄股價兩樣情| Anue鉅亨- 台股新聞 - Anue鉅亨,0.0
2022-11-16 02:47:50,0050,https://news.google.com/__i/rss/rd/articles/CBMiJmh0dHBzOi8vbmV3cy5jbnllcy5jb20vbmV3cy9pZC81MDEyNzA10gEA?oc=5,Anue鉅亨,0050、0056規模破紀錄 股價兩樣情 - Anue鉅亨,0.0
2022-11-18 13:54:25,0050,https://news.google.com/__i/rss/rd/articles/CBMiLmh0dHBzOi8vbW9uZXkudWRuLmNvbS9tb25leS9zdG9yeS81NjE4LzY2ODkzOTXSATJodHRwczovL21vbmV5LnVkbi5jb20vbW9uZXkvYW1wL3N0b3J5LzU2MTgvNjY4OTM5NQ?oc=5,經濟日報,元大台灣50 伺機布局 - 經濟日報,0.2
2022-11-19 08:00:00,0050,https://news.google.com/__i/rss/rd/articles/CBMiS2h0dHBzOi8vbW9uZXkudWRuLmNvbS9tb25leS9zdG9yeS81NjE4LzY3Nzc5NTc_ZnJvbT1lZG5fcmVsYXRlZF9zdG9yeWJvdHRvbdIBMmh0dHBzOi8vbW9uZXkudWRuLmNvbS9tb25leS9hbXAvc3RvcnkvNTYxOC82Nzc3OTU3?oc=5,經濟日報,元大台灣50 短多格局 - 經濟日報,0.2
2022-11-19 15:27:02,0050,https://news.google.com/__i/rss/rd/articles/CBMiQmh0dHBzOi8vbW9uZXkudWRuLmNvbS9tb25leS9zdG9yeS81NjE4LzY3Nzc5NTc_ZnJvbT1lZG5fbmV4dF9zdG9yedIBMmh0dHBzOi8vbW9uZXkudWRuLmNvbS9tb25leS9hbXAvc3RvcnkvNTYxOC82Nzc3OTU3?oc=5,經濟日報,元大台灣50 短多格局 - 經濟日報,0.2
2022-11-25 06:31:15,0050,https://news.google.com/__i/rss/rd/articles/CBMiKWh0dHBzOi8vY3RlZS5jb20udHcvbmV3cy9mdW5kLzc2MjAzNC5odG1s0gEA?oc=5,工商時報,存股越存越甜0050、00878規模創新高 - 工商時報,0.0
2022-11-25 08:00:00,0050,https://news.google.com/__i/rss/rd/articles/CBMiKWh0dHBzOi8vY3RlZS5jb20udHcvbmV3cy9mdW5kLzc2MjAzNC5odG1s0gEA?oc=5,工商時報,存股越存越甜0050、00878規模創新高 - 工商時報,0.0
2022-11-25 08:00:00,0050,https://news.google.com/__i/rss/rd/articles/CBMizgFodHRwczovL3R3LnN0b2NrLnlhaG9vLmNvbS9uZXdzLyVFNSU5RiVCQSVFOSU4NyU5MS0wMDUwLTAwODc4JUU4JUE2JThGJUU2JUE4JUExJUU1JTg5JUI1JUU5JUFCJTk4LSVFNSVCMCU4RiVFOCVCMyU4NyVFNSVBNSVCMyVFNSU4QSVBMCVFOCU5NiVBQS0lRTYlQUYlOTQlRTQlQjglOEElRTYlOUMlODglRTUlQTQlOUExMCVFOCU5MCVBQy0wODQ3Mjg3OTMuaHRtbNIB1gFodHRwczovL3R3LnN0b2NrLnlhaG9vLmNvbS9hbXBodG1sL25ld3MvJUU1JTlGJUJBJUU5JTg3JTkxLTAwNTAtMDA4NzglRTglQTYlOEYlRTYlQTglQTElRTUlODklQjUlRTklQUIlOTgtJUU1JUIwJThGJUU4JUIzJTg3JUU1JUE1JUIzJUU1JThBJUEwJUU4JTk2JUFBLSVFNiVBRiU5NCVFNCVCOCU4QSVFNiU5QyU4OCVFNSVBNCU5QTEwJUU4JTkwJUFDLTA4NDcyODc5My5odG1s?oc=5,Yahoo奇摩股市,《基金》0050、00878規模創高 小資女加薪 比上月多10萬 - Yahoo奇摩股市,0.0
2022-11-25 08:00:00,0050,https://news.google.com/__i/rss/rd/articles/CBMizgFodHRwczovL3R3LnN0b2NrLnlhaG9vLmNvbS9uZXdzLyVFNSU5RiVCQSVFOSU4NyU5MS0wMDUwLTAwODc4JUU4JUE2JThGJUU2JUE4JUExJUU1JTg5JUI1JUU5JUFCJTk4LSVFNSVCMCU4RiVFOCVCMyU4NyVFNSVBNSVCMyVFNSU4QSVBMCVFOCU5NiVBQS0lRTYlQUYlOTQlRTQlQjglOEElRTYlOUMlODglRTUlQTQlOUExMCVFOCU5MCVBQy0wODQ3Mjg3OTMuaHRtbNIBAA?oc=5,Yahoo奇摩股市,《基金》0050、00878規模創高小資女加薪比上月多10萬 - Yahoo奇摩股市,0.0
2022-11-25 08:47:28,0050,https://news.google.com/__i/rss/rd/articles/CBMizgFodHRwczovL3R3LnN0b2NrLnlhaG9vLmNvbS9uZXdzLyVFNSU5RiVCQSVFOSU4NyU5MS0wMDUwLTAwODc4JUU4JUE2JThGJUU2JUE4JUExJUU1JTg5JUI1JUU5JUFCJTk4LSVFNSVCMCU4RiVFOCVCMyU4NyVFNSVBNSVCMyVFNSU4QSVBMCVFOCU5NiVBQS0lRTYlQUYlOTQlRTQlQjglOEElRTYlOUMlODglRTUlQTQlOUExMCVFOCU5MCVBQy0wODQ3Mjg3OTMuaHRtbNIB1gFodHRwczovL3R3LnN0b2NrLnlhaG9vLmNvbS9hbXBodG1sL25ld3MvJUU1JTlGJUJBJUU5JTg3JTkxLTAwNTAtMDA4NzglRTglQTYlOEYlRTYlQTglQTElRTUlODklQjUlRTklQUIlOTgtJUU1JUIwJThGJUU4JUIzJTg3JUU1JUE1JUIzJUU1JThBJUEwJUU4JTk2JUFBLSVFNiVBRiU5NCVFNCVCOCU4QSVFNiU5QyU4OCVFNSVBNCU5QTEwJUU4JTkwJUFDLTA4NDcyODc5My5odG1s?oc=5,Yahoo奇摩股市,《基金》0050、00878規模創高 小資女加薪 比上月多10萬 - Yahoo奇摩股市,0.0
2022-11-26 16:03:43,0050,https://news.google.com/__i/rss/rd/articles/CBMiTGh0dHBzOi8vbW9uZXkudWRuLmNvbS9tb25leS9zdG9yeS81NjE4LzY3OTUzODQ_ZnJvbT1lZG5fbmV3ZXN0bGlzdF9jYXRlX3NpZGXSATJodHRwczovL21vbmV5LnVkbi5jb20vbW9uZXkvYW1wL3N0b3J5LzU2MTgvNjc5NTM4NA?oc=5,經濟日報,元大台灣50 偏多看待 - 經濟日報,0.3
2022-11-27 08:00:00,0050,https://news.google.com/__i/rss/rd/articles/CBMipwFodHRwczovL3R3LnN0b2NrLnlhaG9vLmNvbS9uZXdzLzAwNTAtJUU1JTk2JUFFJUU1JTkxJUE4JUU1JUIwJTkxJUU5JTgwJUJFLTMtJUU1JThEJTgzJUU1JTkwJThEJUU4JTgyJUExJUU2JTlEJUIxLTAwODc4LSVFNCVCQiU4RCVFNSVBMiU5RS01Nzc1LSVFNCVCQSVCQS0wMTM0NDkyOTAuaHRtbNIBrwFodHRwczovL3R3LnN0b2NrLnlhaG9vLmNvbS9hbXBodG1sL25ld3MvMDA1MC0lRTUlOTYlQUUlRTUlOTElQTglRTUlQjAlOTElRTklODAlQkUtMy0lRTUlOEQlODMlRTUlOTAlOEQlRTglODIlQTElRTYlOUQlQjEtMDA4NzgtJUU0JUJCJThEJUU1JUEyJTlFLTU3NzUtJUU0JUJBJUJBLTAxMzQ0OTI5MC5odG1s?oc=5,Yahoo奇摩股市,"逢高先逃？0050單周少逾3千名股東 00878仍增5,775人 - Yahoo奇摩股市",0.0
2022-11-28 08:00:00,0050,https://news.google.com/__i/rss/rd/articles/CBMizgFodHRwczovL3R3LnN0b2NrLnlhaG9vLmNvbS9uZXdzLyVFOSU5QiVCNiVFOCU4MiVBMSVFNiU4QSU5NSVFOCVCMyU4NyVFNSVBNCVBRiVFRiVCQyU4MSVFNSU4RiVCMCVFNyVBOSU4RCVFOSU5QiVCQiVFMyU4MCU4MS0wMDUwLSVFMyU4MCU4MSVFOSU5NSVCNyVFNiVBNiVBRSVFNCVCQSVCQSVFNiVCMCVBMyVFNiU5QyU4MCVFNiU5NyVCQS0wMTQxMTU4MzUuaHRtbNIBAA?oc=5,Yahoo奇摩股市,零股投資夯！台積電、0050、長榮人氣最旺前10名一次看 - Yahoo奇摩股市,0.0
2022-11-28 08:00:00,0050,https://news.google.com/rss/articles/CBMizgFodHRwczovL3R3LnN0b2NrLnlhaG9vLmNvbS9uZXdzLyVFOSU5QiVCNiVFOCU4MiVBMSVFNiU4QSU5NSVFOCVCMyU4NyVFNSVBNCVBRiVFRiVCQyU4MSVFNSU4RiVCMCVFNyVBOSU4RCVFOSU5QiVCQiVFMyU4MCU4MS0wMDUwLSVFMyU4MCU4MSVFOSU5NSVCNyVFNiVBNiVBRSVFNCVCQSVCQSVFNiVCMCVBMyVFNiU5QyU4MCVFNiU5NyVCQS0wMTQxMTU4MzUuaHRtbNIB1gFodHRwczovL3R3LnN0b2NrLnlhaG9vLmNvbS9hbXBodG1sL25ld3MvJUU5JTlCJUI2JUU4JTgyJUExJUU2JThBJTk1JUU4JUIzJTg3JUU1JUE0JUFGJUVGJUJDJTgxJUU1JThGJUIwJUU3JUE5JThEJUU5JTlCJUJCJUUzJTgwJTgxLTAwNTAtJUUzJTgwJTgxJUU5JTk1JUI3JUU2JUE2JUFFJUU0JUJBJUJBJUU2JUIwJUEzJUU2JTlDJTgwJUU2JTk3JUJBLTAxNDExNTgzNS5odG1s?oc=5,Yahoo奇摩股市,零股投資夯！台積電、0050、長榮人氣最旺 前10名一次看 - Yahoo奇摩股市,0.0
2022-11-29 01:44:45,0050,https://news.google.com/__i/rss/rd/articles/CBMizgFodHRwczovL3R3LnN0b2NrLnlhaG9vLmNvbS9uZXdzLyVFOSU5QiVCNiVFOCU4MiVBMSVFNiU4QSU5NSVFOCVCMyU4NyVFNSVBNCVBRiVFRiVCQyU4MSVFNSU4RiVCMCVFNyVBOSU4RCVFOSU5QiVCQiVFMyU4MCU4MS0wMDUwLSVFMyU4MCU4MSVFOSU5NSVCNyVFNiVBNiVBRSVFNCVCQSVCQSVFNiVCMCVBMyVFNiU5QyU4MCVFNiU5NyVCQS0wMTQxMTU4MzUuaHRtbNIBAA?oc=5,Yahoo奇摩股市,零股投資夯！台積電、0050、長榮人氣最旺前10名一次看 - Yahoo奇摩股市,0.0
2022-11-29 01:44:45,0050,https://news.google.com/__i/rss/rd/articles/CBMizgFodHRwczovL3R3LnN0b2NrLnlhaG9vLmNvbS9uZXdzLyVFOSU5QiVCNiVFOCU4MiVBMSVFNiU4QSU5NSVFOCVCMyU4NyVFNSVBNCVBRiVFRiVCQyU4MSVFNSU4RiVCMCVFNyVBOSU4RCVFOSU5QiVCQiVFMyU4MCU4MS0wMDUwLSVFMyU4MCU4MSVFOSU5NSVCNyVFNiVBNiVBRSVFNCVCQSVCQSVFNiVCMCVBMyVFNiU5QyU4MCVFNiU5NyVCQS0wMTQxMTU4MzUuaHRtbNIB1gFodHRwczovL3R3LnN0b2NrLnlhaG9vLmNvbS9hbXBodG1sL25ld3MvJUU5JTlCJUI2JUU4JTgyJUExJUU2JThBJTk1JUU4JUIzJTg3JUU1JUE0JUFGJUVGJUJDJTgxJUU1JThGJUIwJUU3JUE5JThEJUU5JTlCJUJCJUUzJTgwJTgxLTAwNTAtJUUzJTgwJTgxJUU5JTk1JUI3JUU2JUE2JUFFJUU0JUJBJUJBJUU2JUIwJUEzJUU2JTlDJTgwJUU2JTk3JUJBLTAxNDExNTgzNS5odG1s?oc=5,Yahoo奇摩股市,零股投資夯！台積電、0050、長榮人氣最旺 前10名一次看 - Yahoo奇摩股市,0.0
2022-11-29 02:15:00,0050,https://news.google.com/__i/rss/rd/articles/CBMizgFodHRwczovL3R3LnN0b2NrLnlhaG9vLmNvbS9uZXdzLyVFOSU5QiVCNiVFOCU4MiVBMSVFNiU4QSU5NSVFOCVCMyU4NyVFNSVBNCVBRiVFRiVCQyU4MSVFNSU4RiVCMCVFNyVBOSU4RCVFOSU5QiVCQiVFMyU4MCU4MS0wMDUwLSVFMyU4MCU4MSVFOSU5NSVCNyVFNiVBNiVBRSVFNCVCQSVCQSVFNiVCMCVBMyVFNiU5QyU4MCVFNiU5NyVCQS0wMTQxMTU4MzUuaHRtbNIB1gFodHRwczovL3R3LnN0b2NrLnlhaG9vLmNvbS9hbXBodG1sL25ld3MvJUU5JTlCJUI2JUU4JTgyJUExJUU2JThBJTk1JUU4JUIzJTg3JUU1JUE0JUFGJUVGJUJDJTgxJUU1JThGJUIwJUU3JUE5JThEJUU5JTlCJUJCJUUzJTgwJTgxLTAwNTAtJUUzJTgwJTgxJUU5JTk1JUI3JUU2JUE2JUFFJUU0JUJBJUJBJUU2JUIwJUEzJUU2JTlDJTgwJUU2JTk3JUJBLTAxNDExNTgzNS5odG1s?oc=5,Yahoo奇摩股市,零股投資夯！台積電、0050、長榮人氣最旺 前10名一次看 - Yahoo奇摩股市,0.0
2022-11-29 03:32:48,0050,https://news.google.com/__i/rss/rd/articles/CBMizgFodHRwczovL3R3LnN0b2NrLnlhaG9vLmNvbS9uZXdzLyVFOSU5QiVCNiVFOCU4MiVBMSVFNiU4QSU5NSVFOCVCMyU4NyVFNSVBNCVBRiVFRiVCQyU4MSVFNSU4RiVCMCVFNyVBOSU4RCVFOSU5QiVCQiVFMyU4MCU4MS0wMDUwLSVFMyU4MCU4MSVFOSU5NSVCNyVFNiVBNiVBRSVFNCVCQSVCQSVFNiVCMCVBMyVFNiU5QyU4MCVFNiU5NyVCQS0wMTQxMTU4MzUuaHRtbNIB1gFodHRwczovL3R3LnN0b2NrLnlhaG9vLmNvbS9hbXBodG1sL25ld3MvJUU5JTlCJUI2JUU4JTgyJUExJUU2JThBJTk1JUU4JUIzJTg3JUU1JUE0JUFGJUVGJUJDJTgxJUU1JThGJUIwJUU3JUE5JThEJUU5JTlCJUJCJUUzJTgwJTgxLTAwNTAtJUUzJTgwJTgxJUU5JTk1JUI3JUU2JUE2JUFFJUU0JUJBJUJBJUU2JUIwJUEzJUU2JTlDJTgwJUU2JTk3JUJBLTAxNDExNTgzNS5odG1s?oc=5,Yahoo奇摩股市,零股投資夯！台積電、0050、長榮人氣最旺 前10名一次看 - Yahoo奇摩股市,0.0
2022-11-30 03:41:06,0050,https://news.google.com/__i/rss/rd/articles/CBMiugJodHRwczovL3R3LnN0b2NrLnlhaG9vLmNvbS9uZXdzLyVFNiU4MCU4RSVFOSVCQSVCQyVFNSU4OCVBNCVFNiU5NiVCNyVFNSVBNCVBNyVFNyU5QiVBNCVFNiU5OCVBRiVFNSU5MCVBNiVFNiVBRCVBMiVFOCVCNyU4Qy0lRTUlQkMlQjUlRTclOUMlOUYlRTUlOEQlQkYlRTYlOTUlOTklRTQlQkQlQTAtJUU5JTgwJTk5JUU2JUE4JUEzJUU4JUIyJUI3LTAwNTAlRTglQTklQTYlRTYlQjAlQjQlRTYlQkElQUItJUU1JThGJUIwJUU4JTgyJUExJUU4JThCJUE1JUU5JTg3JThEJUU4JUJGJTk0JUU1JUE0JTlBJUU5JUEwJUFELTAzMjkzNDg1OS5odG1sP2JjbXQ9MdIBuwJodHRwczovL3R3LnN0b2NrLnlhaG9vLmNvbS9hbXBodG1sL25ld3MvJUU2JTgwJThFJUU5JUJBJUJDJUU1JTg4JUE0JUU2JTk2JUI3JUU1JUE0JUE3JUU3JTlCJUE0JUU2JTk4JUFGJUU1JTkwJUE2JUU2JUFEJUEyJUU4JUI3JThDLSVFNSVCQyVCNSVFNyU5QyU5RiVFNSU4RCVCRiVFNiU5NSU5OSVFNCVCRCVBMC0lRTklODAlOTklRTYlQTglQTMlRTglQjIlQjctMDA1MCVFOCVBOSVBNiVFNiVCMCVCNCVFNiVCQSVBQi0lRTUlOEYlQjAlRTglODIlQTElRTglOEIlQTUlRTklODclOEQlRTglQkYlOTQlRTUlQTQlOUElRTklQTAlQUQtMDMyOTM0ODU5Lmh0bWw?oc=5,Yahoo奇摩股市,怎麼判斷大盤是否止跌？張真卿教你「這樣買」0050試水溫：台股若重返多頭，下一佈局焦點是它 - Yahoo奇摩股市,0.0
2022-11-30 03:41:57,0050,https://news.google.com/__i/rss/rd/articles/CBMiswJodHRwczovL3R3LnN0b2NrLnlhaG9vLmNvbS9uZXdzLyVFNiU4MCU4RSVFOSVCQSVCQyVFNSU4OCVBNCVFNiU5NiVCNyVFNSVBNCVBNyVFNyU5QiVBNCVFNiU5OCVBRiVFNSU5MCVBNiVFNiVBRCVBMiVFOCVCNyU4Qy0lRTUlQkMlQjUlRTclOUMlOUYlRTUlOEQlQkYlRTYlOTUlOTklRTQlQkQlQTAtJUU5JTgwJTk5JUU2JUE4JUEzJUU4JUIyJUI3LTAwNTAlRTglQTklQTYlRTYlQjAlQjQlRTYlQkElQUItJUU1JThGJUIwJUU4JTgyJUExJUU4JThCJUE1JUU5JTg3JThEJUU4JUJGJTk0JUU1JUE0JTlBJUU5JUEwJUFELTAzMjkzNDg1OS5odG1s0gG7Amh0dHBzOi8vdHcuc3RvY2sueWFob28uY29tL2FtcGh0bWwvbmV3cy8lRTYlODAlOEUlRTklQkElQkMlRTUlODglQTQlRTYlOTYlQjclRTUlQTQlQTclRTclOUIlQTQlRTYlOTglQUYlRTUlOTAlQTYlRTYlQUQlQTIlRTglQjclOEMtJUU1JUJDJUI1JUU3JTlDJTlGJUU1JThEJUJGJUU2JTk1JTk5JUU0JUJEJUEwLSVFOSU4MCU5OSVFNiVBOCVBMyVFOCVCMiVCNy0wMDUwJUU4JUE5JUE2JUU2JUIwJUI0JUU2JUJBJUFCLSVFNSU4RiVCMCVFOCU4MiVBMSVFOCU4QiVBNSVFOSU4NyU4RCVFOCVCRiU5NCVFNSVBNCU5QSVFOSVBMCVBRC0wMzI5MzQ4NTkuaHRtbA?oc=5,Yahoo奇摩股市,怎麼判斷大盤是否止跌？張真卿教你「這樣買」0050試水溫：台股若重返多頭，下一佈局焦點是它 - Yahoo奇摩股市,0.0
2022-12-01 03:53:00,0050,https://news.google.com/__i/rss/rd/articles/CBMiUGh0dHBzOi8vbW9uZXkudWRuLmNvbS9tb25leS9zdG9yeS81NjA3LzY4MTA3MjI_ZnJvbT1kZGQtdW1heWxpa2VuZXdzX21vbmV5X2luZGV40gEyaHR0cHM6Ly9tb25leS51ZG4uY29tL21vbmV5L2FtcC9zdG9yeS81NjA3LzY4MTA3MjI?oc=5,經濟日報,ETF投資人趕快看！0050、0056追蹤指數季度調整出爐 - 經濟日報,0.0
2022-12-02 08:00:00,0050,https://news.google.com/__i/rss/rd/articles/CBMiLmh0dHBzOi8vbW9uZXkudWRuLmNvbS9tb25leS9zdG9yeS81NjA3LzY4MTA3MjLSATJodHRwczovL21vbmV5LnVkbi5jb20vbW9uZXkvYW1wL3N0b3J5LzU2MDcvNjgxMDcyMg?oc=5,經濟日報,ETF投資人趕快看！0050、0056追蹤指數季度調整出爐 - 經濟日報,0.0
2022-12-02 08:00:00,0050,https://news.google.com/rss/articles/CBMipQFodHRwczovL3R3LnN0b2NrLnlhaG9vLmNvbS9uZXdzLyVFNSU4RiVCMCVFNSU4QyU5NyVFOCU4MiVBMSVFNSVCOCU4Mi0wMDUwJUU2JTk2JUIwJUU3JUI0JThEJUU5JTgxJUEwJUU2JTlEJUIxJUU2JTk2JUIwLTAwNTYlRTUlQTQlQTclRTYlOEYlOUIlRTglQTElODAtMDMwNDU4NjYzLmh0bWzSAa0BaHR0cHM6Ly90dy5zdG9jay55YWhvby5jb20vYW1waHRtbC9uZXdzLyVFNSU4RiVCMCVFNSU4QyU5NyVFOCU4MiVBMSVFNSVCOCU4Mi0wMDUwJUU2JTk2JUIwJUU3JUI0JThEJUU5JTgxJUEwJUU2JTlEJUIxJUU2JTk2JUIwLTAwNTYlRTUlQTQlQTclRTYlOEYlOUIlRTglQTElODAtMDMwNDU4NjYzLmh0bWw?oc=5,Yahoo奇摩股市,《台北股市》0050新納遠東新 0056大換血 - Yahoo奇摩股市,0.0
2022-12-02 08:00:00,0050,https://news.google.com/rss/articles/CBMiKWh0dHBzOi8vY3RlZS5jb20udHcvbmV3cy9mdW5kLzc2NjMyNy5odG1s0gEA?oc=5,工商時報,股東們照過來! 0050、0056指數調整出爐 - 工商時報,0.0
2022-12-02 09:54:46,0050,https://news.google.com/__i/rss/rd/articles/CBMiKWh0dHBzOi8vY3RlZS5jb20udHcvbmV3cy9mdW5kLzc2NjMyNy5odG1s0gEA?oc=5,工商時報,股東們照過來! 0050、0056指數調整出爐 - 工商時報,0.0
2022-12-02 10:09:34,0050,https://news.google.com/__i/rss/rd/articles/CBMiTGh0dHBzOi8vbW9uZXkudWRuLmNvbS9tb25leS9zdG9yeS81NjA3LzY4MTA3MjI_ZnJvbT1lZG5fbmV3ZXN0bGlzdF9jYXRlX3NpZGXSATJodHRwczovL21vbmV5LnVkbi5jb20vbW9uZXkvYW1wL3N0b3J5LzU2MDcvNjgxMDcyMg?oc=5,經濟日報,ETF投資人趕快看！0050、0056追蹤指數季度調整出爐 - 經濟日報,0.0
2022-12-02 10:14:34,0050,https://news.google.com/__i/rss/rd/articles/CBMiLmh0dHBzOi8vbW9uZXkudWRuLmNvbS9tb25leS9zdG9yeS81NjA3LzY4MTA3MjLSATJodHRwczovL21vbmV5LnVkbi5jb20vbW9uZXkvYW1wL3N0b3J5LzU2MDcvNjgxMDcyMg?oc=5,經濟日報,ETF投資人趕快看！0050、0056追蹤指數季度調整出爐 - 經濟日報,0.0
2022-12-03 03:17:02,0050,https://news.google.com/__i/rss/rd/articles/CBMipQFodHRwczovL3R3LnN0b2NrLnlhaG9vLmNvbS9uZXdzLyVFNSU4RiVCMCVFNSU4QyU5NyVFOCU4MiVBMSVFNSVCOCU4Mi0wMDUwJUU2JTk2JUIwJUU3JUI0JThEJUU5JTgxJUEwJUU2JTlEJUIxJUU2JTk2JUIwLTAwNTYlRTUlQTQlQTclRTYlOEYlOUIlRTglQTElODAtMDMwNDU4NjYzLmh0bWzSAa0BaHR0cHM6Ly90dy5zdG9jay55YWhvby5jb20vYW1waHRtbC9uZXdzLyVFNSU4RiVCMCVFNSU4QyU5NyVFOCU4MiVBMSVFNSVCOCU4Mi0wMDUwJUU2JTk2JUIwJUU3JUI0JThEJUU5JTgxJUEwJUU2JTlEJUIxJUU2JTk2JUIwLTAwNTYlRTUlQTQlQTclRTYlOEYlOUIlRTglQTElODAtMDMwNDU4NjYzLmh0bWw?oc=5,Yahoo奇摩股市,《台北股市》0050新納遠東新 0056大換血 - Yahoo奇摩股市,0.0
2022-12-03 08:00:00,0050,https://news.google.com/__i/rss/rd/articles/CBMiLmh0dHBzOi8vbW9uZXkudWRuLmNvbS9tb25leS9zdG9yeS81NjE4LzY4MTI3MTXSATJodHRwczovL21vbmV5LnVkbi5jb20vbW9uZXkvYW1wL3N0b3J5LzU2MTgvNjgxMjcxNQ?oc=5,經濟日報,元大台灣50 迎作帳行情 - 經濟日報,0.2
2022-12-03 15:10:12,0050,https://news.google.com/__i/rss/rd/articles/CBMiLmh0dHBzOi8vbW9uZXkudWRuLmNvbS9tb25leS9zdG9yeS81NjE4LzY4MTI3MTXSATJodHRwczovL21vbmV5LnVkbi5jb20vbW9uZXkvYW1wL3N0b3J5LzU2MTgvNjgxMjcxNQ?oc=5,經濟日報,元大台灣50 迎作帳行情 - 經濟日報,0.2
2022-12-03 15:10:12,0050,https://news.google.com/__i/rss/rd/articles/CBMiLmh0dHBzOi8vbW9uZXkudWRuLmNvbS9tb25leS9zdG9yeS81NjE4LzY4MTI3MTXSAQA?oc=5,經濟日報,元大台灣50 迎作帳行情| 基金天地| 理財| 經濟日報 - 經濟日報,0.2
2022-12-03 15:11:50,0050,https://news.google.com/__i/rss/rd/articles/CBMiLmh0dHBzOi8vbW9uZXkudWRuLmNvbS9tb25leS9zdG9yeS81NjE4LzY4MTI3MTXSATJodHRwczovL21vbmV5LnVkbi5jb20vbW9uZXkvYW1wL3N0b3J5LzU2MTgvNjgxMjcxNQ?oc=5,經濟日報,元大台灣50 迎作帳行情 - 經濟日報,0.2
2022-12-05 07:17:06,0050,https://news.google.com/__i/rss/rd/articles/CBMiLmh0dHBzOi8vbW9uZXkudWRuLmNvbS9tb25leS9zdG9yeS81NjE4LzY4MTI3MTXSATJodHRwczovL21vbmV5LnVkbi5jb20vbW9uZXkvYW1wL3N0b3J5LzU2MTgvNjgxMjcxNQ?oc=5,經濟日報,元大台灣50 迎作帳行情 - 經濟日報,0.2
2022-12-05 11:37:30,0050,https://news.google.com/__i/rss/rd/articles/CBMiLmh0dHBzOi8vbW9uZXkudWRuLmNvbS9tb25leS9zdG9yeS81NjE4LzY4MTI3MTXSATJodHRwczovL21vbmV5LnVkbi5jb20vbW9uZXkvYW1wL3N0b3J5LzU2MTgvNjgxMjcxNQ?oc=5,經濟日報,元大台灣50 迎作帳行情 - 經濟日報,0.2
2022-12-10 15:05:48,0050,https://news.google.com/__i/rss/rd/articles/CBMiTWh0dHBzOi8vbW9uZXkudWRuLmNvbS9tb25leS9zdG9yeS81NjE4LzY4Mjk3NjA_ZnJvbT1lZG5faG90dGVzdGxpc3RfY2F0ZV9zaWRl0gEyaHR0cHM6Ly9tb25leS51ZG4uY29tL21vbmV5L2FtcC9zdG9yeS81NjE4LzY4Mjk3NjA?oc=5,經濟日報,元大台灣50 逢回布局 - 經濟日報,0.2
2022-12-15 16:41:15,0050,https://news.google.com/__i/rss/rd/articles/CBMiLmh0dHBzOi8vbW9uZXkudWRuLmNvbS9tb25leS9zdG9yeS81NjE4LzY4NDY1MznSATJodHRwczovL21vbmV5LnVkbi5jb20vbW9uZXkvYW1wL3N0b3J5LzU2MTgvNjg0NjUzOQ?oc=5,經濟日報,元大台灣50 下檔有撐 - 經濟日報,0.3
2022-12-16 19:13:27,0050,https://news.google.com/__i/rss/rd/articles/CBMiL2h0dHBzOi8vbW9uZXkudWRuLmNvbS9tb25leS9zdG9yeS8xMjA0MC82ODQ1MzEy0gEzaHR0cHM6Ly9tb25leS51ZG4uY29tL21vbmV5L2FtcC9zdG9yeS8xMjA0MC82ODQ1MzEy?oc=5,經濟日報,0050跌破百元後，我的定期定額ETF該停扣？ - 經濟日報,0.0
2022-12-16 19:13:27,0050,https://news.google.com/__i/rss/rd/articles/CBMiL2h0dHBzOi8vbW9uZXkudWRuLmNvbS9tb25leS9zdG9yeS8xMjA0MC82ODQ1MzEy0gEzaHR0cHM6Ly9tb25leS51ZG4uY29tL21vbmV5L2FtcC9zdG9yeS8xMjA0MC82ODQ1MzEy?oc=5,經濟日報,想拿單筆資金加碼0050，何時進場？年領500萬股息達人：我等這時候出手 - 經濟日報,0.0
2022-12-16 19:17:58,0050,https://news.google.com/__i/rss/rd/articles/CBMiL2h0dHBzOi8vbW9uZXkudWRuLmNvbS9tb25leS9zdG9yeS8xMjA0MC82ODQ1MzEy0gEzaHR0cHM6Ly9tb25leS51ZG4uY29tL21vbmV5L2FtcC9zdG9yeS8xMjA0MC82ODQ1MzEy?oc=5,經濟日報,想拿單筆資金加碼0050，何時進場？年領500萬股息達人：我等這時候出手 - 經濟日報,0.0
2022-12-17 08:00:00,0050,https://news.google.com/__i/rss/rd/articles/CBMiL2h0dHBzOi8vbW9uZXkudWRuLmNvbS9tb25leS9zdG9yeS8xMjA0MC82ODQ1MzEy0gEzaHR0cHM6Ly9tb25leS51ZG4uY29tL21vbmV5L2FtcC9zdG9yeS8xMjA0MC82ODQ1MzEy?oc=5,經濟日報,想拿單筆資金加碼0050，何時進場？年領500萬股息達人：我等這時候出手 - 經濟日報,0.0
2022-12-17 08:00:00,0050,https://news.google.com/__i/rss/rd/articles/CBMiLmh0dHBzOi8vbW9uZXkudWRuLmNvbS9tb25leS9zdG9yeS81NjE4LzY4NDY1MznSATJodHRwczovL21vbmV5LnVkbi5jb20vbW9uZXkvYW1wL3N0b3J5LzU2MTgvNjg0NjUzOQ?oc=5,經濟日報,元大台灣50 下檔有撐 - 經濟日報,0.3
2022-12-17 08:00:00,0050,https://news.google.com/__i/rss/rd/articles/CBMiL2h0dHBzOi8vbW9uZXkudWRuLmNvbS9tb25leS9zdG9yeS8xMjA0MC82ODQ1MzEy0gEA?oc=5,經濟日報,想拿單筆資金加碼0050，何時進場？年領500萬股息達人：我等這 ... - 經濟日報,0.0
2022-12-17 15:21:07,0050,https://news.google.com/__i/rss/rd/articles/CBMiLmh0dHBzOi8vbW9uZXkudWRuLmNvbS9tb25leS9zdG9yeS81NjE4LzY4NDY1MznSATJodHRwczovL21vbmV5LnVkbi5jb20vbW9uZXkvYW1wL3N0b3J5LzU2MTgvNjg0NjUzOQ?oc=5,經濟日報,元大台灣50 下檔有撐 - 經濟日報,0.3
2022-12-17 15:26:09,0050,https://news.google.com/rss/articles/CBMiLmh0dHBzOi8vbW9uZXkudWRuLmNvbS9tb25leS9zdG9yeS81NjE4LzY4NDY1MznSATJodHRwczovL21vbmV5LnVkbi5jb20vbW9uZXkvYW1wL3N0b3J5LzU2MTgvNjg0NjUzOQ?oc=5,經濟日報,元大台灣50 下檔有撐 - 經濟日報,0.3
2022-12-21 18:45:34,0050,https://news.google.com/__i/rss/rd/articles/CBMiLmh0dHBzOi8vbW9uZXkudWRuLmNvbS9tb25leS9zdG9yeS81NjE4LzY4NDY1MznSATJodHRwczovL21vbmV5LnVkbi5jb20vbW9uZXkvYW1wL3N0b3J5LzU2MTgvNjg0NjUzOQ?oc=5,經濟日報,元大台灣50 下檔有撐 - 經濟日報,0.3
2022-12-24 15:56:58,0050,https://news.google.com/__i/rss/rd/articles/CBMiSGh0dHBzOi8vbW9uZXkudWRuLmNvbS9tb25leS9zdG9yeS81NjE4LzY4NjI3NTU_ZnJvbT1lZG5fc3ViY2F0ZWxpc3RfY2F0ZdIBMmh0dHBzOi8vbW9uZXkudWRuLmNvbS9tb25leS9hbXAvc3RvcnkvNTYxOC82ODYyNzU1?oc=5,經濟日報,元大台灣50 短打操作 - 經濟日報,0.0
2022-12-25 08:00:00,0050,https://news.google.com/__i/rss/rd/articles/CBMi2wFodHRwczovL3R3LnN0b2NrLnlhaG9vLmNvbS9uZXdzLyVFNSVCMCU4MSVFOSU5NyU5QyVFNSU4OSU4RCVFNCVCOCU4RCVFNSU4RiVBQSVFNyVCNCU4NSVFNSU4QyU4NSVFOCVBMSU4QyVFNiU4MyU4NSVFRiVCQyU4MS0wMDUwLSVFMyU4MCU4MS0wMDcyOC0lRTclQUQlODktOS0lRTYlQUElOTRldGYlRTUlODUlODMlRTYlOUMlODglRTklOTklQTQlRTYlODElQUYtMDU1MTQ5NjU0Lmh0bWzSAeMBaHR0cHM6Ly90dy5zdG9jay55YWhvby5jb20vYW1waHRtbC9uZXdzLyVFNSVCMCU4MSVFOSU5NyU5QyVFNSU4OSU4RCVFNCVCOCU4RCVFNSU4RiVBQSVFNyVCNCU4NSVFNSU4QyU4NSVFOCVBMSU4QyVFNiU4MyU4NSVFRiVCQyU4MS0wMDUwLSVFMyU4MCU4MS0wMDcyOC0lRTclQUQlODktOS0lRTYlQUElOTRldGYlRTUlODUlODMlRTYlOUMlODglRTklOTklQTQlRTYlODElQUYtMDU1MTQ5NjU0Lmh0bWw?oc=5,Yahoo奇摩股市,封關前不只紅包行情！0050、00728等9檔ETF元月除息 - Yahoo奇摩股市,0.0
2022-12-26 08:51:38,0050,https://news.google.com/__i/rss/rd/articles/CBMi2wFodHRwczovL3R3LnN0b2NrLnlhaG9vLmNvbS9uZXdzLyVFNSVCMCU4MSVFOSU5NyU5QyVFNSU4OSU4RCVFNCVCOCU4RCVFNSU4RiVBQSVFNyVCNCU4NSVFNSU4QyU4NSVFOCVBMSU4QyVFNiU4MyU4NSVFRiVCQyU4MS0wMDUwLSVFMyU4MCU4MS0wMDcyOC0lRTclQUQlODktOS0lRTYlQUElOTRldGYlRTUlODUlODMlRTYlOUMlODglRTklOTklQTQlRTYlODElQUYtMDU1MTQ5NjU0Lmh0bWzSAeMBaHR0cHM6Ly90dy5zdG9jay55YWhvby5jb20vYW1waHRtbC9uZXdzLyVFNSVCMCU4MSVFOSU5NyU5QyVFNSU4OSU4RCVFNCVCOCU4RCVFNSU4RiVBQSVFNyVCNCU4NSVFNSU4QyU4NSVFOCVBMSU4QyVFNiU4MyU4NSVFRiVCQyU4MS0wMDUwLSVFMyU4MCU4MS0wMDcyOC0lRTclQUQlODktOS0lRTYlQUElOTRldGYlRTUlODUlODMlRTYlOUMlODglRTklOTklQTQlRTYlODElQUYtMDU1MTQ5NjU0Lmh0bWw?oc=5,Yahoo奇摩股市,封關前不只紅包行情！0050、00728等9檔ETF元月除息 - Yahoo奇摩股市,0.0
2022-12-28 08:00:00,0050,https://news.google.com/__i/rss/rd/articles/CBMioAJodHRwczovL3R3LnN0b2NrLnlhaG9vLmNvbS9uZXdzLyVFNiU5OSVBRiVFNiVCMCVBMyVFOSU5NiU4MyVFOCU5NyU4RCVFNyU4NyU4OCVFNiU4OCU5MCVFOCVCMiVCNyVFOSU4MCVCMiVFOCVBOCU4QSVFOCU5OSU5RiVFRiVCQyU5Ri0wMDUwLSVFOSU4MCVBMiVFOCU5NyU4RCVFOCVCMiVCNyVFOSU4MCVCMi0xLSVFNSVCOSVCNCVFNSVCRSU4QyVFNSVBMCVCMSVFOSU4NSVBQyVFOSU4MSU5NC0yMi0lRTMlODAlODElRTUlOEIlOUQlRTclOEUlODclRTklODAlQkUtOS0lRTYlODglOTAtMDg1MjM2MTkyLmh0bWzSAagCaHR0cHM6Ly90dy5zdG9jay55YWhvby5jb20vYW1waHRtbC9uZXdzLyVFNiU5OSVBRiVFNiVCMCVBMyVFOSU5NiU4MyVFOCU5NyU4RCVFNyU4NyU4OCVFNiU4OCU5MCVFOCVCMiVCNyVFOSU4MCVCMiVFOCVBOCU4QSVFOCU5OSU5RiVFRiVCQyU5Ri0wMDUwLSVFOSU4MCVBMiVFOCU5NyU4RCVFOCVCMiVCNyVFOSU4MCVCMi0xLSVFNSVCOSVCNCVFNSVCRSU4QyVFNSVBMCVCMSVFOSU4NSVBQyVFOSU4MSU5NC0yMi0lRTMlODAlODElRTUlOEIlOUQlRTclOEUlODclRTklODAlQkUtOS0lRTYlODglOTAtMDg1MjM2MTkyLmh0bWw?oc=5,Yahoo奇摩股市,景氣閃藍燈成買進訊號？0050逢藍買進 1年後報酬達22%、勝率逾9成 - Yahoo奇摩股市,0.0
2022-12-28 08:52:36,0050,https://news.google.com/__i/rss/rd/articles/CBMioAJodHRwczovL3R3LnN0b2NrLnlhaG9vLmNvbS9uZXdzLyVFNiU5OSVBRiVFNiVCMCVBMyVFOSU5NiU4MyVFOCU5NyU4RCVFNyU4NyU4OCVFNiU4OCU5MCVFOCVCMiVCNyVFOSU4MCVCMiVFOCVBOCU4QSVFOCU5OSU5RiVFRiVCQyU5Ri0wMDUwLSVFOSU4MCVBMiVFOCU5NyU4RCVFOCVCMiVCNyVFOSU4MCVCMi0xLSVFNSVCOSVCNCVFNSVCRSU4QyVFNSVBMCVCMSVFOSU4NSVBQyVFOSU4MSU5NC0yMi0lRTMlODAlODElRTUlOEIlOUQlRTclOEUlODclRTklODAlQkUtOS0lRTYlODglOTAtMDg1MjM2MTkyLmh0bWzSAagCaHR0cHM6Ly90dy5zdG9jay55YWhvby5jb20vYW1waHRtbC9uZXdzLyVFNiU5OSVBRiVFNiVCMCVBMyVFOSU5NiU4MyVFOCU5NyU4RCVFNyU4NyU4OCVFNiU4OCU5MCVFOCVCMiVCNyVFOSU4MCVCMiVFOCVBOCU4QSVFOCU5OSU5RiVFRiVCQyU5Ri0wMDUwLSVFOSU4MCVBMiVFOCU5NyU4RCVFOCVCMiVCNyVFOSU4MCVCMi0xLSVFNSVCOSVCNCVFNSVCRSU4QyVFNSVBMCVCMSVFOSU4NSVBQyVFOSU4MSU5NC0yMi0lRTMlODAlODElRTUlOEIlOUQlRTclOEUlODclRTklODAlQkUtOS0lRTYlODglOTAtMDg1MjM2MTkyLmh0bWw?oc=5,Yahoo奇摩股市,景氣閃藍燈成買進訊號？0050逢藍買進 1年後報酬達22%、勝率逾9成 - Yahoo奇摩股市,0.0
2022-12-29 08:00:00,0050,https://news.google.com/__i/rss/rd/articles/CBMiogFodHRwczovL3R3LnN0b2NrLnlhaG9vLmNvbS9uZXdzLyVFNiU5OSVBRiVFNiVCMCVBMyVFOCU5NyU4RCVFNyU4NyU4OC0lRTglQkElQkElRTglQjIlQjdldGYtMDA1MC0wMDYyMDglRTklODAlOTklRTYlOTklODIlRTglQjIlQjclRTYlOUMlODAlRTUlQTUlQkQtMDgwNzU5MTE5Lmh0bWzSAaoBaHR0cHM6Ly90dy5zdG9jay55YWhvby5jb20vYW1waHRtbC9uZXdzLyVFNiU5OSVBRiVFNiVCMCVBMyVFOCU5NyU4RCVFNyU4NyU4OC0lRTglQkElQkElRTglQjIlQjdldGYtMDA1MC0wMDYyMDglRTklODAlOTklRTYlOTklODIlRTglQjIlQjclRTYlOUMlODAlRTUlQTUlQkQtMDgwNzU5MTE5Lmh0bWw?oc=5,Yahoo奇摩股市,景氣藍燈「躺買ETF」？0050、006208這時買最好 - Yahoo奇摩股市,0.0
2022-12-29 08:07:59,0050,https://news.google.com/__i/rss/rd/articles/CBMiogFodHRwczovL3R3LnN0b2NrLnlhaG9vLmNvbS9uZXdzLyVFNiU5OSVBRiVFNiVCMCVBMyVFOCU5NyU4RCVFNyU4NyU4OC0lRTglQkElQkElRTglQjIlQjdldGYtMDA1MC0wMDYyMDglRTklODAlOTklRTYlOTklODIlRTglQjIlQjclRTYlOUMlODAlRTUlQTUlQkQtMDgwNzU5MTE5Lmh0bWzSAaoBaHR0cHM6Ly90dy5zdG9jay55YWhvby5jb20vYW1waHRtbC9uZXdzLyVFNiU5OSVBRiVFNiVCMCVBMyVFOCU5NyU4RCVFNyU4NyU4OC0lRTglQkElQkElRTglQjIlQjdldGYtMDA1MC0wMDYyMDglRTklODAlOTklRTYlOTklODIlRTglQjIlQjclRTYlOUMlODAlRTUlQTUlQkQtMDgwNzU5MTE5Lmh0bWw?oc=5,Yahoo奇摩股市,景氣藍燈「躺買ETF」？0050、006208這時買最好 - Yahoo奇摩股市,0.0
2022-12-29 21:58:58,0050,https://news.google.com/__i/rss/rd/articles/CBMi0gFodHRwczovL3R3LnN0b2NrLnlhaG9vLmNvbS9uZXdzL2V0ZiVFOCVCMyVCQSVFNyVCNCU4NSVFNSU4QyU4NTItJUU2JThBJTk1JUU4JUIzJTg3JUU0JUI5JTlGJUU4JTgzJUJEJUU3JTg0JUExJUU4JTg1JUE2JUU4JUIzJUJBLSVFNSVBRiVBNiVFNiVCOCVBQyVFOSU4MCU5OSVFNiVBOCVBMyVFOCVCMiVCNzAwNTAlRTQlQjglOEQlRTYlOTUlOTctMjE1ODU4NzY0Lmh0bWzSAdoBaHR0cHM6Ly90dy5zdG9jay55YWhvby5jb20vYW1waHRtbC9uZXdzL2V0ZiVFOCVCMyVCQSVFNyVCNCU4NSVFNSU4QyU4NTItJUU2JThBJTk1JUU4JUIzJTg3JUU0JUI5JTlGJUU4JTgzJUJEJUU3JTg0JUExJUU4JTg1JUE2JUU4JUIzJUJBLSVFNSVBRiVBNiVFNiVCOCVBQyVFOSU4MCU5OSVFNiVBOCVBMyVFOCVCMiVCNzAwNTAlRTQlQjglOEQlRTYlOTUlOTctMjE1ODU4NzY0Lmh0bWw?oc=5,Yahoo奇摩股市,【ETF賺紅包2】投資也能無腦賺！ 實測這樣買0050不敗 - Yahoo奇摩股市,0.0
2022-12-30 05:30:00,0050,https://news.google.com/__i/rss/rd/articles/CBMiLmh0dHBzOi8vbW9uZXkudWRuLmNvbS9tb25leS9zdG9yeS81NjE4LzY4Nzg3OTTSATJodHRwczovL21vbmV5LnVkbi5jb20vbW9uZXkvYW1wL3N0b3J5LzU2MTgvNjg3ODc5NA?oc=5,經濟日報,元大台灣50 逢高減碼 - 經濟日報,-0.2
2022-12-31 08:00:00,0050,https://news.google.com/__i/rss/rd/articles/CBMiLmh0dHBzOi8vbW9uZXkudWRuLmNvbS9tb25leS9zdG9yeS81NjE4LzY4Nzg3OTTSATJodHRwczovL21vbmV5LnVkbi5jb20vbW9uZXkvYW1wL3N0b3J5LzU2MTgvNjg3ODc5NA?oc=5,經濟日報,元大台灣50 逢高減碼 - 經濟日報,-0.2
2022-12-31 15:19:39,0050,https://news.google.com/__i/rss/rd/articles/CBMiLmh0dHBzOi8vbW9uZXkudWRuLmNvbS9tb25leS9zdG9yeS81NjE4LzY4Nzg3OTTSATJodHRwczovL21vbmV5LnVkbi5jb20vbW9uZXkvYW1wL3N0b3J5LzU2MTgvNjg3ODc5NA?oc=5,經濟日報,元大台灣50 逢高減碼 - 經濟日報,-0.2
2022-12-31 15:24:57,0050,https://news.google.com/rss/articles/CBMiLmh0dHBzOi8vbW9uZXkudWRuLmNvbS9tb25leS9zdG9yeS81NjE4LzY4Nzg3OTTSATJodHRwczovL21vbmV5LnVkbi5jb20vbW9uZXkvYW1wL3N0b3J5LzU2MTgvNjg3ODc5NA?oc=5,經濟日報,元大台灣50 逢高減碼 - 經濟日報,-0.2
2023-01-02 19:06:38,0050,https://news.google.com/__i/rss/rd/articles/CBMiKWh0dHBzOi8vY3RlZS5jb20udHcvbmV3cy9mdW5kLzc4NDkyNC5odG1s0gEA?oc=5,工商時報,0050、0056、00878 去年規模狂增73％ - 工商時報,0.0
2023-01-03 08:00:00,0050,https://news.google.com/__i/rss/rd/articles/CBMiLmh0dHBzOi8vbW9uZXkudWRuLmNvbS9tb25leS9zdG9yeS81NjA3LzY4ODQwMTnSATJodHRwczovL21vbmV5LnVkbi5jb20vbW9uZXkvYW1wL3N0b3J5LzU2MDcvNjg4NDAxOQ?oc=5,經濟日報,元大台灣50配息金額出爐！單次殖利率2.2% - 經濟日報,0.3
2023-01-03 08:00:00,0050,https://news.google.com/__i/rss/rd/articles/CBMiKWh0dHBzOi8vY3RlZS5jb20udHcvbmV3cy9mdW5kLzc4NDkyNC5odG1s0gEA?oc=5,工商時報,0050、0056、00878 去年規模狂增73％ - 工商時報,0.0
2023-01-03 08:00:00,0050,https://news.google.com/__i/rss/rd/articles/CBMivwFodHRwczovL3R3LnN0b2NrLnlhaG9vLmNvbS9uZXdzLzYzLSVFOCU5MCVBQyVFNiU4QSU5NSVFOCVCMyU4NyVFNCVCQSVCQSVFNiVCMyVBOCVFNiU4NCU4RiVFRiVCQyU4MS0wMDUwLSVFNSU4NSVBQyVFNSU5MSU4QSVFOSU4NSU4RCVFNiU4MSVBRi0yNS0lRTUlODUlODMtMTMwLSVFOSU5OSVBNCVFNiU4MSVBRi0wODIzMDE1MjMuaHRtbNIBAA?oc=5,Yahoo奇摩股市,63萬投資人注意！0050公告配息2.5元1/30除息 - Yahoo奇摩股市,0.0
2023-01-03 08:00:00,0050,https://news.google.com/__i/rss/rd/articles/CBMiLmh0dHBzOi8vbW9uZXkudWRuLmNvbS9tb25leS9zdG9yeS81NjA3LzY4ODQxMDPSATJodHRwczovL21vbmV5LnVkbi5jb20vbW9uZXkvYW1wL3N0b3J5LzU2MDcvNjg4NDEwMw?oc=5,經濟日報,0050第一階段配息公告 1月17日台股封關日為除息前最後交易日 - 經濟日報,0.0
2023-01-03 08:00:00,0050,https://news.google.com/rss/articles/CBMivwFodHRwczovL3R3LnN0b2NrLnlhaG9vLmNvbS9uZXdzLzYzLSVFOCU5MCVBQyVFNiU4QSU5NSVFOCVCMyU4NyVFNCVCQSVCQSVFNiVCMyVBOCVFNiU4NCU4RiVFRiVCQyU4MS0wMDUwLSVFNSU4NSVBQyVFNSU5MSU4QSVFOSU4NSU4RCVFNiU4MSVBRi0yNS0lRTUlODUlODMtMTMwLSVFOSU5OSVBNCVFNiU4MSVBRi0wODIzMDE1MjMuaHRtbNIBxwFodHRwczovL3R3LnN0b2NrLnlhaG9vLmNvbS9hbXBodG1sL25ld3MvNjMtJUU4JTkwJUFDJUU2JThBJTk1JUU4JUIzJTg3JUU0JUJBJUJBJUU2JUIzJUE4JUU2JTg0JThGJUVGJUJDJTgxLTAwNTAtJUU1JTg1JUFDJUU1JTkxJThBJUU5JTg1JThEJUU2JTgxJUFGLTI1LSVFNSU4NSU4My0xMzAtJUU5JTk5JUE0JUU2JTgxJUFGLTA4MjMwMTUyMy5odG1s?oc=5,Yahoo奇摩股市,63萬投資人注意！0050公告配息2.5元 1/30除息 - Yahoo奇摩股市,0.0
2023-01-03 08:23:01,0050,https://news.google.com/__i/rss/rd/articles/CBMivwFodHRwczovL3R3LnN0b2NrLnlhaG9vLmNvbS9uZXdzLzYzLSVFOCU5MCVBQyVFNiU4QSU5NSVFOCVCMyU4NyVFNCVCQSVCQSVFNiVCMyVBOCVFNiU4NCU4RiVFRiVCQyU4MS0wMDUwLSVFNSU4NSVBQyVFNSU5MSU4QSVFOSU4NSU4RCVFNiU4MSVBRi0yNS0lRTUlODUlODMtMTMwLSVFOSU5OSVBNCVFNiU4MSVBRi0wODIzMDE1MjMuaHRtbNIBxwFodHRwczovL3R3LnN0b2NrLnlhaG9vLmNvbS9hbXBodG1sL25ld3MvNjMtJUU4JTkwJUFDJUU2JThBJTk1JUU4JUIzJTg3JUU0JUJBJUJBJUU2JUIzJUE4JUU2JTg0JThGJUVGJUJDJTgxLTAwNTAtJUU1JTg1JUFDJUU1JTkxJThBJUU5JTg1JThEJUU2JTgxJUFGLTI1LSVFNSU4NSU4My0xMzAtJUU5JTk5JUE0JUU2JTgxJUFGLTA4MjMwMTUyMy5odG1s?oc=5,Yahoo奇摩股市,63萬投資人注意！0050公告配息2.5元 1/30除息 - Yahoo奇摩股市,0.0
2023-01-03 08:30:28,0050,https://news.google.com/__i/rss/rd/articles/CBMiqgFodHRwczovL3R3LnN0b2NrLnlhaG9vLmNvbS9uZXdzLzYzJUU4JTkwJUFDJUU4JTgyJUExJUU2JUIwJTkxJUU5JUEwJTk4JUU5JThDJUEyJUU0JUJBJTg2LTAwNTAlRTYlQUYlOEYlRTglODIlQTElRTklODUlOEQyLTUlRTUlODUlODMtMS0zMCVFOSU5OSVBNCVFNiU4MSVBRi0wODMwMjgyNzIuaHRtbNIBrAFodHRwczovL3R3Lm5ld3MueWFob28uY29tL2FtcGh0bWwvNjMlRTglOTAlQUMlRTglODIlQTElRTYlQjAlOTElRTklQTAlOTglRTklOEMlQTIlRTQlQkElODYtMDA1MCVFNiVBRiU4RiVFOCU4MiVBMSVFOSU4NSU4RDItNSVFNSU4NSU4My0xLTMwJUU5JTk5JUE0JUU2JTgxJUFGLTA4MzAyODI3Mi5odG1s?oc=5,Yahoo奇摩股市,63萬股民領錢了！0050每股配2.5元 1／30除息 - Yahoo奇摩股市,0.0
2023-01-03 09:05:52,0050,https://news.google.com/__i/rss/rd/articles/CBMiKWh0dHBzOi8vY3RlZS5jb20udHcvbmV3cy9mdW5kLzc4NTM3Mi5odG1s0gEA?oc=5,工商時報,0050擬配息2.5元 1/30除息 - 工商時報,0.0
2023-01-03 09:07:05,0050,https://news.google.com/__i/rss/rd/articles/CBMiPWh0dHBzOi8vY3RlZS5jb20udHcvbGl2ZW5ld3MvYWovY3RlZS9hMDA2NTAwMDIwMjMwMTAzMTY1NzI0NDPSAQA?oc=5,工商時報,0050擬配2.5元 30日除息 - 工商時報,0.0
2023-01-03 09:12:39,0050,https://news.google.com/__i/rss/rd/articles/CBMiTWh0dHBzOi8vbW9uZXkudWRuLmNvbS9tb25leS9zdG9yeS81NjE4LzY4ODQwMDg_ZnJvbT1lZG5faG90dGVzdGxpc3RfY2F0ZV9zaWRl0gEyaHR0cHM6Ly9tb25leS51ZG4uY29tL21vbmV5L2FtcC9zdG9yeS81NjE4LzY4ODQwMDg?oc=5,經濟日報,「國民ETF」元月30日除息！0050每股擬配發2.5元 - 經濟日報,0.0
2023-01-03 09:12:39,0050,https://news.google.com/__i/rss/rd/articles/CBMiTWh0dHBzOi8vbW9uZXkudWRuLmNvbS9tb25leS9zdG9yeS81NjE4LzY4ODQwMDg_ZnJvbT1lZG5faG90dGVzdGxpc3RfY2F0ZV9zaWRl0gEA?oc=5,經濟日報,「國民ETF」元月30日除息！0050每股擬配發2.5元| 基金天地| 理財 ... - 經濟日報,0.0
2023-01-03 09:18:43,0050,https://news.google.com/__i/rss/rd/articles/CBMiLmh0dHBzOi8vbW9uZXkudWRuLmNvbS9tb25leS9zdG9yeS81NjA3LzY4ODQwMTnSATJodHRwczovL21vbmV5LnVkbi5jb20vbW9uZXkvYW1wL3N0b3J5LzU2MDcvNjg4NDAxOQ?oc=5,經濟日報,元大台灣50配息金額出爐！單次殖利率2.2% - 經濟日報,0.3
2023-01-03 09:18:43,0050,https://news.google.com/__i/rss/rd/articles/CBMiTGh0dHBzOi8vbW9uZXkudWRuLmNvbS9tb25leS9zdG9yeS81NjA3LzY4ODQwMTk_ZnJvbT1lZG5fbmV3ZXN0bGlzdF9jYXRlX3NpZGXSATJodHRwczovL21vbmV5LnVkbi5jb20vbW9uZXkvYW1wL3N0b3J5LzU2MDcvNjg4NDAxOQ?oc=5,經濟日報,元大台灣50配息金額出爐！殖利率2.2% - 經濟日報,0.1
2023-01-03 09:18:43,0050,https://news.google.com/__i/rss/rd/articles/CBMiLmh0dHBzOi8vbW9uZXkudWRuLmNvbS9tb25leS9zdG9yeS81NjA3LzY4ODQwMTnSAQA?oc=5,經濟日報,元大台灣50配息金額出爐！單次殖利率2.2% | 市場焦點| 證券| 經濟日報 - 經濟日報,0.3
2023-01-03 09:45:00,0050,https://news.google.com/__i/rss/rd/articles/CBMiLmh0dHBzOi8vbW9uZXkudWRuLmNvbS9tb25leS9zdG9yeS81NjE4LzY4Nzg3OTTSATJodHRwczovL21vbmV5LnVkbi5jb20vbW9uZXkvYW1wL3N0b3J5LzU2MTgvNjg3ODc5NA?oc=5,經濟日報,元大台灣50 逢高減碼 - 經濟日報,-0.2
2023-01-03 09:50:14,0050,https://news.google.com/__i/rss/rd/articles/CBMiugFodHRwczovL3R3LnN0b2NrLnlhaG9vLmNvbS9uZXdzLzYzJUU4JTkwJUFDJUU4JTgyJUExJUU2JUIwJTkxJUU5JUEwJTk4JUU3JUI0JTg1JUU1JThDJTg1JUU0JUJBJTg2LTAwNTAlRTYlQUYlOEYlRTglODIlQTElRTklODUlOEQyLTUlRTUlODUlODMtMzAlRTYlOTclQTUlRTklOTklQTQlRTYlODElQUYtMDk1MDE0OTc2Lmh0bWzSAbwBaHR0cHM6Ly90dy5uZXdzLnlhaG9vLmNvbS9hbXBodG1sLzYzJUU4JTkwJUFDJUU4JTgyJUExJUU2JUIwJTkxJUU5JUEwJTk4JUU3JUI0JTg1JUU1JThDJTg1JUU0JUJBJTg2LTAwNTAlRTYlQUYlOEYlRTglODIlQTElRTklODUlOEQyLTUlRTUlODUlODMtMzAlRTYlOTclQTUlRTklOTklQTQlRTYlODElQUYtMDk1MDE0OTc2Lmh0bWw?oc=5,Yahoo奇摩股市,63萬股民領紅包了！0050每股配2.5元 30日除息 - Yahoo奇摩股市,0.1
2023-01-03 09:54:36,0050,https://news.google.com/__i/rss/rd/articles/CBMiSGh0dHBzOi8vbW9uZXkudWRuLmNvbS9tb25leS9zdG9yeS81NjA3LzY4ODQxMDM_ZnJvbT1lZG5fc3ViY2F0ZWxpc3RfY2F0ZdIBMmh0dHBzOi8vbW9uZXkudWRuLmNvbS9tb25leS9hbXAvc3RvcnkvNTYwNy82ODg0MTAz?oc=5,經濟日報,0050第一階段配息公告 1月17日台股封關日為除息前最後交易日 - 經濟日報,0.0
2023-01-03 10:34:05,0050,https://news.google.com/__i/rss/rd/articles/CBMiqgFodHRwczovL3R3LnN0b2NrLnlhaG9vLmNvbS9uZXdzLyVFNSU4NSU4MyVFNSVBNCVBNyVFNSU4RiVCMCVFNyU4MSVBMzUwJUU5JTg1JThEJUU2JTgxJUFGJUU5JTg3JTkxJUU5JUExJThEJUU1JTg3JUJBJUU3JTg4JTkwLSVFNiVBRSU5NiVFNSU4OCVBOSVFNyU4RSU4NzItMi0xMDM0MDUwNzguaHRtbNIBrAFodHRwczovL3R3Lm5ld3MueWFob28uY29tL2FtcGh0bWwvJUU1JTg1JTgzJUU1JUE0JUE3JUU1JThGJUIwJUU3JTgxJUEzNTAlRTklODUlOEQlRTYlODElQUYlRTklODclOTElRTklQTElOEQlRTUlODclQkElRTclODglOTAtJUU2JUFFJTk2JUU1JTg4JUE5JUU3JThFJTg3Mi0yLTEwMzQwNTA3OC5odG1s?oc=5,Yahoo奇摩股市,元大台灣50配息金額出爐！殖利率2.2% - Yahoo奇摩股市,0.1
2023-01-03 12:24:29,0050,https://news.google.com/__i/rss/rd/articles/CBMiLmh0dHBzOi8vbW9uZXkudWRuLmNvbS9tb25leS9zdG9yeS81NjE4LzY4Nzg3OTTSATJodHRwczovL21vbmV5LnVkbi5jb20vbW9uZXkvYW1wL3N0b3J5LzU2MTgvNjg3ODc5NA?oc=5,經濟日報,元大台灣50 逢高減碼 - 經濟日報,-0.2
2023-01-03 23:31:26,0050,https://news.google.com/__i/rss/rd/articles/CBMivwFodHRwczovL3R3LnN0b2NrLnlhaG9vLmNvbS9uZXdzLzYzLSVFOCU5MCVBQyVFNiU4QSU5NSVFOCVCMyU4NyVFNCVCQSVCQSVFNiVCMyVBOCVFNiU4NCU4RiVFRiVCQyU4MS0wMDUwLSVFNSU4NSVBQyVFNSU5MSU4QSVFOSU4NSU4RCVFNiU4MSVBRi0yNS0lRTUlODUlODMtMTMwLSVFOSU5OSVBNCVFNiU4MSVBRi0wODIzMDE1MjMuaHRtbNIBxwFodHRwczovL3R3LnN0b2NrLnlhaG9vLmNvbS9hbXBodG1sL25ld3MvNjMtJUU4JTkwJUFDJUU2JThBJTk1JUU4JUIzJTg3JUU0JUJBJUJBJUU2JUIzJUE4JUU2JTg0JThGJUVGJUJDJTgxLTAwNTAtJUU1JTg1JUFDJUU1JTkxJThBJUU5JTg1JThEJUU2JTgxJUFGLTI1LSVFNSU4NSU4My0xMzAtJUU5JTk5JUE0JUU2JTgxJUFGLTA4MjMwMTUyMy5odG1s?oc=5,Yahoo奇摩股市,63萬投資人注意！0050公告配息2.5元 1/30除息 - Yahoo奇摩股市,0.0
2023-01-03 23:31:26,0050,https://news.google.com/__i/rss/rd/articles/CBMivwFodHRwczovL3R3LnN0b2NrLnlhaG9vLmNvbS9uZXdzLzYzLSVFOCU5MCVBQyVFNiU4QSU5NSVFOCVCMyU4NyVFNCVCQSVCQSVFNiVCMyVBOCVFNiU4NCU4RiVFRiVCQyU4MS0wMDUwLSVFNSU4NSVBQyVFNSU5MSU4QSVFOSU4NSU4RCVFNiU4MSVBRi0yNS0lRTUlODUlODMtMTMwLSVFOSU5OSVBNCVFNiU4MSVBRi0wODIzMDE1MjMuaHRtbNIBAA?oc=5,Yahoo奇摩股市,63萬投資人注意！0050公告配息2.5元1/30除息 - Yahoo奇摩股市,0.0
2023-01-03 23:39:31,0050,https://news.google.com/__i/rss/rd/articles/CBMinQFodHRwczovL3R3LnN0b2NrLnlhaG9vLmNvbS9uZXdzLyVFNSU5MCU4NCVFNSVBMCVCMSVFOCVBNiU4MSVFOCU4MSU5RS0wMDUwJUU2JTkzJUFDJUU5JTg1JThEJUU2JTgxJUFGMi01JUU1JTg1JTgzLTMwJUU2JTk3JUE1JUU5JTk5JUE0JUU2JTgxJUFGLTIzMzkzMTYzNC5odG1s0gGlAWh0dHBzOi8vdHcuc3RvY2sueWFob28uY29tL2FtcGh0bWwvbmV3cy8lRTUlOTAlODQlRTUlQTAlQjElRTglQTYlODElRTglODElOUUtMDA1MCVFNiU5MyVBQyVFOSU4NSU4RCVFNiU4MSVBRjItNSVFNSU4NSU4My0zMCVFNiU5NyVBNSVFOSU5OSVBNCVFNiU4MSVBRi0yMzM5MzE2MzQuaHRtbA?oc=5,Yahoo奇摩股市,《各報要聞》0050擬配息2.5元 30日除息 - Yahoo奇摩股市,0.3
2023-01-04 00:24:32,0050,https://news.google.com/__i/rss/rd/articles/CBMitQFodHRwczovL3R3LnN0b2NrLnlhaG9vLmNvbS9uZXdzLzAwNTAtJUU3JUFEJTg5LTEzLSVFNiVBQSU5NGV0ZiVFNSU4NSU4MyVFNiU5QyU4OCVFOSU5OSVBNCVFNiU4MSVBRi0lRTklODAlOTklRTYlQUElOTQlRTYlQUUlOTYlRTUlODglQTklRTclOEUlODclRTklODAlQkUtMTAtJUVGJUJDJTgxLTAwMjEwMjU2NS5odG1s0gG9AWh0dHBzOi8vdHcuc3RvY2sueWFob28uY29tL2FtcGh0bWwvbmV3cy8wMDUwLSVFNyVBRCU4OS0xMy0lRTYlQUElOTRldGYlRTUlODUlODMlRTYlOUMlODglRTklOTklQTQlRTYlODElQUYtJUU5JTgwJTk5JUU2JUFBJTk0JUU2JUFFJTk2JUU1JTg4JUE5JUU3JThFJTg3JUU5JTgwJUJFLTEwLSVFRiVCQyU4MS0wMDIxMDI1NjUuaHRtbA?oc=5,Yahoo奇摩股市,0050等13檔ETF元月除息 這檔殖利率逾10%！ - Yahoo奇摩股市,0.0
2023-01-04 00:34:00,0050,https://news.google.com/__i/rss/rd/articles/CBMitQFodHRwczovL3R3LnN0b2NrLnlhaG9vLmNvbS9uZXdzLzAwNTAtJUU3JUFEJTg5LTEzLSVFNiVBQSU5NGV0ZiVFNSU4NSU4MyVFNiU5QyU4OCVFOSU5OSVBNCVFNiU4MSVBRi0lRTklODAlOTklRTYlQUElOTQlRTYlQUUlOTYlRTUlODglQTklRTclOEUlODclRTklODAlQkUtMTAtJUVGJUJDJTgxLTAwMjEwMjU2NS5odG1s0gG9AWh0dHBzOi8vdHcuc3RvY2sueWFob28uY29tL2FtcGh0bWwvbmV3cy8wMDUwLSVFNyVBRCU4OS0xMy0lRTYlQUElOTRldGYlRTUlODUlODMlRTYlOUMlODglRTklOTklQTQlRTYlODElQUYtJUU5JTgwJTk5JUU2JUFBJTk0JUU2JUFFJTk2JUU1JTg4JUE5JUU3JThFJTg3JUU5JTgwJUJFLTEwLSVFRiVCQyU4MS0wMDIxMDI1NjUuaHRtbA?oc=5,Yahoo奇摩股市,0050等13檔ETF元月除息 這檔殖利率逾10%！ - Yahoo奇摩股市,0.0
2023-01-04 04:05:27,0050,https://news.google.com/__i/rss/rd/articles/CBMi1AFodHRwczovL3R3LnN0b2NrLnlhaG9vLmNvbS9uZXdzLzYzJUU4JTkwJUFDJUU4JTgyJUExJUU2JUIwJTkxJUU5JUEwJTk4JUU5JThDJUEyJUU1JTk1JUE2LTAwNTAlRTklODUlOEQlRTYlODElQUYyLTUlRTUlODUlODMtJUU2JTlDJTgwJUU1JUJFJThDJUU4JUIyJUI3JUU5JTgwJUIyJUU2JTk3JUE1JUU2JTk4JUFGJUU5JTgwJTk5LSVFNSVBNCVBOS0wMzU0MjU1MDUuaHRtbNIB1gFodHRwczovL3R3Lm5ld3MueWFob28uY29tL2FtcGh0bWwvNjMlRTglOTAlQUMlRTglODIlQTElRTYlQjAlOTElRTklQTAlOTglRTklOEMlQTIlRTUlOTUlQTYtMDA1MCVFOSU4NSU4RCVFNiU4MSVBRjItNSVFNSU4NSU4My0lRTYlOUMlODAlRTUlQkUlOEMlRTglQjIlQjclRTklODAlQjIlRTYlOTclQTUlRTYlOTglQUYlRTklODAlOTktJUU1JUE0JUE5LTAzNTQyNTUwNS5odG1s?oc=5,Yahoo奇摩股市,63萬股民領錢啦！0050配息2.5元 最後買進日是這一天 - Yahoo奇摩股市,0.0
2023-01-04 08:00:00,0050,https://news.google.com/__i/rss/rd/articles/CBMiLmh0dHBzOi8vbW9uZXkudWRuLmNvbS9tb25leS9zdG9yeS81NjA3LzY4OTE2NDPSATJodHRwczovL21vbmV5LnVkbi5jb20vbW9uZXkvYW1wL3N0b3J5LzU2MDcvNjg5MTY0Mw?oc=5,經濟日報,景氣燈號2018年後再亮藍燈 留意0050市值型ETF進場機會 - 經濟日報,-0.3
2023-01-04 08:00:00,0050,https://news.google.com/rss/articles/CBMilQJodHRwczovL3R3LnN0b2NrLnlhaG9vLmNvbS9uZXdzLzAwNTAtJUU4JUIyJUI3JUU4JUI1JUI3JUU0JUJFJTg2JUVGJUJDJTlGJUU1JUIwJTg4JUU1JUFFJUI2JUU2JThGJUFEJUU2JTk5JUFGJUU2JUIwJUEzJUU4JTk3JThEJUU3JTg3JTg4JUU4JTg4JTg3JUU1JThGJUIwJUU4JTgyJUExJUU3JTlCJUI4JUU5JTk3JTlDJUU2JTgwJUE3JUVGJUJDJTlBJUU1JUI5JUIzJUU1JTlEJTg3JUU2JUJDJUIyJUU1JUI5JTg1JUU5JTgwJUJFJUU0JUI4JTg5JUU2JTg4JTkwLTAxNTIwMjAyMC5odG1s0gGdAmh0dHBzOi8vdHcuc3RvY2sueWFob28uY29tL2FtcGh0bWwvbmV3cy8wMDUwLSVFOCVCMiVCNyVFOCVCNSVCNyVFNCVCRSU4NiVFRiVCQyU5RiVFNSVCMCU4OCVFNSVBRSVCNiVFNiU4RiVBRCVFNiU5OSVBRiVFNiVCMCVBMyVFOCU5NyU4RCVFNyU4NyU4OCVFOCU4OCU4NyVFNSU4RiVCMCVFOCU4MiVBMSVFNyU5QiVCOCVFOSU5NyU5QyVFNiU4MCVBNyVFRiVCQyU5QSVFNSVCOSVCMyVFNSU5RCU4NyVFNiVCQyVCMiVFNSVCOSU4NSVFOSU4MCVCRSVFNCVCOCU4OSVFNiU4OCU5MC0wMTUyMDIwMjAuaHRtbA?oc=5,Yahoo奇摩股市,0050買起來？專家揭景氣藍燈與台股相關性：平均漲幅逾三成 - Yahoo奇摩股市,-0.3
2023-01-05 01:56:30,0050,https://news.google.com/__i/rss/rd/articles/CBMilQJodHRwczovL3R3LnN0b2NrLnlhaG9vLmNvbS9uZXdzLzAwNTAtJUU4JUIyJUI3JUU4JUI1JUI3JUU0JUJFJTg2JUVGJUJDJTlGJUU1JUIwJTg4JUU1JUFFJUI2JUU2JThGJUFEJUU2JTk5JUFGJUU2JUIwJUEzJUU4JTk3JThEJUU3JTg3JTg4JUU4JTg4JTg3JUU1JThGJUIwJUU4JTgyJUExJUU3JTlCJUI4JUU5JTk3JTlDJUU2JTgwJUE3JUVGJUJDJTlBJUU1JUI5JUIzJUU1JTlEJTg3JUU2JUJDJUIyJUU1JUI5JTg1JUU5JTgwJUJFJUU0JUI4JTg5JUU2JTg4JTkwLTAxNTIwMjAyMC5odG1s0gGdAmh0dHBzOi8vdHcuc3RvY2sueWFob28uY29tL2FtcGh0bWwvbmV3cy8wMDUwLSVFOCVCMiVCNyVFOCVCNSVCNyVFNCVCRSU4NiVFRiVCQyU5RiVFNSVCMCU4OCVFNSVBRSVCNiVFNiU4RiVBRCVFNiU5OSVBRiVFNiVCMCVBMyVFOCU5NyU4RCVFNyU4NyU4OCVFOCU4OCU4NyVFNSU4RiVCMCVFOCU4MiVBMSVFNyU5QiVCOCVFOSU5NyU5QyVFNiU4MCVBNyVFRiVCQyU5QSVFNSVCOSVCMyVFNSU5RCU4NyVFNiVCQyVCMiVFNSVCOSU4NSVFOSU4MCVCRSVFNCVCOCU4OSVFNiU4OCU5MC0wMTUyMDIwMjAuaHRtbA?oc=5,Yahoo奇摩股市,0050買起來？專家揭景氣藍燈與台股相關性：平均漲幅逾三成 - Yahoo奇摩股市,-0.3
2023-01-05 08:00:00,0050,https://news.google.com/__i/rss/rd/articles/CBMiLmh0dHBzOi8vbW9uZXkudWRuLmNvbS9tb25leS9zdG9yeS81NjE4LzY4OTAwMzjSATJodHRwczovL21vbmV5LnVkbi5jb20vbW9uZXkvYW1wL3N0b3J5LzU2MTgvNjg5MDAzOA?oc=5,經濟日報,元大台灣50 分批介入 - 經濟日報,0.3
2023-01-05 08:00:00,0050,https://news.google.com/__i/rss/rd/articles/CBMiSWh0dHBzOi8vbW9uZXkudWRuLmNvbS9tb25leS9zdG9yeS81NjE4LzY4ODk1OTI_ZnJvbT1lZG5fc2VhcmNoX3RhZ19yZXN1bHTSATJodHRwczovL21vbmV5LnVkbi5jb20vbW9uZXkvYW1wL3N0b3J5LzU2MTgvNjg4OTU5Mg?oc=5,經濟日報,景氣燈號2018後再亮藍燈 留意0050市值型ETF進場機會 - 經濟日報,-0.3
2023-01-05 09:58:42,0050,https://news.google.com/__i/rss/rd/articles/CBMiS2h0dHBzOi8vbW9uZXkudWRuLmNvbS9tb25leS9zdG9yeS81NjE4LzY4ODk1OTI_ZnJvbT1lZG5fcmVsYXRlZF9zdG9yeWJvdHRvbdIBMmh0dHBzOi8vbW9uZXkudWRuLmNvbS9tb25leS9hbXAvc3RvcnkvNTYxOC82ODg5NTky?oc=5,經濟日報,景氣燈號2018後再亮藍燈 留意0050市值型ETF進場機會 - 經濟日報,-0.3
2023-01-05 15:18:38,0050,https://news.google.com/__i/rss/rd/articles/CBMiLmh0dHBzOi8vbW9uZXkudWRuLmNvbS9tb25leS9zdG9yeS81NjE4LzY4OTAwMzjSATJodHRwczovL21vbmV5LnVkbi5jb20vbW9uZXkvYW1wL3N0b3J5LzU2MTgvNjg5MDAzOA?oc=5,經濟日報,元大台灣50 分批介入 - 經濟日報,0.3
2023-01-05 15:21:14,0050,https://news.google.com/rss/articles/CBMiLmh0dHBzOi8vbW9uZXkudWRuLmNvbS9tb25leS9zdG9yeS81NjE4LzY4OTAwMzjSATJodHRwczovL21vbmV5LnVkbi5jb20vbW9uZXkvYW1wL3N0b3J5LzU2MTgvNjg5MDAzOA?oc=5,經濟日報,元大台灣50 分批介入 - 經濟日報,0.3
2023-01-07 08:00:00,0050,https://news.google.com/__i/rss/rd/articles/CBMiLmh0dHBzOi8vbW9uZXkudWRuLmNvbS9tb25leS9zdG9yeS81NjE4LzY4OTQ1MjHSATJodHRwczovL21vbmV5LnVkbi5jb20vbW9uZXkvYW1wL3N0b3J5LzU2MTgvNjg5NDUyMQ?oc=5,經濟日報,元大台灣50 長期布局 - 經濟日報,0.0
2023-01-07 15:00:46,0050,https://news.google.com/__i/rss/rd/articles/CBMiMmh0dHBzOi8vbW9uZXkudWRuLmNvbS9tb25leS9hbXAvc3RvcnkvNTYxOC82ODk0NTIx0gEyaHR0cHM6Ly9tb25leS51ZG4uY29tL21vbmV5L2FtcC9zdG9yeS81NjE4LzY4OTQ1MjE?oc=5,經濟日報,元大台灣50 長期布局 - 經濟日報,0.0
2023-01-08 08:00:00,0050,https://news.google.com/rss/articles/CBMi2gFodHRwczovL3R3LnN0b2NrLnlhaG9vLmNvbS9uZXdzLzE4LSVFNiVBQSU5NCVFOSU5OSVBNCVFNiU4MSVBRmV0ZiVFNCVCQSVCQSVFNiVCMCVBMyVFNSVCNyVBRSVFNSVCRSU4OCVFNSVBNCVBNy0wMDUwLSVFNSU5NiVBRSVFNSU5MSVBOCVFNSVBMiU5RSVFNSU4QSVBMC0yNDQ2LSVFNSU5MCU4RCVFOCU4MiVBMSVFNiU5RCVCMSVFNiU5QyU4MCVFNSVBNCU5QS0wMTQxMjk4NTkuaHRtbNIBAA?oc=5,Yahoo奇摩股市,ETF／18檔除息ETF人氣差很大0050單周增加2446名股東最多 - Yahoo奇摩股市,0.0
2023-01-08 08:00:00,0050,https://news.google.com/rss/articles/CBMi2gFodHRwczovL3R3LnN0b2NrLnlhaG9vLmNvbS9uZXdzLzE4LSVFNiVBQSU5NCVFOSU5OSVBNCVFNiU4MSVBRmV0ZiVFNCVCQSVCQSVFNiVCMCVBMyVFNSVCNyVBRSVFNSVCRSU4OCVFNSVBNCVBNy0wMDUwLSVFNSU5NiVBRSVFNSU5MSVBOCVFNSVBMiU5RSVFNSU4QSVBMC0yNDQ2LSVFNSU5MCU4RCVFOCU4MiVBMSVFNiU5RCVCMSVFNiU5QyU4MCVFNSVBNCU5QS0wMTQxMjk4NTkuaHRtbNIB4gFodHRwczovL3R3LnN0b2NrLnlhaG9vLmNvbS9hbXBodG1sL25ld3MvMTgtJUU2JUFBJTk0JUU5JTk5JUE0JUU2JTgxJUFGZXRmJUU0JUJBJUJBJUU2JUIwJUEzJUU1JUI3JUFFJUU1JUJFJTg4JUU1JUE0JUE3LTAwNTAtJUU1JTk2JUFFJUU1JTkxJUE4JUU1JUEyJTlFJUU1JThBJUEwLTI0NDYtJUU1JTkwJThEJUU4JTgyJUExJUU2JTlEJUIxJUU2JTlDJTgwJUU1JUE0JTlBLTAxNDEyOTg1OS5odG1s?oc=5,Yahoo奇摩股市,"18檔除息ETF人氣差很大 0050單周增加2,446名股東最多 - Yahoo奇摩股市",-0.2
2023-01-09 01:46:48,0050,https://news.google.com/__i/rss/rd/articles/CBMi2gFodHRwczovL3R3LnN0b2NrLnlhaG9vLmNvbS9uZXdzLzE4LSVFNiVBQSU5NCVFOSU5OSVBNCVFNiU4MSVBRmV0ZiVFNCVCQSVCQSVFNiVCMCVBMyVFNSVCNyVBRSVFNSVCRSU4OCVFNSVBNCVBNy0wMDUwLSVFNSU5NiVBRSVFNSU5MSVBOCVFNSVBMiU5RSVFNSU4QSVBMC0yNDQ2LSVFNSU5MCU4RCVFOCU4MiVBMSVFNiU5RCVCMSVFNiU5QyU4MCVFNSVBNCU5QS0wMTQxMjk4NTkuaHRtbNIB4gFodHRwczovL3R3LnN0b2NrLnlhaG9vLmNvbS9hbXBodG1sL25ld3MvMTgtJUU2JUFBJTk0JUU5JTk5JUE0JUU2JTgxJUFGZXRmJUU0JUJBJUJBJUU2JUIwJUEzJUU1JUI3JUFFJUU1JUJFJTg4JUU1JUE0JUE3LTAwNTAtJUU1JTk2JUFFJUU1JTkxJUE4JUU1JUEyJTlFJUU1JThBJUEwLTI0NDYtJUU1JTkwJThEJUU4JTgyJUExJUU2JTlEJUIxJUU2JTlDJTgwJUU1JUE0JTlBLTAxNDEyOTg1OS5odG1s?oc=5,Yahoo奇摩股市,"18檔除息ETF人氣差很大 0050單周增加2,446名股東最多 - Yahoo奇摩股市",-0.2
2023-01-09 03:49:21,0050,https://news.google.com/__i/rss/rd/articles/CBMi2gFodHRwczovL3R3LnN0b2NrLnlhaG9vLmNvbS9uZXdzLzE4LSVFNiVBQSU5NCVFOSU5OSVBNCVFNiU4MSVBRmV0ZiVFNCVCQSVCQSVFNiVCMCVBMyVFNSVCNyVBRSVFNSVCRSU4OCVFNSVBNCVBNy0wMDUwLSVFNSU5NiVBRSVFNSU5MSVBOCVFNSVBMiU5RSVFNSU4QSVBMC0yNDQ2LSVFNSU5MCU4RCVFOCU4MiVBMSVFNiU5RCVCMSVFNiU5QyU4MCVFNSVBNCU5QS0wMTQxMjk4NTkuaHRtbNIB4gFodHRwczovL3R3LnN0b2NrLnlhaG9vLmNvbS9hbXBodG1sL25ld3MvMTgtJUU2JUFBJTk0JUU5JTk5JUE0JUU2JTgxJUFGZXRmJUU0JUJBJUJBJUU2JUIwJUEzJUU1JUI3JUFFJUU1JUJFJTg4JUU1JUE0JUE3LTAwNTAtJUU1JTk2JUFFJUU1JTkxJUE4JUU1JUEyJTlFJUU1JThBJUEwLTI0NDYtJUU1JTkwJThEJUU4JTgyJUExJUU2JTlEJUIxJUU2JTlDJTgwJUU1JUE0JTlBLTAxNDEyOTg1OS5odG1s?oc=5,Yahoo奇摩股市,"18檔除息ETF人氣差很大 0050單周增加2,446名股東最多 - Yahoo奇摩股市",-0.2
2023-01-09 06:30:43,0050,https://news.google.com/__i/rss/rd/articles/CBMiSGh0dHBzOi8vbW9uZXkudWRuLmNvbS9tb25leS9zdG9yeS81NjE4LzY4OTc1NzU_ZnJvbT1lZG5fc3ViY2F0ZWxpc3RfY2F0ZdIBMmh0dHBzOi8vbW9uZXkudWRuLmNvbS9tb25leS9hbXAvc3RvcnkvNTYxOC82ODk3NTc1?oc=5,經濟日報,0050第一階段配息公告 1/17台股封關日為除息前最後交易日 - 經濟日報,0.0
2023-01-09 08:00:00,0050,https://news.google.com/rss/articles/CBMiLmh0dHBzOi8vbW9uZXkudWRuLmNvbS9tb25leS9zdG9yeS81NjE4LzY4OTc1NzXSATJodHRwczovL21vbmV5LnVkbi5jb20vbW9uZXkvYW1wL3N0b3J5LzU2MTgvNjg5NzU3NQ?oc=5,經濟日報,0050第一階段配息公告 1/17台股封關日為除息前最後交易日 - 經濟日報,0.0
2023-01-13 08:00:00,0050,https://news.google.com/__i/rss/rd/articles/CBMiRGh0dHBzOi8vbW9uZXkudWRuLmNvbS9tb25leS9zdG9yeS81NjA3LzY5MTUwNjM_ZnJvbT1lZG5fbmV3ZXN0X2luZGV40gEyaHR0cHM6Ly9tb25leS51ZG4uY29tL21vbmV5L2FtcC9zdG9yeS81NjA3LzY5MTUwNjM?oc=5,經濟日報,股息紅包變大包！元大台灣50（0050）配息金額調高 - 經濟日報,0.2
2023-01-14 15:02:22,0050,https://news.google.com/__i/rss/rd/articles/CBMiTGh0dHBzOi8vbW9uZXkudWRuLmNvbS9tb25leS9zdG9yeS81NjE4LzY5MTEzMTc_ZnJvbT1lZG5fbmV3ZXN0bGlzdF9jYXRlX3NpZGXSATJodHRwczovL21vbmV5LnVkbi5jb20vbW9uZXkvYW1wL3N0b3J5LzU2MTgvNjkxMTMxNw?oc=5,經濟日報,元大台灣50 酌量布局 - 經濟日報,0.0
2023-01-15 08:00:00,0050,https://news.google.com/__i/rss/rd/articles/CBMimQJodHRwczovL3R3LnN0b2NrLnlhaG9vLmNvbS9uZXdzLyVFNiU5QyU4MCVFOSU5NSVCNyVFNCVCQyU5MSVFNSVCOCU4MiVFNCVCRSU4NiVFNSU4OCVCMGV0ZiVFNiU5MCVCNiVFNiU4MSVBRiVFOCU4OCU4OCVFOCU4NyVCNCVFNyVCQyVCQSVFNyVCQyVCQSVFRiVCQyU4MS0wMDUwLSVFNSU5MSVBOCVFNiVCOCU5Qi0yMzI4LSVFNSU5MCU4RCVFOCU4MiVBMSVFNiU5RCVCMS0yLSVFNiVBQSU5NCVFNSU5MCVCOCVFNSU4RCU4MyVFNCVCQSVCQSVFNSU4QSVBMCVFNyVBMiVCQy0wMDI3MzE2MjcuaHRtbNIBoQJodHRwczovL3R3LnN0b2NrLnlhaG9vLmNvbS9hbXBodG1sL25ld3MvJUU2JTlDJTgwJUU5JTk1JUI3JUU0JUJDJTkxJUU1JUI4JTgyJUU0JUJFJTg2JUU1JTg4JUIwZXRmJUU2JTkwJUI2JUU2JTgxJUFGJUU4JTg4JTg4JUU4JTg3JUI0JUU3JUJDJUJBJUU3JUJDJUJBJUVGJUJDJTgxLTAwNTAtJUU1JTkxJUE4JUU2JUI4JTlCLTIzMjgtJUU1JTkwJThEJUU4JTgyJUExJUU2JTlEJUIxLTItJUU2JUFBJTk0JUU1JTkwJUI4JUU1JThEJTgzJUU0JUJBJUJBJUU1JThBJUEwJUU3JUEyJUJDLTAwMjczMTYyNy5odG1s?oc=5,Yahoo奇摩股市,"【ETF除息紅包1】最長休市來到搶息興致缺缺！0050周減2,328名股東 2檔吸千人加碼 - Yahoo奇摩股市",-0.2
2023-01-15 08:00:00,0050,https://news.google.com/rss/articles/CBMi1QFodHRwczovL3R3LnN0b2NrLnlhaG9vLmNvbS9uZXdzLyVFOSU4NyU5MSVFNSU4NSU5NGV0ZiVFOCVCMyVCQSVFOSVBMyVCRCVFOSVBMyVCRDEtJUU2JUE1JUI1JUU3JUIwJUExLSVFNiU4QiU5QiVFOCVCMiVCNyVFOSU4MCVCMjAwNTAtJUU2JTk0JUJFMyVFNSVCOSVCNDUlRTYlODglOTAlRTclOEQlQjIlRTUlODglQTklRTglOTAlQkQlRTglQTIlOEItMjE1ODU5NTQxLmh0bWzSAd0BaHR0cHM6Ly90dy5zdG9jay55YWhvby5jb20vYW1waHRtbC9uZXdzLyVFOSU4NyU5MSVFNSU4NSU5NGV0ZiVFOCVCMyVCQSVFOSVBMyVCRCVFOSVBMyVCRDEtJUU2JUE1JUI1JUU3JUIwJUExLSVFNiU4QiU5QiVFOCVCMiVCNyVFOSU4MCVCMjAwNTAtJUU2JTk0JUJFMyVFNSVCOSVCNDUlRTYlODglOTAlRTclOEQlQjIlRTUlODglQTklRTglOTAlQkQlRTglQTIlOEItMjE1ODU5NTQxLmh0bWw?oc=5,Yahoo奇摩股市,【金兔ETF賺飽飽1】極簡一招買進0050 放3年5成獲利落袋 - Yahoo奇摩股市,0.0
2023-01-16 08:00:00,0050,https://news.google.com/rss/articles/CBMiLmh0dHBzOi8vbW9uZXkudWRuLmNvbS9tb25leS9zdG9yeS81NjA3LzY5MTUwNjPSATJodHRwczovL21vbmV5LnVkbi5jb20vbW9uZXkvYW1wL3N0b3J5LzU2MDcvNjkxNTA2Mw?oc=5,經濟日報,股息紅包變大包！0050配息金額調高至2.6元 - 經濟日報,0.3
2023-01-16 08:00:00,0050,https://news.google.com/rss/articles/CBMiLmh0dHBzOi8vbW9uZXkudWRuLmNvbS9tb25leS9zdG9yeS81NjA3LzY5MTUwNjPSAQA?oc=5,經濟日報,股息紅包變大包！0050配息金額調高至2.6元| 市場焦點| 證券| 經濟日報 - 經濟日報,0.3
2023-01-16 08:00:00,0050,https://news.google.com/rss/articles/CBMiJmh0dHBzOi8vbmV3cy5jbnllcy5jb20vbmV3cy9pZC81MDY0Nzg50gEqaHR0cHM6Ly9hbXAtbmV3cy5jbnllcy5jb20vbmV3cy9pZC81MDY0Nzg5?oc=5,Anue鉅亨,跟著三大法人腳步搶除息紅包 0050配息金額提高至2.6元 - Anue鉅亨,0.3
2023-01-16 08:00:00,0050,https://news.google.com/rss/articles/CBMinAFodHRwczovL3R3LnN0b2NrLnlhaG9vLmNvbS9uZXdzLzYzJUU4JTkwJUFDJUU4JTgyJUExJUU2JTlEJUIxJUU1JUIwJThGJUU3JUEyJUJBJUU1JUI5JUI4LTAwNTAlRTklODUlOEQlRTYlODElQUYlRTUlQTIlOUUlRTglODclQjMyLTYlRTUlODUlODMtMjAxMDAwMjIyLmh0bWzSAaQBaHR0cHM6Ly90dy5zdG9jay55YWhvby5jb20vYW1waHRtbC9uZXdzLzYzJUU4JTkwJUFDJUU4JTgyJUExJUU2JTlEJUIxJUU1JUIwJThGJUU3JUEyJUJBJUU1JUI5JUI4LTAwNTAlRTklODUlOEQlRTYlODElQUYlRTUlQTIlOUUlRTglODclQjMyLTYlRTUlODUlODMtMjAxMDAwMjIyLmh0bWw?oc=5,Yahoo奇摩股市,63萬股東小確幸 0050配息增至2.6元 - Yahoo奇摩股市,0.0
2023-01-16 09:21:36,0050,https://news.google.com/__i/rss/rd/articles/CBMiLmh0dHBzOi8vbW9uZXkudWRuLmNvbS9tb25leS9zdG9yeS81NjA3LzY5MTUwNjPSATJodHRwczovL21vbmV5LnVkbi5jb20vbW9uZXkvYW1wL3N0b3J5LzU2MDcvNjkxNTA2Mw?oc=5,經濟日報,股息紅包變大包！0050配息金額調高至2.6元 - 經濟日報,0.3
2023-01-16 09:26:25,0050,https://news.google.com/rss/articles/CBMiLmh0dHBzOi8vbW9uZXkudWRuLmNvbS9tb25leS9zdG9yeS81NjA3LzY5MTUwNjPSATJodHRwczovL21vbmV5LnVkbi5jb20vbW9uZXkvYW1wL3N0b3J5LzU2MDcvNjkxNTA2Mw?oc=5,經濟日報,股息紅包變大包！0050配息金額調高至2.6元 - 經濟日報,0.3
2023-01-16 10:38:45,0050,https://news.google.com/__i/rss/rd/articles/CBMiJmh0dHBzOi8vbmV3cy5jbnllcy5jb20vbmV3cy9pZC81MDY0Nzg50gEqaHR0cHM6Ly9hbXAtbmV3cy5jbnllcy5jb20vbmV3cy9pZC81MDY0Nzg5?oc=5,Anue鉅亨,跟著三大法人腳步搶除息紅包 0050配息金額提高至2.6元 - Anue鉅亨,0.3
2023-01-16 19:02:37,0050,https://news.google.com/__i/rss/rd/articles/CBMiK2h0dHBzOi8vY3RlZS5jb20udHcvbmV3cy9zdG9ja3MvNzkzOTUwLmh0bWzSAQA?oc=5,工商時報,63萬股東小確幸0050配息增至2.6元 - 工商時報,0.0
2023-01-16 19:30:16,0050,https://news.google.com/__i/rss/rd/articles/CBMiLmh0dHBzOi8vbW9uZXkudWRuLmNvbS9tb25leS9zdG9yeS81NjE4LzY5MTU2NTbSATJodHRwczovL21vbmV5LnVkbi5jb20vbW9uZXkvYW1wL3N0b3J5LzU2MTgvNjkxNTY1Ng?oc=5,經濟日報,0050配息調高 63萬股東樂 - 經濟日報,0.2
2023-01-17 08:00:00,0050,https://news.google.com/__i/rss/rd/articles/CBMiLmh0dHBzOi8vbW9uZXkudWRuLmNvbS9tb25leS9zdG9yeS81NjE4LzY5MTU2NTbSATJodHRwczovL21vbmV5LnVkbi5jb20vbW9uZXkvYW1wL3N0b3J5LzU2MTgvNjkxNTY1Ng?oc=5,經濟日報,0050配息調高 63萬股東樂 - 經濟日報,0.2
2023-01-18 21:58:58,0050,https://news.google.com/__i/rss/rd/articles/CBMi5wFodHRwczovL3R3LnN0b2NrLnlhaG9vLmNvbS9uZXdzLyVFNSU5QyU4QiVFNiVCMCU5MWV0ZiVFOCVCMyVCQSVFNCVCOCU4RCVFNSU4MSU5QzItJUU0JUI4JTg5JUU1JUFGJUI2JUU1JUE1JUI2JUU3JTg4JUI4JUU3JUIwJUExJUU1JTk2JUFFLSVFNiU4QiU5QiVFOCVCMiVCNzAwNTAtJUU3JTk0JUE4JUU4JTgyJUExJUU2JTgxJUFGJUU5JUE0JThBLSVFNSVBRSVCNjUlRTUlOEYlQTMtMjE1ODU4MjI2Lmh0bWzSAe8BaHR0cHM6Ly90dy5zdG9jay55YWhvby5jb20vYW1waHRtbC9uZXdzLyVFNSU5QyU4QiVFNiVCMCU5MWV0ZiVFOCVCMyVCQSVFNCVCOCU4RCVFNSU4MSU5QzItJUU0JUI4JTg5JUU1JUFGJUI2JUU1JUE1JUI2JUU3JTg4JUI4JUU3JUIwJUExJUU1JTk2JUFFLSVFNiU4QiU5QiVFOCVCMiVCNzAwNTAtJUU3JTk0JUE4JUU4JTgyJUExJUU2JTgxJUFGJUU5JUE0JThBLSVFNSVBRSVCNjUlRTUlOEYlQTMtMjE1ODU4MjI2Lmh0bWw?oc=5,Yahoo奇摩股市,【國民ETF賺不停2】三寶奶爸簡單一招買0050 用股息養一家5口 - Yahoo奇摩股市,0.0
2023-01-20 08:00:00,0050,https://news.google.com/__i/rss/rd/articles/CBMi4gFodHRwczovL3R3LnN0b2NrLnlhaG9vLmNvbS9uZXdzLyVFNyVCNCU4NSVFNSU4QyU4NSVFNiU5NCVCRSVFNSVBNCVBNy0lRTclOUMlOEIlRTglQTYlOEIlRTklODAlOTklRTglQTglOEElRTglOTklOUYlRTklOTYlOEIlRTUlQTclOEIlRTUlQUUlOUElRTYlOUMlOUYlRTUlQUUlOUElRTklQTElOEQwMDUwLSVFNSVCOSVCNCVFNSVBMCVCMSVFOSU4NSVBQyVFOCVCRiU5MTEwLTAzMzAwMzkwNi5odG1s0gHqAWh0dHBzOi8vdHcuc3RvY2sueWFob28uY29tL2FtcGh0bWwvbmV3cy8lRTclQjQlODUlRTUlOEMlODUlRTYlOTQlQkUlRTUlQTQlQTctJUU3JTlDJThCJUU4JUE2JThCJUU5JTgwJTk5JUU4JUE4JThBJUU4JTk5JTlGJUU5JTk2JThCJUU1JUE3JThCJUU1JUFFJTlBJUU2JTlDJTlGJUU1JUFFJTlBJUU5JUExJThEMDA1MC0lRTUlQjklQjQlRTUlQTAlQjElRTklODUlQUMlRTglQkYlOTExMC0wMzMwMDM5MDYuaHRtbA?oc=5,Yahoo奇摩股市,紅包放大！ 看見這訊號開始定期定額0050 一年報酬近10% - Yahoo奇摩股市,0.0
2023-01-20 08:00:00,0050,https://news.google.com/rss/articles/CBMiJmh0dHBzOi8vbmV3cy5jbnllcy5jb20vbmV3cy9pZC81MDY3NTE10gEqaHR0cHM6Ly9hbXAtbmV3cy5jbnllcy5jb20vbmV3cy9pZC81MDY3NTE1?oc=5,Anue鉅亨,紅包放大！ 看見這訊號開始定期定額0050 一年報酬近10% - Anue鉅亨,0.0
2023-01-21 03:30:03,0050,https://news.google.com/__i/rss/rd/articles/CBMiJmh0dHBzOi8vbmV3cy5jbnllcy5jb20vbmV3cy9pZC81MDY3NTE10gEqaHR0cHM6Ly9hbXAtbmV3cy5jbnllcy5jb20vbmV3cy9pZC81MDY3NTE1?oc=5,Anue鉅亨,紅包放大！ 看見這訊號開始定期定額0050 一年報酬近10% - Anue鉅亨,0.0
2023-01-21 04:22:13,0050,https://news.google.com/__i/rss/rd/articles/CBMi4gFodHRwczovL3R3LnN0b2NrLnlhaG9vLmNvbS9uZXdzLyVFNyVCNCU4NSVFNSU4QyU4NSVFNiU5NCVCRSVFNSVBNCVBNy0lRTclOUMlOEIlRTglQTYlOEIlRTklODAlOTklRTglQTglOEElRTglOTklOUYlRTklOTYlOEIlRTUlQTclOEIlRTUlQUUlOUElRTYlOUMlOUYlRTUlQUUlOUElRTklQTElOEQwMDUwLSVFNSVCOSVCNCVFNSVBMCVCMSVFOSU4NSVBQyVFOCVCRiU5MTEwLTAzMzAwMzkwNi5odG1s0gHqAWh0dHBzOi8vdHcuc3RvY2sueWFob28uY29tL2FtcGh0bWwvbmV3cy8lRTclQjQlODUlRTUlOEMlODUlRTYlOTQlQkUlRTUlQTQlQTctJUU3JTlDJThCJUU4JUE2JThCJUU5JTgwJTk5JUU4JUE4JThBJUU4JTk5JTlGJUU5JTk2JThCJUU1JUE3JThCJUU1JUFFJTlBJUU2JTlDJTlGJUU1JUFFJTlBJUU5JUExJThEMDA1MC0lRTUlQjklQjQlRTUlQTAlQjElRTklODUlQUMlRTglQkYlOTExMC0wMzMwMDM5MDYuaHRtbA?oc=5,Yahoo奇摩股市,紅包放大！ 看見這訊號開始定期定額0050 一年報酬近10% - Yahoo奇摩股市,0.0
2023-01-21 04:23:57,0050,https://news.google.com/__i/rss/rd/articles/CBMi4gFodHRwczovL3R3LnN0b2NrLnlhaG9vLmNvbS9uZXdzLyVFNyVCNCU4NSVFNSU4QyU4NSVFNiU5NCVCRSVFNSVBNCVBNy0lRTclOUMlOEIlRTglQTYlOEIlRTklODAlOTklRTglQTglOEElRTglOTklOUYlRTklOTYlOEIlRTUlQTclOEIlRTUlQUUlOUElRTYlOUMlOUYlRTUlQUUlOUElRTklQTElOEQwMDUwLSVFNSVCOSVCNCVFNSVBMCVCMSVFOSU4NSVBQyVFOCVCRiU5MTEwLTAzMzAwMzkwNi5odG1s0gHqAWh0dHBzOi8vdHcuc3RvY2sueWFob28uY29tL2FtcGh0bWwvbmV3cy8lRTclQjQlODUlRTUlOEMlODUlRTYlOTQlQkUlRTUlQTQlQTctJUU3JTlDJThCJUU4JUE2JThCJUU5JTgwJTk5JUU4JUE4JThBJUU4JTk5JTlGJUU5JTk2JThCJUU1JUE3JThCJUU1JUFFJTlBJUU2JTlDJTlGJUU1JUFFJTlBJUU5JUExJThEMDA1MC0lRTUlQjklQjQlRTUlQTAlQjElRTklODUlQUMlRTglQkYlOTExMC0wMzMwMDM5MDYuaHRtbA?oc=5,Yahoo奇摩股市,紅包放大！ 看見這訊號開始定期定額0050 一年報酬近10% - Yahoo奇摩股市,0.0
2023-01-29 08:00:00,0050,https://news.google.com/rss/articles/CBMi_QFodHRwczovL3R3LnN0b2NrLnlhaG9vLmNvbS9uZXdzLzYzNCVFOCU5MCVBQyVFOCU4MiVBMSVFNiU5RCVCMSVFNSU5NyVBOCVFRiVCQyU4MSVFNSU4RiVCMCVFNyVBOSU4RCVFOSU5QiVCQiVFNSU4QSVBOSVFNiU5NCVCQjAwNTAlRTclQTclOTIlRTUlQTElQUIlRTYlODElQUYtJUU1JTg5JUI1JUU1JTkwJThDJUU2JTlDJTlGJUU2JTlDJTgwJUU1JUJGJUFCJUU1JUExJUFCJUU2JTgxJUFGJUU3JUI0JTgwJUU5JThDJTg0LTAzNDIxMTcxNy5odG1s0gEA?oc=5,Yahoo奇摩股市,63.4萬股東嗨！台積電助攻0050秒填息創同期最快填息紀錄 - Yahoo奇摩股市,0.8
2023-01-29 08:00:00,0050,https://news.google.com/rss/articles/CBMiJmh0dHBzOi8vbmV3cy5jbnllcy5jb20vbmV3cy9pZC81MDcxMzUx0gEA?oc=5,Anue鉅亨,110萬股民嗨領5檔ETF填息大紅包0050秒填息創紀錄| Anue鉅亨- 台 ... - Anue鉅亨,0.0
2023-01-29 08:00:00,0050,https://news.google.com/rss/articles/CBMi_QFodHRwczovL3R3LnN0b2NrLnlhaG9vLmNvbS9uZXdzLzYzNCVFOCU5MCVBQyVFOCU4MiVBMSVFNiU5RCVCMSVFNSU5NyVBOCVFRiVCQyU4MSVFNSU4RiVCMCVFNyVBOSU4RCVFOSU5QiVCQiVFNSU4QSVBOSVFNiU5NCVCQjAwNTAlRTclQTclOTIlRTUlQTElQUIlRTYlODElQUYtJUU1JTg5JUI1JUU1JTkwJThDJUU2JTlDJTlGJUU2JTlDJTgwJUU1JUJGJUFCJUU1JUExJUFCJUU2JTgxJUFGJUU3JUI0JTgwJUU5JThDJTg0LTAzNDIxMTcxNy5odG1s0gGFAmh0dHBzOi8vdHcuc3RvY2sueWFob28uY29tL2FtcGh0bWwvbmV3cy82MzQlRTglOTAlQUMlRTglODIlQTElRTYlOUQlQjElRTUlOTclQTglRUYlQkMlODElRTUlOEYlQjAlRTclQTklOEQlRTklOUIlQkIlRTUlOEElQTklRTYlOTQlQkIwMDUwJUU3JUE3JTkyJUU1JUExJUFCJUU2JTgxJUFGLSVFNSU4OSVCNSVFNSU5MCU4QyVFNiU5QyU5RiVFNiU5QyU4MCVFNSVCRiVBQiVFNSVBMSVBQiVFNiU4MSVBRiVFNyVCNCU4MCVFOSU4QyU4NC0wMzQyMTE3MTcuaHRtbA?oc=5,Yahoo奇摩股市,63.4萬股東嗨！台積電助攻0050秒填息 創同期最快填息紀錄 - Yahoo奇摩股市,0.8
2023-01-30 02:29:48,0050,https://news.google.com/__i/rss/rd/articles/CBMiK2h0dHBzOi8vY3RlZS5jb20udHcvbmV3cy9zdG9ja3MvNzk3NjU3Lmh0bWzSAQA?oc=5,工商時報,63萬股東樂！神山助攻0050上演秒填息 - 工商時報,0.8
2023-01-30 02:29:48,0050,https://news.google.com/__i/rss/rd/articles/CBMiK2h0dHBzOi8vY3RlZS5jb20udHcvbmV3cy9zdG9ja3MvNzk3NjU3Lmh0bWzSAQA?oc=5,工商時報,0050除息秒填息63萬股東股息價差雙頭賺 - 工商時報,0.0
2023-01-30 03:43:57,0050,https://news.google.com/__i/rss/rd/articles/CBMi_QFodHRwczovL3R3LnN0b2NrLnlhaG9vLmNvbS9uZXdzLzYzNCVFOCU5MCVBQyVFOCU4MiVBMSVFNiU5RCVCMSVFNSU5NyVBOCVFRiVCQyU4MSVFNSU4RiVCMCVFNyVBOSU4RCVFOSU5QiVCQiVFNSU4QSVBOSVFNiU5NCVCQjAwNTAlRTclQTclOTIlRTUlQTElQUIlRTYlODElQUYtJUU1JTg5JUI1JUU1JTkwJThDJUU2JTlDJTlGJUU2JTlDJTgwJUU1JUJGJUFCJUU1JUExJUFCJUU2JTgxJUFGJUU3JUI0JTgwJUU5JThDJTg0LTAzNDIxMTcxNy5odG1s0gGFAmh0dHBzOi8vdHcuc3RvY2sueWFob28uY29tL2FtcGh0bWwvbmV3cy82MzQlRTglOTAlQUMlRTglODIlQTElRTYlOUQlQjElRTUlOTclQTglRUYlQkMlODElRTUlOEYlQjAlRTclQTklOEQlRTklOUIlQkIlRTUlOEElQTklRTYlOTQlQkIwMDUwJUU3JUE3JTkyJUU1JUExJUFCJUU2JTgxJUFGLSVFNSU4OSVCNSVFNSU5MCU4QyVFNiU5QyU5RiVFNiU5QyU4MCVFNSVCRiVBQiVFNSVBMSVBQiVFNiU4MSVBRiVFNyVCNCU4MCVFOSU4QyU4NC0wMzQyMTE3MTcuaHRtbA?oc=5,Yahoo奇摩股市,63.4萬股東嗨！台積電助攻0050秒填息 創同期最快填息紀錄 - Yahoo奇摩股市,0.8
2023-01-30 03:51:28,0050,https://news.google.com/__i/rss/rd/articles/CBMi_QFodHRwczovL3R3LnN0b2NrLnlhaG9vLmNvbS9uZXdzLzYzNCVFOCU5MCVBQyVFOCU4MiVBMSVFNiU5RCVCMSVFNSU5NyVBOCVFRiVCQyU4MSVFNSU4RiVCMCVFNyVBOSU4RCVFOSU5QiVCQiVFNSU4QSVBOSVFNiU5NCVCQjAwNTAlRTclQTclOTIlRTUlQTElQUIlRTYlODElQUYtJUU1JTg5JUI1JUU1JTkwJThDJUU2JTlDJTlGJUU2JTlDJTgwJUU1JUJGJUFCJUU1JUExJUFCJUU2JTgxJUFGJUU3JUI0JTgwJUU5JThDJTg0LTAzNDIxMTcxNy5odG1s0gGFAmh0dHBzOi8vdHcuc3RvY2sueWFob28uY29tL2FtcGh0bWwvbmV3cy82MzQlRTglOTAlQUMlRTglODIlQTElRTYlOUQlQjElRTUlOTclQTglRUYlQkMlODElRTUlOEYlQjAlRTclQTklOEQlRTklOUIlQkIlRTUlOEElQTklRTYlOTQlQkIwMDUwJUU3JUE3JTkyJUU1JUExJUFCJUU2JTgxJUFGLSVFNSU4OSVCNSVFNSU5MCU4QyVFNiU5QyU5RiVFNiU5QyU4MCVFNSVCRiVBQiVFNSVBMSVBQiVFNiU4MSVBRiVFNyVCNCU4MCVFOSU4QyU4NC0wMzQyMTE3MTcuaHRtbA?oc=5,Yahoo奇摩股市,63.4萬股東嗨！台積電助攻0050秒填息 創同期最快填息紀錄 - Yahoo奇摩股市,0.2
2023-01-30 05:13:20,0050,https://news.google.com/__i/rss/rd/articles/CBMiJmh0dHBzOi8vbmV3cy5jbnllcy5jb20vbmV3cy9pZC81MDcxMzUx0gEA?oc=5,Anue鉅亨,110萬股民嗨領5檔ETF填息大紅包0050秒填息創紀錄| Anue鉅亨- 台股新聞 - Anue鉅亨,0.0
2023-01-30 05:13:20,0050,https://news.google.com/__i/rss/rd/articles/CBMiJmh0dHBzOi8vbmV3cy5jbnllcy5jb20vbmV3cy9pZC81MDcxMzUx0gEA?oc=5,Anue鉅亨,110萬股民嗨領5檔ETF填息大紅包0050秒填息創紀錄| Anue鉅亨- 台 ... - Anue鉅亨,0.0
2023-01-30 08:00:00,0050,https://news.google.com/rss/articles/CBMiK2h0dHBzOi8vY3RlZS5jb20udHcvbmV3cy9zdG9ja3MvNzk3NjU3Lmh0bWzSAQA?oc=5,工商時報,0050除息秒填息63萬股東股息價差雙頭賺 - 工商時報,0.0
2023-01-31 03:11:52,0050,https://news.google.com/rss/articles/CBMiKWh0dHBzOi8vY3RlZS5jb20udHcvbmV3cy9mdW5kLzc5ODQ4Ny5odG1s0gEA?oc=5,工商時報,就是今天!買迷你版0050配息3％ 1張不到萬元 - 工商時報,0.0
2023-01-31 08:00:00,0050,https://news.google.com/rss/articles/CBMiKWh0dHBzOi8vY3RlZS5jb20udHcvbmV3cy9mdW5kLzc5ODQ4Ny5odG1s0gEA?oc=5,工商時報,就是今天!買迷你版0050配息3％ 1張不到萬元 - 工商時報,0.0
2023-01-31 08:00:00,0050,https://news.google.com/rss/articles/CBMiLmh0dHBzOi8vbW9uZXkudWRuLmNvbS9tb25leS9zdG9yeS81NjE4LzY5Mzk3NTDSATJodHRwczovL21vbmV5LnVkbi5jb20vbW9uZXkvYW1wL3N0b3J5LzU2MTgvNjkzOTc1MA?oc=5,經濟日報,搶息買氣爆棚 這檔ETF成交量超過0050、00878等熱門ETF - 經濟日報,0.0
2023-02-01 03:59:30,0050,https://news.google.com/__i/rss/rd/articles/CBMiKWh0dHBzOi8vY3RlZS5jb20udHcvbmV3cy9mdW5kLzc5OTM2OS5odG1s0gEA?oc=5,工商時報,月存0050太慢？網嘆還不如買這檔ETF - 工商時報,0.0
2023-02-03 08:00:00,0050,https://news.google.com/rss/articles/CBMiL2h0dHBzOi8vbW9uZXkudWRuLmNvbS9tb25leS9zdG9yeS8xMjA0MC82OTQ4MjE00gEzaHR0cHM6Ly9tb25leS51ZG4uY29tL21vbmV5L2FtcC9zdG9yeS8xMjA0MC82OTQ4MjE0?oc=5,經濟日報,想幫孩子把紅包變大，0050、006208、6檔「大到不能倒」金融股，怎麼買？ - 經濟日報,0.0
2023-02-03 14:44:02,0050,https://news.google.com/rss/articles/CBMiL2h0dHBzOi8vbW9uZXkudWRuLmNvbS9tb25leS9zdG9yeS8xMjA0MC82OTQ4MjE00gEzaHR0cHM6Ly9tb25leS51ZG4uY29tL21vbmV5L2FtcC9zdG9yeS8xMjA0MC82OTQ4MjE0?oc=5,經濟日報,想把孩子的紅包變大，0050、006208、6檔「大到不能倒」金融股，怎麼買？ - 經濟日報,0.0
2023-02-03 14:44:02,0050,https://news.google.com/rss/articles/CBMiL2h0dHBzOi8vbW9uZXkudWRuLmNvbS9tb25leS9zdG9yeS8xMjA0MC82OTQ4MjE00gEzaHR0cHM6Ly9tb25leS51ZG4uY29tL21vbmV5L2FtcC9zdG9yeS8xMjA0MC82OTQ4MjE0?oc=5,經濟日報,想幫孩子把紅包變大，0050、006208、6檔「大到不能倒」金融股，怎麼買？ - 經濟日報,0.0
2023-02-03 14:44:02,0050,https://news.google.com/rss/articles/CBMiL2h0dHBzOi8vbW9uZXkudWRuLmNvbS9tb25leS9zdG9yeS8xMjA0MC82OTQ4MjE00gEA?oc=5,經濟日報,想幫孩子把紅包變大，0050、006208、6檔「大到不能倒」金融股 ... - 經濟日報,0.0
2023-02-04 08:00:00,0050,https://news.google.com/rss/articles/CBMiLmh0dHBzOi8vbW9uZXkudWRuLmNvbS9tb25leS9zdG9yeS81NjE4LzY5NDk5NjXSATJodHRwczovL21vbmV5LnVkbi5jb20vbW9uZXkvYW1wL3N0b3J5LzU2MTgvNjk0OTk2NQ?oc=5,經濟日報,元大台灣50 迎資金行情 - 經濟日報,0.3
2023-02-04 14:52:27,0050,https://news.google.com/rss/articles/CBMiLmh0dHBzOi8vbW9uZXkudWRuLmNvbS9tb25leS9zdG9yeS81NjE4LzY5NDk5NjXSATJodHRwczovL21vbmV5LnVkbi5jb20vbW9uZXkvYW1wL3N0b3J5LzU2MTgvNjk0OTk2NQ?oc=5,經濟日報,元大台灣50 迎資金行情 - 經濟日報,0.3
2023-02-04 14:52:27,0050,https://news.google.com/rss/articles/CBMiLmh0dHBzOi8vbW9uZXkudWRuLmNvbS9tb25leS9zdG9yeS81NjE4LzY5NDk5NjXSAQA?oc=5,經濟日報,元大台灣50 迎資金行情| 基金天地| 理財| 經濟日報 - 經濟日報,0.3
2023-02-04 14:53:36,0050,https://news.google.com/rss/articles/CBMiLmh0dHBzOi8vbW9uZXkudWRuLmNvbS9tb25leS9zdG9yeS81NjE4LzY5NDk5NjXSATJodHRwczovL21vbmV5LnVkbi5jb20vbW9uZXkvYW1wL3N0b3J5LzU2MTgvNjk0OTk2NQ?oc=5,經濟日報,元大台灣50 迎資金行情 - 經濟日報,0.3
2023-02-05 08:00:00,0050,https://news.google.com/rss/articles/CBMizQFodHRwczovL3R3LnN0b2NrLnlhaG9vLmNvbS9uZXdzLzAwNTAlRTUlOTYlQUUlRTUlOTElQTglRTYlQjglOUIlRTUlQjAlOTE0NTQzJUU1JTkwJThEJUU4JTgyJUExJUU2JTlEJUIxLTAwODc4JUU2JThFJUE1JUU2JUEzJTkyJUU5JTk5JUE0JUU2JTgxJUFGJUU1JUE0JUE3JUU1JUEyJTlFJUU4JUJGJTkxJUU4JTkwJUFDJUU0JUJBJUJBLTAxMzMzMDgzMC5odG1s0gHVAWh0dHBzOi8vdHcuc3RvY2sueWFob28uY29tL2FtcGh0bWwvbmV3cy8wMDUwJUU1JTk2JUFFJUU1JTkxJUE4JUU2JUI4JTlCJUU1JUIwJTkxNDU0MyVFNSU5MCU4RCVFOCU4MiVBMSVFNiU5RCVCMS0wMDg3OCVFNiU4RSVBNSVFNiVBMyU5MiVFOSU5OSVBNCVFNiU4MSVBRiVFNSVBNCVBNyVFNSVBMiU5RSVFOCVCRiU5MSVFOCU5MCVBQyVFNCVCQSVCQS0wMTMzMzA4MzAuaHRtbA?oc=5,Yahoo奇摩股市,"0050單周減少4,543名股東 00878接棒除息大增近萬人 - Yahoo奇摩股市",0.0
2023-02-06 01:36:54,0050,https://news.google.com/rss/articles/CBMizQFodHRwczovL3R3LnN0b2NrLnlhaG9vLmNvbS9uZXdzLzAwNTAlRTUlOTYlQUUlRTUlOTElQTglRTYlQjglOUIlRTUlQjAlOTE0NTQzJUU1JTkwJThEJUU4JTgyJUExJUU2JTlEJUIxLTAwODc4JUU2JThFJUE1JUU2JUEzJTkyJUU5JTk5JUE0JUU2JTgxJUFGJUU1JUE0JUE3JUU1JUEyJTlFJUU4JUJGJTkxJUU4JTkwJUFDJUU0JUJBJUJBLTAxMzMzMDgzMC5odG1s0gHVAWh0dHBzOi8vdHcuc3RvY2sueWFob28uY29tL2FtcGh0bWwvbmV3cy8wMDUwJUU1JTk2JUFFJUU1JTkxJUE4JUU2JUI4JTlCJUU1JUIwJTkxNDU0MyVFNSU5MCU4RCVFOCU4MiVBMSVFNiU5RCVCMS0wMDg3OCVFNiU4RSVBNSVFNiVBMyU5MiVFOSU5OSVBNCVFNiU4MSVBRiVFNSVBNCVBNyVFNSVBMiU5RSVFOCVCRiU5MSVFOCU5MCVBQyVFNCVCQSVCQS0wMTMzMzA4MzAuaHRtbA?oc=5,Yahoo奇摩股市,"0050單周減少4,543名股東 00878接棒除息大增近萬人 - Yahoo奇摩股市",0.0
2023-02-06 01:36:55,0050,https://news.google.com/rss/articles/CBMizQFodHRwczovL3R3LnN0b2NrLnlhaG9vLmNvbS9uZXdzLzAwNTAlRTUlOTYlQUUlRTUlOTElQTglRTYlQjglOUIlRTUlQjAlOTE0NTQzJUU1JTkwJThEJUU4JTgyJUExJUU2JTlEJUIxLTAwODc4JUU2JThFJUE1JUU2JUEzJTkyJUU5JTk5JUE0JUU2JTgxJUFGJUU1JUE0JUE3JUU1JUEyJTlFJUU4JUJGJTkxJUU4JTkwJUFDJUU0JUJBJUJBLTAxMzMzMDgzMC5odG1s0gHVAWh0dHBzOi8vdHcuc3RvY2sueWFob28uY29tL2FtcGh0bWwvbmV3cy8wMDUwJUU1JTk2JUFFJUU1JTkxJUE4JUU2JUI4JTlCJUU1JUIwJTkxNDU0MyVFNSU5MCU4RCVFOCU4MiVBMSVFNiU5RCVCMS0wMDg3OCVFNiU4RSVBNSVFNiVBMyU5MiVFOSU5OSVBNCVFNiU4MSVBRiVFNSVBNCVBNyVFNSVBMiU5RSVFOCVCRiU5MSVFOCU5MCVBQyVFNCVCQSVCQS0wMTMzMzA4MzAuaHRtbA?oc=5,Yahoo奇摩股市,"0050單周減少4,543名股東 00878接棒除息大增近萬人 - Yahoo奇摩股市",0.0
2023-02-06 01:38:10,0050,https://news.google.com/rss/articles/CBMizQFodHRwczovL3R3LnN0b2NrLnlhaG9vLmNvbS9uZXdzLzAwNTAlRTUlOTYlQUUlRTUlOTElQTglRTYlQjglOUIlRTUlQjAlOTE0NTQzJUU1JTkwJThEJUU4JTgyJUExJUU2JTlEJUIxLTAwODc4JUU2JThFJUE1JUU2JUEzJTkyJUU5JTk5JUE0JUU2JTgxJUFGJUU1JUE0JUE3JUU1JUEyJTlFJUU4JUJGJTkxJUU4JTkwJUFDJUU0JUJBJUJBLTAxMzMzMDgzMC5odG1s0gHVAWh0dHBzOi8vdHcuc3RvY2sueWFob28uY29tL2FtcGh0bWwvbmV3cy8wMDUwJUU1JTk2JUFFJUU1JTkxJUE4JUU2JUI4JTlCJUU1JUIwJTkxNDU0MyVFNSU5MCU4RCVFOCU4MiVBMSVFNiU5RCVCMS0wMDg3OCVFNiU4RSVBNSVFNiVBMyU5MiVFOSU5OSVBNCVFNiU4MSVBRiVFNSVBNCVBNyVFNSVBMiU5RSVFOCVCRiU5MSVFOCU5MCVBQyVFNCVCQSVCQS0wMTMzMzA4MzAuaHRtbA?oc=5,Yahoo奇摩股市,"0050單周減少4,543名股東 00878接棒除息大增近萬人 - Yahoo奇摩股市",0.0
2023-02-07 09:14:29,0050,https://news.google.com/rss/articles/CBMiggFodHRwczovL3R3LnN0b2NrLnlhaG9vLmNvbS9uZXdzLzAwNTAtMTYtOC0lRTYlOTAlOEQlRTclOUIlOEElRTglQjUlQjclRTYlQUQlQkIlRTUlOUIlOUUlRTclOTQlOUYtJUU0JUJCJTk2JUU4JUFFJTlBLTA3NDYzNzI1Ny5odG1s0gGKAWh0dHBzOi8vdHcuc3RvY2sueWFob28uY29tL2FtcGh0bWwvbmV3cy8wMDUwLTE2LTgtJUU2JTkwJThEJUU3JTlCJThBJUU4JUI1JUI3JUU2JUFEJUJCJUU1JTlCJTlFJUU3JTk0JTlGLSVFNCVCQiU5NiVFOCVBRSU5QS0wNzQ2MzcyNTcuaHRtbA?oc=5,Yahoo奇摩股市,0050「-16%→8%」損益起死回生！他讚：相信大盤 - Yahoo奇摩股市,0.0
2023-02-08 03:07:56,0050,https://news.google.com/rss/articles/CBMiKWh0dHBzOi8vY3RlZS5jb20udHcvbmV3cy9mdW5kLzgwNDAxMi5odG1s0gEA?oc=5,工商時報,0050、0056怎買？ 2大ETF教父傳授心法 - 工商時報,0.0
2023-02-08 08:00:00,0050,https://news.google.com/rss/articles/CBMi9QFodHRwczovL3R3LnN0b2NrLnlhaG9vLmNvbS9uZXdzLyVFNSVBNCU5NiVFOCVCMyU4NyVFNiVBRCVCOCVFOSU5QSU4QSVFOSVBNiU5NiVFOSU4MSVCODAwNTAlRTYlODglOTAlRTUlODglODYlRTglODIlQTElRUYlQkMlODElRTUlOEYlQjAlRTclODElQTM1MCVFNiU4QyU4NyVFNiU5NSVCOCVFNCVCQiU4QSVFNSVCOSVCNCVFNCVCRSU4NiVFNiVCQyVCMjEyOSVFNSU4QiU5RCVFNSVBNCVBNyVFNyU5QiVBNC0wMTQzMTI0NTQuaHRtbNIBAA?oc=5,Yahoo奇摩股市,0050／外資歸隊首選0050成分股！台灣50指數今年來漲12.9%勝大盤 - Yahoo奇摩股市,0.6
2023-02-08 08:00:00,0050,https://news.google.com/rss/articles/CBMiKWh0dHBzOi8vY3RlZS5jb20udHcvbmV3cy9mdW5kLzgwNDAxMi5odG1s0gEA?oc=5,工商時報,0050、0056怎買？ 2大ETF教父傳授心法 - 工商時報,0.0
2023-02-08 08:00:00,0050,https://news.google.com/rss/articles/CBMi9QFodHRwczovL3R3LnN0b2NrLnlhaG9vLmNvbS9uZXdzLyVFNSVBNCU5NiVFOCVCMyU4NyVFNiVBRCVCOCVFOSU5QSU4QSVFOSVBNiU5NiVFOSU4MSVCODAwNTAlRTYlODglOTAlRTUlODglODYlRTglODIlQTElRUYlQkMlODElRTUlOEYlQjAlRTclODElQTM1MCVFNiU4QyU4NyVFNiU5NSVCOCVFNCVCQiU4QSVFNSVCOSVCNCVFNCVCRSU4NiVFNiVCQyVCMjEyOSVFNSU4QiU5RCVFNSVBNCVBNyVFNyU5QiVBNC0wMTQzMTI0NTQuaHRtbNIB_QFodHRwczovL3R3LnN0b2NrLnlhaG9vLmNvbS9hbXBodG1sL25ld3MvJUU1JUE0JTk2JUU4JUIzJTg3JUU2JUFEJUI4JUU5JTlBJThBJUU5JUE2JTk2JUU5JTgxJUI4MDA1MCVFNiU4OCU5MCVFNSU4OCU4NiVFOCU4MiVBMSVFRiVCQyU4MSVFNSU4RiVCMCVFNyU4MSVBMzUwJUU2JThDJTg3JUU2JTk1JUI4JUU0JUJCJThBJUU1JUI5JUI0JUU0JUJFJTg2JUU2JUJDJUIyMTI5JUU1JThCJTlEJUU1JUE0JUE3JUU3JTlCJUE0LTAxNDMxMjQ1NC5odG1s?oc=5,Yahoo奇摩股市,外資歸隊首選0050成分股！台灣50指數今年來漲12.9%勝大盤 - Yahoo奇摩股市,0.6
2023-02-09 01:46:49,0050,https://news.google.com/rss/articles/CBMi9QFodHRwczovL3R3LnN0b2NrLnlhaG9vLmNvbS9uZXdzLyVFNSVBNCU5NiVFOCVCMyU4NyVFNiVBRCVCOCVFOSU5QSU4QSVFOSVBNiU5NiVFOSU4MSVCODAwNTAlRTYlODglOTAlRTUlODglODYlRTglODIlQTElRUYlQkMlODElRTUlOEYlQjAlRTclODElQTM1MCVFNiU4QyU4NyVFNiU5NSVCOCVFNCVCQiU4QSVFNSVCOSVCNCVFNCVCRSU4NiVFNiVCQyVCMjEyOSVFNSU4QiU5RCVFNSVBNCVBNyVFNyU5QiVBNC0wMTQzMTI0NTQuaHRtbNIB_QFodHRwczovL3R3LnN0b2NrLnlhaG9vLmNvbS9hbXBodG1sL25ld3MvJUU1JUE0JTk2JUU4JUIzJTg3JUU2JUFEJUI4JUU5JTlBJThBJUU5JUE2JTk2JUU5JTgxJUI4MDA1MCVFNiU4OCU5MCVFNSU4OCU4NiVFOCU4MiVBMSVFRiVCQyU4MSVFNSU4RiVCMCVFNyU4MSVBMzUwJUU2JThDJTg3JUU2JTk1JUI4JUU0JUJCJThBJUU1JUI5JUI0JUU0JUJFJTg2JUU2JUJDJUIyMTI5JUU1JThCJTlEJUU1JUE0JUE3JUU3JTlCJUE0LTAxNDMxMjQ1NC5odG1s?oc=5,Yahoo奇摩股市,外資歸隊首選0050成分股！台灣50指數今年來漲12.9%勝大盤 - Yahoo奇摩股市,0.6
2023-02-09 01:47:26,0050,https://news.google.com/rss/articles/CBMi9QFodHRwczovL3R3LnN0b2NrLnlhaG9vLmNvbS9uZXdzLyVFNSVBNCU5NiVFOCVCMyU4NyVFNiVBRCVCOCVFOSU5QSU4QSVFOSVBNiU5NiVFOSU4MSVCODAwNTAlRTYlODglOTAlRTUlODglODYlRTglODIlQTElRUYlQkMlODElRTUlOEYlQjAlRTclODElQTM1MCVFNiU4QyU4NyVFNiU5NSVCOCVFNCVCQiU4QSVFNSVCOSVCNCVFNCVCRSU4NiVFNiVCQyVCMjEyOSVFNSU4QiU5RCVFNSVBNCVBNyVFNyU5QiVBNC0wMTQzMTI0NTQuaHRtbNIB_QFodHRwczovL3R3LnN0b2NrLnlhaG9vLmNvbS9hbXBodG1sL25ld3MvJUU1JUE0JTk2JUU4JUIzJTg3JUU2JUFEJUI4JUU5JTlBJThBJUU5JUE2JTk2JUU5JTgxJUI4MDA1MCVFNiU4OCU5MCVFNSU4OCU4NiVFOCU4MiVBMSVFRiVCQyU4MSVFNSU4RiVCMCVFNyU4MSVBMzUwJUU2JThDJTg3JUU2JTk1JUI4JUU0JUJCJThBJUU1JUI5JUI0JUU0JUJFJTg2JUU2JUJDJUIyMTI5JUU1JThCJTlEJUU1JUE0JUE3JUU3JTlCJUE0LTAxNDMxMjQ1NC5odG1s?oc=5,Yahoo奇摩股市,外資歸隊首選0050成分股！台灣50指數今年來漲12.9%勝大盤 - Yahoo奇摩股市,0.6
2023-02-09 01:56:04,0050,https://news.google.com/rss/articles/CBMi9QFodHRwczovL3R3LnN0b2NrLnlhaG9vLmNvbS9uZXdzLyVFNSVBNCU5NiVFOCVCMyU4NyVFNiVBRCVCOCVFOSU5QSU4QSVFOSVBNiU5NiVFOSU4MSVCODAwNTAlRTYlODglOTAlRTUlODglODYlRTglODIlQTElRUYlQkMlODElRTUlOEYlQjAlRTclODElQTM1MCVFNiU4QyU4NyVFNiU5NSVCOCVFNCVCQiU4QSVFNSVCOSVCNCVFNCVCRSU4NiVFNiVCQyVCMjEyOSVFNSU4QiU5RCVFNSVBNCVBNyVFNyU5QiVBNC0wMTQzMTI0NTQuaHRtbNIB_QFodHRwczovL3R3LnN0b2NrLnlhaG9vLmNvbS9hbXBodG1sL25ld3MvJUU1JUE0JTk2JUU4JUIzJTg3JUU2JUFEJUI4JUU5JTlBJThBJUU5JUE2JTk2JUU5JTgxJUI4MDA1MCVFNiU4OCU5MCVFNSU4OCU4NiVFOCU4MiVBMSVFRiVCQyU4MSVFNSU4RiVCMCVFNyU4MSVBMzUwJUU2JThDJTg3JUU2JTk1JUI4JUU0JUJCJThBJUU1JUI5JUI0JUU0JUJFJTg2JUU2JUJDJUIyMTI5JUU1JThCJTlEJUU1JUE0JUE3JUU3JTlCJUE0LTAxNDMxMjQ1NC5odG1s?oc=5,Yahoo奇摩股市,外資歸隊首選0050成分股！台灣50指數今年來漲12.9%勝大盤 - Yahoo奇摩股市,0.6
2023-02-09 02:37:35,0050,https://news.google.com/rss/articles/CBMiLmh0dHBzOi8vbW9uZXkudWRuLmNvbS9tb25leS9zdG9yeS81NjA3LzY5NTk5NjjSATJodHRwczovL21vbmV5LnVkbi5jb20vbW9uZXkvYW1wL3N0b3J5LzU2MDcvNjk1OTk2OA?oc=5,經濟日報,資金回補新興股市 外資歸隊首選0050成分股 - 經濟日報,0.3
2023-02-09 02:37:35,0050,https://news.google.com/rss/articles/CBMiLmh0dHBzOi8vbW9uZXkudWRuLmNvbS9tb25leS9zdG9yeS81NjA3LzY5NTk5NjjSAQA?oc=5,經濟日報,資金回補新興股市外資歸隊首選0050成分股| 市場焦點| 證券| 經濟日報 - 經濟日報,0.3
2023-02-09 07:46:06,0050,https://news.google.com/rss/articles/CBMiRGh0dHBzOi8vbW9uZXkudWRuLmNvbS9tb25leS9zdG9yeS81NjE4LzY5NjA5MzA_ZnJvbT1lZG5fbmV3ZXN0X2luZGV40gEyaHR0cHM6Ly9tb25leS51ZG4uY29tL21vbmV5L2FtcC9zdG9yeS81NjE4LzY5NjA5MzA?oc=5,經濟日報,美元走弱資金回補新興股市 外資歸隊首選0050成分股 - 經濟日報,0.6
2023-02-09 08:00:00,0050,https://news.google.com/rss/articles/CBMiLmh0dHBzOi8vbW9uZXkudWRuLmNvbS9tb25leS9zdG9yeS81NjA3LzY5NTk5NjjSATJodHRwczovL21vbmV5LnVkbi5jb20vbW9uZXkvYW1wL3N0b3J5LzU2MDcvNjk1OTk2OA?oc=5,經濟日報,資金回補新興股市 外資歸隊首選0050成分股 - 經濟日報,0.3
2023-02-09 08:00:00,0050,https://news.google.com/rss/articles/CBMiLmh0dHBzOi8vbW9uZXkudWRuLmNvbS9tb25leS9zdG9yeS81NjA3LzY5NTk5NjjSAQA?oc=5,經濟日報,資金回補新興股市外資歸隊首選0050成分股| 市場焦點| 證券| 經濟日報 - 經濟日報,0.3
2023-02-11 14:27:41,0050,https://news.google.com/rss/articles/CBMiSGh0dHBzOi8vbW9uZXkudWRuLmNvbS9tb25leS9zdG9yeS81NjE4LzY5NjU2MDU_ZnJvbT1lZG5fc3ViY2F0ZWxpc3RfY2F0ZdIBMmh0dHBzOi8vbW9uZXkudWRuLmNvbS9tb25leS9hbXAvc3RvcnkvNTYxOC82OTY1NjA1?oc=5,經濟日報,元大台灣50 走勢持平 - 經濟日報,0.0
2023-02-15 08:00:00,0050,https://news.google.com/rss/articles/CBMiuAFodHRwczovL3R3LnN0b2NrLnlhaG9vLmNvbS9uZXdzLyVFNSU5RiVCQSVFOSU4NyU5MS1lc2clRTklQTIlQTglRTYlQkQlQUUtNDMlRTYlQUElOTQwMDUwJUU2JTg4JTkwJUU1JTg4JTg2JUU4JTgyJUExJUU1JTg1JUE1JUU1JTg4JTk3JUU2JUIwJUI4JUU3JUJBJThDJUU2JThDJTg3JUU2JTk1JUI4LTA2MjA1MjM2Mi5odG1s0gHAAWh0dHBzOi8vdHcuc3RvY2sueWFob28uY29tL2FtcGh0bWwvbmV3cy8lRTUlOUYlQkElRTklODclOTEtZXNnJUU5JUEyJUE4JUU2JUJEJUFFLTQzJUU2JUFBJTk0MDA1MCVFNiU4OCU5MCVFNSU4OCU4NiVFOCU4MiVBMSVFNSU4NSVBNSVFNSU4OCU5NyVFNiVCMCVCOCVFNyVCQSU4QyVFNiU4QyU4NyVFNiU5NSVCOC0wNjIwNTIzNjIuaHRtbA?oc=5,Yahoo奇摩股市,《基金》ESG風潮 43檔0050成分股入列永續指數 - Yahoo奇摩股市,0.2
2023-02-15 08:00:00,0050,https://news.google.com/rss/articles/CBMivwFodHRwczovL3R3LnN0b2NrLnlhaG9vLmNvbS9uZXdzLzAwNTAlRTQlQjklOUYlRTUlQkUlODhlc2clRUYlQkMlODE0MyVFNiVBQSU5NCVFNiU4OCU5MCVFNSU4OCU4NiVFOCU4MiVBMSVFNSU4NSVBNSVFNSU4OCU5NyVFOCU4NyVCQSVFNyU4MSVBMyVFNiVCMCVCOCVFNyVCQSU4QyVFNiU4QyU4NyVFNiU5NSVCOC0wNDEwMzQ2NDIuaHRtbNIBxwFodHRwczovL3R3LnN0b2NrLnlhaG9vLmNvbS9hbXBodG1sL25ld3MvMDA1MCVFNCVCOSU5RiVFNSVCRSU4OGVzZyVFRiVCQyU4MTQzJUU2JUFBJTk0JUU2JTg4JTkwJUU1JTg4JTg2JUU4JTgyJUExJUU1JTg1JUE1JUU1JTg4JTk3JUU4JTg3JUJBJUU3JTgxJUEzJUU2JUIwJUI4JUU3JUJBJThDJUU2JThDJTg3JUU2JTk1JUI4LTA0MTAzNDY0Mi5odG1s?oc=5,Yahoo奇摩股市,0050也很ESG！43檔成分股入列臺灣永續指數 - Yahoo奇摩股市,0.0
2023-02-16 04:14:47,0050,https://news.google.com/rss/articles/CBMivwFodHRwczovL3R3LnN0b2NrLnlhaG9vLmNvbS9uZXdzLzAwNTAlRTQlQjklOUYlRTUlQkUlODhlc2clRUYlQkMlODE0MyVFNiVBQSU5NCVFNiU4OCU5MCVFNSU4OCU4NiVFOCU4MiVBMSVFNSU4NSVBNSVFNSU4OCU5NyVFOCU4NyVCQSVFNyU4MSVBMyVFNiVCMCVCOCVFNyVCQSU4QyVFNiU4QyU4NyVFNiU5NSVCOC0wNDEwMzQ2NDIuaHRtbNIBxwFodHRwczovL3R3LnN0b2NrLnlhaG9vLmNvbS9hbXBodG1sL25ld3MvMDA1MCVFNCVCOSU5RiVFNSVCRSU4OGVzZyVFRiVCQyU4MTQzJUU2JUFBJTk0JUU2JTg4JTkwJUU1JTg4JTg2JUU4JTgyJUExJUU1JTg1JUE1JUU1JTg4JTk3JUU4JTg3JUJBJUU3JTgxJUEzJUU2JUIwJUI4JUU3JUJBJThDJUU2JThDJTg3JUU2JTk1JUI4LTA0MTAzNDY0Mi5odG1s?oc=5,Yahoo奇摩股市,0050也很ESG！43檔成分股入列臺灣永續指數 - Yahoo奇摩股市,0.0
2023-02-16 04:43:21,0050,https://news.google.com/rss/articles/CBMiTGh0dHBzOi8vbW9uZXkudWRuLmNvbS9tb25leS9zdG9yeS81NjEyLzY5NzUwMTY_ZnJvbT1lZG5fbmV3ZXN0bGlzdF9jYXRlX3NpZGXSAQA?oc=5,經濟日報,台灣指標企業衝刺ESG 0050已有43檔成分股入列臺灣永續指數| 產業 ... - 經濟日報,0.0
2023-02-16 04:43:21,0050,https://news.google.com/rss/articles/CBMiLmh0dHBzOi8vbW9uZXkudWRuLmNvbS9tb25leS9zdG9yeS81NjEyLzY5NzUwMTbSATJodHRwczovL21vbmV5LnVkbi5jb20vbW9uZXkvYW1wL3N0b3J5LzU2MTIvNjk3NTAxNg?oc=5,經濟日報,台灣指標企業衝刺ESG 0050已有43檔成分股入列臺灣永續指數 - 經濟日報,0.0
2023-02-16 04:47:12,0050,https://news.google.com/rss/articles/CBMiLmh0dHBzOi8vbW9uZXkudWRuLmNvbS9tb25leS9zdG9yeS81NjEyLzY5NzUwMTbSATJodHRwczovL21vbmV5LnVkbi5jb20vbW9uZXkvYW1wL3N0b3J5LzU2MTIvNjk3NTAxNg?oc=5,經濟日報,台灣指標企業衝刺ESG 0050已有43檔成分股入列臺灣永續指數 - 經濟日報,0.0
2023-02-16 06:27:50,0050,https://news.google.com/rss/articles/CBMiuAFodHRwczovL3R3LnN0b2NrLnlhaG9vLmNvbS9uZXdzLyVFNSU5RiVCQSVFOSU4NyU5MS1lc2clRTklQTIlQTglRTYlQkQlQUUtNDMlRTYlQUElOTQwMDUwJUU2JTg4JTkwJUU1JTg4JTg2JUU4JTgyJUExJUU1JTg1JUE1JUU1JTg4JTk3JUU2JUIwJUI4JUU3JUJBJThDJUU2JThDJTg3JUU2JTk1JUI4LTA2MjA1MjM2Mi5odG1s0gHAAWh0dHBzOi8vdHcuc3RvY2sueWFob28uY29tL2FtcGh0bWwvbmV3cy8lRTUlOUYlQkElRTklODclOTEtZXNnJUU5JUEyJUE4JUU2JUJEJUFFLTQzJUU2JUFBJTk0MDA1MCVFNiU4OCU5MCVFNSU4OCU4NiVFOCU4MiVBMSVFNSU4NSVBNSVFNSU4OCU5NyVFNiVCMCVCOCVFNyVCQSU4QyVFNiU4QyU4NyVFNiU5NSVCOC0wNjIwNTIzNjIuaHRtbA?oc=5,Yahoo奇摩股市,《基金》ESG風潮 43檔0050成分股入列永續指數 - Yahoo奇摩股市,0.2
2023-02-16 08:00:00,0050,https://news.google.com/rss/articles/CBMiKWh0dHBzOi8vY3RlZS5jb20udHcvbmV3cy9mdW5kLzgwOTI4Mi5odG1s0gEA?oc=5,工商時報,ESG ETF報酬率勝0050?網5字訣挑賺錢貨 - 工商時報,0.0
2023-02-16 08:00:00,0050,https://news.google.com/rss/articles/CBMiLmh0dHBzOi8vbW9uZXkudWRuLmNvbS9tb25leS9zdG9yeS81NjEyLzY5NzUwMTbSATJodHRwczovL21vbmV5LnVkbi5jb20vbW9uZXkvYW1wL3N0b3J5LzU2MTIvNjk3NTAxNg?oc=5,經濟日報,台灣指標企業衝刺ESG 0050已有43檔成分股入列臺灣永續指數 - 經濟日報,0.0
2023-02-16 08:00:00,0050,https://news.google.com/rss/articles/CBMiLmh0dHBzOi8vbW9uZXkudWRuLmNvbS9tb25leS9zdG9yeS81NjEyLzY5NzUwMTbSAQA?oc=5,經濟日報,台灣指標企業衝刺ESG 0050已有43檔成分股入列臺灣永續指數| 產業 ... - 經濟日報,0.0
2023-02-16 08:48:51,0050,https://news.google.com/rss/articles/CBMiKWh0dHBzOi8vY3RlZS5jb20udHcvbmV3cy9mdW5kLzgwOTI4Mi5odG1s0gEA?oc=5,工商時報,ESG ETF報酬率勝0050?網5字訣挑賺錢貨 - 工商時報,0.0
2023-02-18 08:00:00,0050,https://news.google.com/rss/articles/CBMiKWh0dHBzOi8vY3RlZS5jb20udHcvbmV3cy9mdW5kLzgxMDEwNy5odG1s0gEA?oc=5,工商時報,00878、0050都適用1招讓資產快速翻倍 - 工商時報,0.0
2023-02-18 14:50:29,0050,https://news.google.com/rss/articles/CBMiTGh0dHBzOi8vbW9uZXkudWRuLmNvbS9tb25leS9zdG9yeS81NjE4LzY5ODAyNjM_ZnJvbT1lZG5fbmV3ZXN0bGlzdF9jYXRlX3NpZGXSATJodHRwczovL21vbmV5LnVkbi5jb20vbW9uZXkvYW1wL3N0b3J5LzU2MTgvNjk4MDI2Mw?oc=5,經濟日報,元大台灣50 聚焦法說 - 經濟日報,0.2
2023-02-18 14:59:23,0050,https://news.google.com/rss/articles/CBMiLmh0dHBzOi8vbW9uZXkudWRuLmNvbS9tb25leS9zdG9yeS81NjE4LzY5ODAyNjPSATJodHRwczovL21vbmV5LnVkbi5jb20vbW9uZXkvYW1wL3N0b3J5LzU2MTgvNjk4MDI2Mw?oc=5,經濟日報,元大台灣50 聚焦法說 - 經濟日報,0.2
2023-02-19 03:40:43,0050,https://news.google.com/rss/articles/CBMiKWh0dHBzOi8vY3RlZS5jb20udHcvbmV3cy9mdW5kLzgxMDkyMy5odG1s0gEA?oc=5,工商時報,0050績效曝光 老手揭靠1招報酬多91萬 - 工商時報,0.0
2023-02-19 08:00:00,0050,https://news.google.com/rss/articles/CBMiKWh0dHBzOi8vY3RlZS5jb20udHcvbmV3cy9mdW5kLzgxMDkyMy5odG1s0gEA?oc=5,工商時報,0050績效曝光 老手揭靠1招報酬多91萬 - 工商時報,0.0
2023-02-19 08:00:00,0050,https://news.google.com/rss/articles/CBMivgFodHRwczovL3R3LnN0b2NrLnlhaG9vLmNvbS9uZXdzLyVFNiU5NSVBMyVFNiU4OCVCNiVFNiU4QyVCQSVFNSU4RiVCMCVFOCU4MiVBMSVFRiVCQyU4MTAwNTAlRTMlODAlODEwMDU2JUU4JTgyJUExJUU2JTlEJUIxJUU0JUJBJUJBJUU2JTk1JUI4JUU5JTlCJTk5JUU1JTg5JUI1JUU2JTk2JUIwJUU5JUFCJTk4LTAxNDkzNTA5My5odG1s0gEA?oc=5,Yahoo奇摩股市,散戶挺台股！0050、0056股東人數雙創新高單周吸引5千人加碼 - Yahoo奇摩股市,0.2
2023-02-19 08:00:00,0050,https://news.google.com/rss/articles/CBMiKWh0dHBzOi8vY3RlZS5jb20udHcvbmV3cy9mdW5kLzgxMDkyMy5odG1s0gEA?oc=5,工商時報,0050績效曝光老手揭靠1招報酬多91萬 - 工商時報,0.0
2023-02-19 08:00:00,0050,https://news.google.com/rss/articles/CBMivgFodHRwczovL3R3LnN0b2NrLnlhaG9vLmNvbS9uZXdzLyVFNiU5NSVBMyVFNiU4OCVCNiVFNiU4QyVCQSVFNSU4RiVCMCVFOCU4MiVBMSVFRiVCQyU4MTAwNTAlRTMlODAlODEwMDU2JUU4JTgyJUExJUU2JTlEJUIxJUU0JUJBJUJBJUU2JTk1JUI4JUU5JTlCJTk5JUU1JTg5JUI1JUU2JTk2JUIwJUU5JUFCJTk4LTAxNDkzNTA5My5odG1s0gHGAWh0dHBzOi8vdHcuc3RvY2sueWFob28uY29tL2FtcGh0bWwvbmV3cy8lRTYlOTUlQTMlRTYlODglQjYlRTYlOEMlQkElRTUlOEYlQjAlRTglODIlQTElRUYlQkMlODEwMDUwJUUzJTgwJTgxMDA1NiVFOCU4MiVBMSVFNiU5RCVCMSVFNCVCQSVCQSVFNiU5NSVCOCVFOSU5QiU5OSVFNSU4OSVCNSVFNiU5NiVCMCVFOSVBQiU5OC0wMTQ5MzUwOTMuaHRtbA?oc=5,Yahoo奇摩股市,散戶挺台股！0050、0056股東人數雙創新高 單周吸引5千人加碼 - Yahoo奇摩股市,0.2
2023-02-20 01:54:49,0050,https://news.google.com/rss/articles/CBMivgFodHRwczovL3R3LnN0b2NrLnlhaG9vLmNvbS9uZXdzLyVFNiU5NSVBMyVFNiU4OCVCNiVFNiU4QyVCQSVFNSU4RiVCMCVFOCU4MiVBMSVFRiVCQyU4MTAwNTAlRTMlODAlODEwMDU2JUU4JTgyJUExJUU2JTlEJUIxJUU0JUJBJUJBJUU2JTk1JUI4JUU5JTlCJTk5JUU1JTg5JUI1JUU2JTk2JUIwJUU5JUFCJTk4LTAxNDkzNTA5My5odG1s0gHGAWh0dHBzOi8vdHcuc3RvY2sueWFob28uY29tL2FtcGh0bWwvbmV3cy8lRTYlOTUlQTMlRTYlODglQjYlRTYlOEMlQkElRTUlOEYlQjAlRTglODIlQTElRUYlQkMlODEwMDUwJUUzJTgwJTgxMDA1NiVFOCU4MiVBMSVFNiU5RCVCMSVFNCVCQSVCQSVFNiU5NSVCOCVFOSU5QiU5OSVFNSU4OSVCNSVFNiU5NiVCMCVFOSVBQiU5OC0wMTQ5MzUwOTMuaHRtbA?oc=5,Yahoo奇摩股市,散戶挺台股！0050、0056股東人數雙創新高 單周吸引5千人加碼 - Yahoo奇摩股市,0.2
2023-02-20 01:54:49,0050,https://news.google.com/rss/articles/CBMivgFodHRwczovL3R3LnN0b2NrLnlhaG9vLmNvbS9uZXdzLyVFNiU5NSVBMyVFNiU4OCVCNiVFNiU4QyVCQSVFNSU4RiVCMCVFOCU4MiVBMSVFRiVCQyU4MTAwNTAlRTMlODAlODEwMDU2JUU4JTgyJUExJUU2JTlEJUIxJUU0JUJBJUJBJUU2JTk1JUI4JUU5JTlCJTk5JUU1JTg5JUI1JUU2JTk2JUIwJUU5JUFCJTk4LTAxNDkzNTA5My5odG1s0gEA?oc=5,Yahoo奇摩股市,散戶挺台股！0050、0056股東人數雙創新高單周吸引5千人加碼 - Yahoo奇摩股市,0.2
2023-02-20 01:58:01,0050,https://news.google.com/rss/articles/CBMivgFodHRwczovL3R3LnN0b2NrLnlhaG9vLmNvbS9uZXdzLyVFNiU5NSVBMyVFNiU4OCVCNiVFNiU4QyVCQSVFNSU4RiVCMCVFOCU4MiVBMSVFRiVCQyU4MTAwNTAlRTMlODAlODEwMDU2JUU4JTgyJUExJUU2JTlEJUIxJUU0JUJBJUJBJUU2JTk1JUI4JUU5JTlCJTk5JUU1JTg5JUI1JUU2JTk2JUIwJUU5JUFCJTk4LTAxNDkzNTA5My5odG1s0gHGAWh0dHBzOi8vdHcuc3RvY2sueWFob28uY29tL2FtcGh0bWwvbmV3cy8lRTYlOTUlQTMlRTYlODglQjYlRTYlOEMlQkElRTUlOEYlQjAlRTglODIlQTElRUYlQkMlODEwMDUwJUUzJTgwJTgxMDA1NiVFOCU4MiVBMSVFNiU5RCVCMSVFNCVCQSVCQSVFNiU5NSVCOCVFOSU5QiU5OSVFNSU4OSVCNSVFNiU5NiVCMCVFOSVBQiU5OC0wMTQ5MzUwOTMuaHRtbA?oc=5,Yahoo奇摩股市,散戶挺台股！0050、0056股東人數雙創新高 單周吸引5千人加碼 - Yahoo奇摩股市,0.2
2023-02-23 01:48:00,0050,https://news.google.com/rss/articles/CBMiSGh0dHBzOi8vbW9uZXkudWRuLmNvbS9tb25leS9zdG9yeS81NjE4LzY5OTU2MzE_ZnJvbT1lZG5fc3ViY2F0ZWxpc3RfY2F0ZdIBMmh0dHBzOi8vbW9uZXkudWRuLmNvbS9tb25leS9hbXAvc3RvcnkvNTYxOC82OTk1NjMx?oc=5,經濟日報,元大台灣50 伺機介入 - 經濟日報,0.2
2023-02-23 02:17:00,0050,https://news.google.com/rss/articles/CBMiLmh0dHBzOi8vbW9uZXkudWRuLmNvbS9tb25leS9zdG9yeS81NjE4LzY5OTU2MzHSATJodHRwczovL21vbmV5LnVkbi5jb20vbW9uZXkvYW1wL3N0b3J5LzU2MTgvNjk5NTYzMQ?oc=5,經濟日報,元大台灣50 伺機介入 - 經濟日報,0.2
2023-02-25 14:55:42,0050,https://news.google.com/rss/articles/CBMiRWh0dHBzOi8vbW9uZXkudWRuLmNvbS9tb25leS9zdG9yeS8xMjA0MC82OTk1NzgyP2Zyb209ZWRuX25ld2VzdF9pbmRleNIBM2h0dHBzOi8vbW9uZXkudWRuLmNvbS9tb25leS9hbXAvc3RvcnkvMTIwNDAvNjk5NTc4Mg?oc=5,經濟日報,印刷廠女工40歲財富自由，0050+00878存股ETF四祕訣，月薪23K也能脫貧致富 - 經濟日報,0.0
2023-02-25 14:56:42,0050,https://news.google.com/rss/articles/CBMiM2h0dHBzOi8vbW9uZXkudWRuLmNvbS9tb25leS9hbXAvc3RvcnkvMTIwNDAvNjk5NTc4MtIBM2h0dHBzOi8vbW9uZXkudWRuLmNvbS9tb25leS9hbXAvc3RvcnkvMTIwNDAvNjk5NTc4Mg?oc=5,經濟日報,印刷廠女工40歲財富自由，0050+00878存股ETF四祕訣，月薪23K也能脫貧致富 - 經濟日報,0.0
2023-02-25 14:59:18,0050,https://news.google.com/rss/articles/CBMiL2h0dHBzOi8vbW9uZXkudWRuLmNvbS9tb25leS9zdG9yeS8xMjA0MC82OTk1Nzgy0gEzaHR0cHM6Ly9tb25leS51ZG4uY29tL21vbmV5L2FtcC9zdG9yeS8xMjA0MC82OTk1Nzgy?oc=5,經濟日報,印刷廠女工40歲財富自由，0050+00878存股ETF四祕訣，月薪23K也能脫貧致富 - 經濟日報,0.0
2023-03-04 15:14:52,0050,https://news.google.com/rss/articles/CBMiSGh0dHBzOi8vbW9uZXkudWRuLmNvbS9tb25leS9zdG9yeS81NjE4LzcwMDkzNTQ_ZnJvbT1lZG5fc3ViY2F0ZWxpc3RfY2F0ZdIBMmh0dHBzOi8vbW9uZXkudWRuLmNvbS9tb25leS9hbXAvc3RvcnkvNTYxOC83MDA5MzU0?oc=5,經濟日報,元大台灣50 短多看待 - 經濟日報,0.2
2023-03-11 15:30:58,0050,https://news.google.com/rss/articles/CBMiSGh0dHBzOi8vbW9uZXkudWRuLmNvbS9tb25leS9zdG9yeS81NjE4LzcwMjUxMzU_ZnJvbT1lZG5fc3ViY2F0ZWxpc3RfY2F0ZdIBMmh0dHBzOi8vbW9uZXkudWRuLmNvbS9tb25leS9hbXAvc3RvcnkvNTYxOC83MDI1MTM1?oc=5,經濟日報,元大台灣50 伺機進場 - 經濟日報,0.2
2023-03-14 07:16:36,0050,https://news.google.com/rss/articles/CBMiKWh0dHBzOi8vY3RlZS5jb20udHcvbmV3cy9mdW5kLzgyNDg1Ny5odG1s0gEA?oc=5,工商時報,00878穩坐零股王 進逼0050搶定期定額王 - 工商時報,0.0
2023-03-17 07:00:00,0050,https://news.google.com/rss/articles/CBMiL2h0dHBzOi8vbW9uZXkudWRuLmNvbS9tb25leS9zdG9yeS8xMjA0MC83MDM5NjA00gEzaHR0cHM6Ly9tb25leS51ZG4uY29tL21vbmV5L2FtcC9zdG9yeS8xMjA0MC83MDM5NjA0?oc=5,經濟日報,都是追蹤台灣50指數，0050、006208有何差異？大戶級和小資族買法為何不同？ - 經濟日報,0.0
2023-03-17 09:23:37,0050,https://news.google.com/rss/articles/CBMipgFodHRwczovL3R3LnN0b2NrLnlhaG9vLmNvbS9uZXdzLyVFNiU4MyVCMyVFNSVBRCU5OCVFOSU4MCU4MCVFNCVCQyU5MSVFOSU4NyU5MS1ldGYtJUU4JUE5JUIyJUU2JTgwJThFJUU5JUJBJUJDJUU2JThDJTkxLSVFOCU4OSVCRSVFOCU5QyU5QyVFOCU4RSU4OS0wMDUwLTAyMDMwMDkwMS5odG1s0gGuAWh0dHBzOi8vdHcuc3RvY2sueWFob28uY29tL2FtcGh0bWwvbmV3cy8lRTYlODMlQjMlRTUlQUQlOTglRTklODAlODAlRTQlQkMlOTElRTklODclOTEtZXRmLSVFOCVBOSVCMiVFNiU4MCU4RSVFOSVCQSVCQyVFNiU4QyU5MS0lRTglODklQkUlRTglOUMlOUMlRTglOEUlODktMDA1MC0wMjAzMDA5MDEuaHRtbA?oc=5,Yahoo奇摩股市,想存退休金，ETF 該怎麼挑？艾蜜莉：0050、0056、006208...適合投資的族群不一樣！ - Yahoo奇摩股市,0.0
2023-03-21 03:07:15,0050,https://news.google.com/rss/articles/CBMixAJodHRwczovL3R3LnN0b2NrLnlhaG9vLmNvbS92aWRlby8wMDg3OC0wMDU2JUU2JTgwJThFJUU5JUJBJUJDJUU5JTgxJUI4LSVFNiU4QSU5NSVFOCVCMyU4NyVFNSVCMCU4OCVFNSVBRSVCNiVFNyVCNSU5NSVFNSVCMCU4RCVFNCVCOCU4RCVFNyVBMiVCMCVFNyU5QSU4NGV0ZiVFOSVBMSU5RSVFNSU5RSU4Qi00JUU2JUFBJTk0ZXRmJUU3JTlBJTg0JUU3JTg0JUExJUU4JTg1JUE2JUU2JThBJTk1JUU4JUIzJTg3JUU3JUFEJTk2JUU3JTk1JUE1LTAwNTAlRTglQTklQjIlRTUlQTYlODIlRTQlQkQlOTUlRTUlODElOUElRTUlODMlQjklRTUlQjclQUUtMDMwMDA2OTUzLmh0bWzSAcwCaHR0cHM6Ly90dy5zdG9jay55YWhvby5jb20vYW1waHRtbC92aWRlby8wMDg3OC0wMDU2JUU2JTgwJThFJUU5JUJBJUJDJUU5JTgxJUI4LSVFNiU4QSU5NSVFOCVCMyU4NyVFNSVCMCU4OCVFNSVBRSVCNiVFNyVCNSU5NSVFNSVCMCU4RCVFNCVCOCU4RCVFNyVBMiVCMCVFNyU5QSU4NGV0ZiVFOSVBMSU5RSVFNSU5RSU4Qi00JUU2JUFBJTk0ZXRmJUU3JTlBJTg0JUU3JTg0JUExJUU4JTg1JUE2JUU2JThBJTk1JUU4JUIzJTg3JUU3JUFEJTk2JUU3JTk1JUE1LTAwNTAlRTglQTklQjIlRTUlQTYlODIlRTQlQkQlOTUlRTUlODElOUElRTUlODMlQjklRTUlQjclQUUtMDMwMDA2OTUzLmh0bWw?oc=5,Yahoo奇摩股市,00878、0056怎麼選？投資專家絕對不碰的ETF類型！ 4檔ETF的無腦投資策略！0050該如何做價差？小資族的買房建議，如何存到頭期款與第一桶金？ft.施昇輝 - Yahoo奇摩股市,0.0
2023-03-25 15:13:46,0050,https://news.google.com/rss/articles/CBMiTGh0dHBzOi8vbW9uZXkudWRuLmNvbS9tb25leS9zdG9yeS81NjE4LzcwNTY0ODg_ZnJvbT1lZG5fbmV3ZXN0bGlzdF9jYXRlX3NpZGXSATJodHRwczovL21vbmV5LnVkbi5jb20vbW9uZXkvYW1wL3N0b3J5LzU2MTgvNzA1NjQ4OA?oc=5,經濟日報,元大台灣50 迎反彈 - 經濟日報,0.3
2023-03-26 07:00:00,0050,https://news.google.com/rss/articles/CBMiwgJodHRwczovL3R3LnN0b2NrLnlhaG9vLmNvbS9uZXdzLyVFNCVCOCU4MCVFOCVBMSVBOCVFNyU5QyU4QiVFNiU4NyU4MiVFNSVBRSU5QSVFNiU5QyU5RiVFNSVBRSU5QSVFOSVBMSU4RCVFNCVCQSVCQSVFNiU5NSVCOCVFOCVBRSU4QSVFNSU4QyU5NiVFOCU4OCU4NyVFOCVBMSU4QyVFNiU4MyU4NSVFOCVCNiVBOCVFNSU4QiVBMi0lRTYlQjMlOTUlRTQlQkElQkElRUYlQkMlOUElRTklODAlOTklRTYlOTklODIlRTUlODAlOTklRTUlOEElQTAlRTYlODklQTMwMDUwJUU1JUEwJUIxJUU5JTg1JUFDJUU1JUI3JUIyJUU3JUJGJUJCJUU2JUFEJUEzLTA0MTgzODY4Mi5odG1s0gHKAmh0dHBzOi8vdHcuc3RvY2sueWFob28uY29tL2FtcGh0bWwvbmV3cy8lRTQlQjglODAlRTglQTElQTglRTclOUMlOEIlRTYlODclODIlRTUlQUUlOUElRTYlOUMlOUYlRTUlQUUlOUElRTklQTElOEQlRTQlQkElQkElRTYlOTUlQjglRTglQUUlOEElRTUlOEMlOTYlRTglODglODclRTglQTElOEMlRTYlODMlODUlRTglQjYlQTglRTUlOEIlQTItJUU2JUIzJTk1JUU0JUJBJUJBJUVGJUJDJTlBJUU5JTgwJTk5JUU2JTk5JTgyJUU1JTgwJTk5JUU1JThBJUEwJUU2JTg5JUEzMDA1MCVFNSVBMCVCMSVFOSU4NSVBQyVFNSVCNyVCMiVFNyVCRiVCQiVFNiVBRCVBMy0wNDE4Mzg2ODIuaHRtbA?oc=5,Yahoo奇摩股市,一表看懂定期定額人數變化與行情趨勢 法人：這時候加扣0050報酬已翻正 - Yahoo奇摩股市,0.0
2023-03-26 07:00:00,0050,https://news.google.com/rss/articles/CBMiwgJodHRwczovL3R3LnN0b2NrLnlhaG9vLmNvbS9uZXdzLyVFNCVCOCU4MCVFOCVBMSVBOCVFNyU5QyU4QiVFNiU4NyU4MiVFNSVBRSU5QSVFNiU5QyU5RiVFNSVBRSU5QSVFOSVBMSU4RCVFNCVCQSVCQSVFNiU5NSVCOCVFOCVBRSU4QSVFNSU4QyU5NiVFOCU4OCU4NyVFOCVBMSU4QyVFNiU4MyU4NSVFOCVCNiVBOCVFNSU4QiVBMi0lRTYlQjMlOTUlRTQlQkElQkElRUYlQkMlOUElRTklODAlOTklRTYlOTklODIlRTUlODAlOTklRTUlOEElQTAlRTYlODklQTMwMDUwJUU1JUEwJUIxJUU5JTg1JUFDJUU1JUI3JUIyJUU3JUJGJUJCJUU2JUFEJUEzLTA0MTgzODY4Mi5odG1s0gEA?oc=5,Yahoo奇摩股市,0050／一表看懂定期定額人數變化與行情趨勢法人：這時候加扣0050 ... - Yahoo奇摩股市,0.0
2023-03-27 04:22:06,0050,https://news.google.com/rss/articles/CBMiwgJodHRwczovL3R3LnN0b2NrLnlhaG9vLmNvbS9uZXdzLyVFNCVCOCU4MCVFOCVBMSVBOCVFNyU5QyU4QiVFNiU4NyU4MiVFNSVBRSU5QSVFNiU5QyU5RiVFNSVBRSU5QSVFOSVBMSU4RCVFNCVCQSVCQSVFNiU5NSVCOCVFOCVBRSU4QSVFNSU4QyU5NiVFOCU4OCU4NyVFOCVBMSU4QyVFNiU4MyU4NSVFOCVCNiVBOCVFNSU4QiVBMi0lRTYlQjMlOTUlRTQlQkElQkElRUYlQkMlOUElRTklODAlOTklRTYlOTklODIlRTUlODAlOTklRTUlOEElQTAlRTYlODklQTMwMDUwJUU1JUEwJUIxJUU5JTg1JUFDJUU1JUI3JUIyJUU3JUJGJUJCJUU2JUFEJUEzLTA0MTgzODY4Mi5odG1s0gHKAmh0dHBzOi8vdHcuc3RvY2sueWFob28uY29tL2FtcGh0bWwvbmV3cy8lRTQlQjglODAlRTglQTElQTglRTclOUMlOEIlRTYlODclODIlRTUlQUUlOUElRTYlOUMlOUYlRTUlQUUlOUElRTklQTElOEQlRTQlQkElQkElRTYlOTUlQjglRTglQUUlOEElRTUlOEMlOTYlRTglODglODclRTglQTElOEMlRTYlODMlODUlRTglQjYlQTglRTUlOEIlQTItJUU2JUIzJTk1JUU0JUJBJUJBJUVGJUJDJTlBJUU5JTgwJTk5JUU2JTk5JTgyJUU1JTgwJTk5JUU1JThBJUEwJUU2JTg5JUEzMDA1MCVFNSVBMCVCMSVFOSU4NSVBQyVFNSVCNyVCMiVFNyVCRiVCQiVFNiVBRCVBMy0wNDE4Mzg2ODIuaHRtbA?oc=5,Yahoo奇摩股市,一表看懂定期定額人數變化與行情趨勢 法人：這時候加扣0050報酬已翻正 - Yahoo奇摩股市,0.0
2023-03-27 04:23:36,0050,https://news.google.com/rss/articles/CBMiwgJodHRwczovL3R3LnN0b2NrLnlhaG9vLmNvbS9uZXdzLyVFNCVCOCU4MCVFOCVBMSVBOCVFNyU5QyU4QiVFNiU4NyU4MiVFNSVBRSU5QSVFNiU5QyU5RiVFNSVBRSU5QSVFOSVBMSU4RCVFNCVCQSVCQSVFNiU5NSVCOCVFOCVBRSU4QSVFNSU4QyU5NiVFOCU4OCU4NyVFOCVBMSU4QyVFNiU4MyU4NSVFOCVCNiVBOCVFNSU4QiVBMi0lRTYlQjMlOTUlRTQlQkElQkElRUYlQkMlOUElRTklODAlOTklRTYlOTklODIlRTUlODAlOTklRTUlOEElQTAlRTYlODklQTMwMDUwJUU1JUEwJUIxJUU5JTg1JUFDJUU1JUI3JUIyJUU3JUJGJUJCJUU2JUFEJUEzLTA0MTgzODY4Mi5odG1s0gHKAmh0dHBzOi8vdHcuc3RvY2sueWFob28uY29tL2FtcGh0bWwvbmV3cy8lRTQlQjglODAlRTglQTElQTglRTclOUMlOEIlRTYlODclODIlRTUlQUUlOUElRTYlOUMlOUYlRTUlQUUlOUElRTklQTElOEQlRTQlQkElQkElRTYlOTUlQjglRTglQUUlOEElRTUlOEMlOTYlRTglODglODclRTglQTElOEMlRTYlODMlODUlRTglQjYlQTglRTUlOEIlQTItJUU2JUIzJTk1JUU0JUJBJUJBJUVGJUJDJTlBJUU5JTgwJTk5JUU2JTk5JTgyJUU1JTgwJTk5JUU1JThBJUEwJUU2JTg5JUEzMDA1MCVFNSVBMCVCMSVFOSU4NSVBQyVFNSVCNyVCMiVFNyVCRiVCQiVFNiVBRCVBMy0wNDE4Mzg2ODIuaHRtbA?oc=5,Yahoo奇摩股市,一表看懂定期定額人數變化與行情趨勢 法人：這時候加扣0050報酬已翻正 - Yahoo奇摩股市,0.0
2023-03-27 07:33:07,0050,https://news.google.com/rss/articles/CBMiKWh0dHBzOi8vY3RlZS5jb20udHcvbmV3cy9mdW5kLzgzMzE5Ni5odG1s0gEA?oc=5,工商時報,藍燈投資法踢掉00878 她改選弟版0050 - 工商時報,0.0
2023-04-01 14:54:16,0050,https://news.google.com/rss/articles/CBMiSGh0dHBzOi8vbW9uZXkudWRuLmNvbS9tb25leS9zdG9yeS81NjE4LzcwNzI0NDM_ZnJvbT1lZG5fc3ViY2F0ZWxpc3RfY2F0ZdIBMmh0dHBzOi8vbW9uZXkudWRuLmNvbS9tb25leS9hbXAvc3RvcnkvNTYxOC83MDcyNDQz?oc=5,經濟日報,元大台灣50 震盪格局 - 經濟日報,0.0
2023-04-08 14:59:04,0050,https://news.google.com/rss/articles/CBMiSGh0dHBzOi8vbW9uZXkudWRuLmNvbS9tb25leS9zdG9yeS81NjE4LzcwODQ5Mzk_ZnJvbT1lZG5fc3ViY2F0ZWxpc3RfY2F0ZdIBMmh0dHBzOi8vbW9uZXkudWRuLmNvbS9tb25leS9hbXAvc3RvcnkvNTYxOC83MDg0OTM5?oc=5,經濟日報,元大台灣50 正向看待 - 經濟日報,0.2
2023-04-12 07:00:00,0050,https://news.google.com/rss/articles/CBMihQFodHRwczovL3R3LnN0b2NrLnlhaG9vLmNvbS9uZXdzLyVFNSVCOCU4MiVFNSU4MCVCQyVFNSU5RSU4QmV0Zi0lRTclQjglQkUlRTYlOTUlODgtJUU2JThDJTkxJUU5JTgxJUI4JUU1JThFJTlGJUU1JTg5JTg3LTA0MTMxNTk2Mi5odG1s0gGNAWh0dHBzOi8vdHcuc3RvY2sueWFob28uY29tL2FtcGh0bWwvbmV3cy8lRTUlQjglODIlRTUlODAlQkMlRTUlOUUlOEJldGYtJUU3JUI4JUJFJUU2JTk1JTg4LSVFNiU4QyU5MSVFOSU4MSVCOCVFNSU4RSU5RiVFNSU4OSU4Ny0wNDEzMTU5NjIuaHRtbA?oc=5,Yahoo奇摩股市,0050之外 你該挑哪一檔市值型ETF？ - Yahoo奇摩股市,0.0
2023-04-12 07:00:00,0050,https://news.google.com/rss/articles/CBMi3AFodHRwczovL3R3LnN0b2NrLnlhaG9vLmNvbS9uZXdzLyVFOCVBRCU4OSVFNCVCQSVBNCVFNiU4OSU4MCVFNCVCOSU5RiVFNiU4NCU5QjAwNTAlRTMlODAlODEwMDg3OC0lRTUlQUUlODMlRTMlODAlOEMlRTYlOUMlODAlRTUlOEYlOTclRTUlQUYlQjUlRTMlODAlOEQlRTclOEQlQjIlRTUlOEElQTAlRTclQTIlQkMlRTglQkYlOTE2JUU1JThEJTgzJUU1JUJDJUI1LTAyMTQ0Mzg0My5odG1s0gHkAWh0dHBzOi8vdHcuc3RvY2sueWFob28uY29tL2FtcGh0bWwvbmV3cy8lRTglQUQlODklRTQlQkElQTQlRTYlODklODAlRTQlQjklOUYlRTYlODQlOUIwMDUwJUUzJTgwJTgxMDA4NzgtJUU1JUFFJTgzJUUzJTgwJThDJUU2JTlDJTgwJUU1JThGJTk3JUU1JUFGJUI1JUUzJTgwJThEJUU3JThEJUIyJUU1JThBJUEwJUU3JUEyJUJDJUU4JUJGJTkxNiVFNSU4RCU4MyVFNSVCQyVCNS0wMjE0NDM4NDMuaHRtbA?oc=5,Yahoo奇摩股市,【財報揭密3】證交所也愛0050、00878 它「最受寵」獲加碼近6千張 - Yahoo奇摩股市,0.2
2023-04-13 02:19:31,0050,https://news.google.com/rss/articles/CBMi3AFodHRwczovL3R3LnN0b2NrLnlhaG9vLmNvbS9uZXdzLyVFOCVBRCU4OSVFNCVCQSVBNCVFNiU4OSU4MCVFNCVCOSU5RiVFNiU4NCU5QjAwNTAlRTMlODAlODEwMDg3OC0lRTUlQUUlODMlRTMlODAlOEMlRTYlOUMlODAlRTUlOEYlOTclRTUlQUYlQjUlRTMlODAlOEQlRTclOEQlQjIlRTUlOEElQTAlRTclQTIlQkMlRTglQkYlOTE2JUU1JThEJTgzJUU1JUJDJUI1LTAyMTQ0Mzg0My5odG1s0gHkAWh0dHBzOi8vdHcuc3RvY2sueWFob28uY29tL2FtcGh0bWwvbmV3cy8lRTglQUQlODklRTQlQkElQTQlRTYlODklODAlRTQlQjklOUYlRTYlODQlOUIwMDUwJUUzJTgwJTgxMDA4NzgtJUU1JUFFJTgzJUUzJTgwJThDJUU2JTlDJTgwJUU1JThGJTk3JUU1JUFGJUI1JUUzJTgwJThEJUU3JThEJUIyJUU1JThBJUEwJUU3JUEyJUJDJUU4JUJGJTkxNiVFNSU4RCU4MyVFNSVCQyVCNS0wMjE0NDM4NDMuaHRtbA?oc=5,Yahoo奇摩股市,【財報揭密3】證交所也愛0050、00878 它「最受寵」獲加碼近6千張 - Yahoo奇摩股市,0.2
2023-04-13 04:18:41,0050,https://news.google.com/rss/articles/CBMihQFodHRwczovL3R3LnN0b2NrLnlhaG9vLmNvbS9uZXdzLyVFNSVCOCU4MiVFNSU4MCVCQyVFNSU5RSU4QmV0Zi0lRTclQjglQkUlRTYlOTUlODgtJUU2JThDJTkxJUU5JTgxJUI4JUU1JThFJTlGJUU1JTg5JTg3LTA0MTMxNTk2Mi5odG1s0gGNAWh0dHBzOi8vdHcuc3RvY2sueWFob28uY29tL2FtcGh0bWwvbmV3cy8lRTUlQjglODIlRTUlODAlQkMlRTUlOUUlOEJldGYtJUU3JUI4JUJFJUU2JTk1JTg4LSVFNiU4QyU5MSVFOSU4MSVCOCVFNSU4RSU5RiVFNSU4OSU4Ny0wNDEzMTU5NjIuaHRtbA?oc=5,Yahoo奇摩股市,0050之外 你該挑哪一檔市值型ETF？ - Yahoo奇摩股市,0.0
2023-04-13 07:00:00,0050,https://news.google.com/rss/articles/CBMihQFodHRwczovL3R3LnN0b2NrLnlhaG9vLmNvbS9uZXdzLyVFNSVCOCU4MiVFNSU4MCVCQyVFNSU5RSU4QmV0Zi0lRTclQjglQkUlRTYlOTUlODgtJUU2JThDJTkxJUU5JTgxJUI4JUU1JThFJTlGJUU1JTg5JTg3LTA0MTMxNTk2Mi5odG1s0gGNAWh0dHBzOi8vdHcuc3RvY2sueWFob28uY29tL2FtcGh0bWwvbmV3cy8lRTUlQjglODIlRTUlODAlQkMlRTUlOUUlOEJldGYtJUU3JUI4JUJFJUU2JTk1JTg4LSVFNiU4QyU5MSVFOSU4MSVCOCVFNSU4RSU5RiVFNSU4OSU4Ny0wNDEzMTU5NjIuaHRtbA?oc=5,Yahoo奇摩股市,0050之外 你該挑哪一檔市值型ETF？ - Yahoo奇摩股市,0.0
2023-04-15 15:15:11,0050,https://news.google.com/rss/articles/CBMiTGh0dHBzOi8vbW9uZXkudWRuLmNvbS9tb25leS9zdG9yeS81NjE4LzcxMDA0NjM_ZnJvbT1lZG5fbmV3ZXN0bGlzdF9jYXRlX3NpZGXSATJodHRwczovL21vbmV5LnVkbi5jb20vbW9uZXkvYW1wL3N0b3J5LzU2MTgvNzEwMDQ2Mw?oc=5,經濟日報,元大台灣50 展望佳 - 經濟日報,0.3
2023-04-16 07:00:00,0050,https://news.google.com/rss/articles/CBMi4wFodHRwczovL3R3LnN0b2NrLnlhaG9vLmNvbS9uZXdzLyVFOSU5QiVCNiVFNiU4OCU5MCVFNiU5QyVBQy0lRTUlQUQlOTglRTglODIlQTElRTYlODglOTAlRTUlQjAlQjElRTglQTclQTMlRTklOEUlOTYtMDA1MCVFNiU4OCU5MCVFNyVBQiU4QiVFOCU4NyVCMyVFNCVCQiU4QSVFNSU5MCVBQiVFNiU4MSVBRiVFNSVBMCVCMSVFOSU4NSVBQyVFNyU4RSU4NyVFOCVBMSU5RDUyOC0wNjU2MzI5OTAuaHRtbNIB6wFodHRwczovL3R3LnN0b2NrLnlhaG9vLmNvbS9hbXBodG1sL25ld3MvJUU5JTlCJUI2JUU2JTg4JTkwJUU2JTlDJUFDLSVFNSVBRCU5OCVFOCU4MiVBMSVFNiU4OCU5MCVFNSVCMCVCMSVFOCVBNyVBMyVFOSU4RSU5Ni0wMDUwJUU2JTg4JTkwJUU3JUFCJThCJUU4JTg3JUIzJUU0JUJCJThBJUU1JTkwJUFCJUU2JTgxJUFGJUU1JUEwJUIxJUU5JTg1JUFDJUU3JThFJTg3JUU4JUExJTlENTI4LTA2NTYzMjk5MC5odG1s?oc=5,Yahoo奇摩股市,「零成本」存股成就解鎖！0050成立至今含息報酬率衝528% - Yahoo奇摩股市,0.0
2023-04-22 14:56:19,0050,https://news.google.com/rss/articles/CBMiLmh0dHBzOi8vbW9uZXkudWRuLmNvbS9tb25leS9zdG9yeS81NjE4LzcxMTY2MzjSATJodHRwczovL21vbmV5LnVkbi5jb20vbW9uZXkvYW1wL3N0b3J5LzU2MTgvNzExNjYzOA?oc=5,經濟日報,元大台灣50 逢低布局 - 經濟日報,0.2
2023-04-25 07:00:00,0050,https://news.google.com/rss/articles/CBMi9wFodHRwczovL3R3LnN0b2NrLnlhaG9vLmNvbS9uZXdzLyVFNSU4NSU4MyVFNSVBNCVBNyVFNSU4RiVCMCVFNyU4MSVBMzUwZXRmJUU2JTg4JTkwJUU3JUFCJThCJUU0JUJCJUE1JUU0JUJFJTg2JUU1JTkwJUFCJUU2JTgxJUFGJUU1JUEwJUIxJUU5JTg1JUFDJUU5JTgwJUJFNTAwLSVFNiU4RiU5QiVFNyVBRSU5NyVFNSVCOSVCNCVFNSU4QyU5NiVFNSVBMCVCMSVFOSU4NSVBQyVFNyU4RSU4NyVFOCVCRiU5MTEwLTA2NTMzOTQxMS5odG1s0gH_AWh0dHBzOi8vdHcuc3RvY2sueWFob28uY29tL2FtcGh0bWwvbmV3cy8lRTUlODUlODMlRTUlQTQlQTclRTUlOEYlQjAlRTclODElQTM1MGV0ZiVFNiU4OCU5MCVFNyVBQiU4QiVFNCVCQiVBNSVFNCVCRSU4NiVFNSU5MCVBQiVFNiU4MSVBRiVFNSVBMCVCMSVFOSU4NSVBQyVFOSU4MCVCRTUwMC0lRTYlOEYlOUIlRTclQUUlOTclRTUlQjklQjQlRTUlOEMlOTYlRTUlQTAlQjElRTklODUlQUMlRTclOEUlODclRTglQkYlOTExMC0wNjUzMzk0MTEuaHRtbA?oc=5,Yahoo奇摩股市,元大台灣50ETF成立以來含息報酬逾500%，換算年化報酬率近10% - Yahoo奇摩股市,0.0
2023-04-26 01:16:49,0050,https://news.google.com/rss/articles/CBMizgFodHRwczovL3R3LnN0b2NrLnlhaG9vLmNvbS9uZXdzLyVFNSU5QiU5RSVFNiVBQSU5NCVFNiU5MiVCRiVFOSVCQiU4MyVFOSU4NyU5MS0lRTYlQUQlQTMyLWV0ZiVFNyU5NCVBOC0lRTUlOEQlOEElRTYlOUMlQUMlRTklODclOTElRTYlQkIlQkUlRTUlODclQkElRTglQjYlODUlRTglQjYlOEFhbGwtMDA1MCVFNSVBMCVCMSVFOSU4NSVBQy0wMDUyMzMzMzEuaHRtbNIB1gFodHRwczovL3R3LnN0b2NrLnlhaG9vLmNvbS9hbXBodG1sL25ld3MvJUU1JTlCJTlFJUU2JUFBJTk0JUU2JTkyJUJGJUU5JUJCJTgzJUU5JTg3JTkxLSVFNiVBRCVBMzItZXRmJUU3JTk0JUE4LSVFNSU4RCU4QSVFNiU5QyVBQyVFOSU4NyU5MSVFNiVCQiVCRSVFNSU4NyVCQSVFOCVCNiU4NSVFOCVCNiU4QWFsbC0wMDUwJUU1JUEwJUIxJUU5JTg1JUFDLTAwNTIzMzMzMS5odG1s?oc=5,Yahoo奇摩股市,回檔撿黃金 正2 ETF用一半本金滾出超越All In 0050報酬 - Yahoo奇摩股市,0.3
2023-04-26 05:01:14,0050,https://news.google.com/rss/articles/CBMiSGh0dHBzOi8vbW9uZXkudWRuLmNvbS9tb25leS9zdG9yeS81NjEzLzcxMjQyNDA_ZnJvbT1lZG5fc3ViY2F0ZWxpc3RfY2F0ZdIBMmh0dHBzOi8vbW9uZXkudWRuLmNvbS9tb25leS9hbXAvc3RvcnkvNTYxMy83MTI0MjQw?oc=5,經濟日報,長期持有股王搖籃 0050成立以來報酬逾500% - 經濟日報,0.0
2023-04-26 07:00:00,0050,https://news.google.com/rss/articles/CBMixQFodHRwczovL3R3LnN0b2NrLnlhaG9vLmNvbS9uZXdzLyVFNSU4NSU4MyVFNSVBNCVBNyVFNSU4RiVCMCVFNyU4MSVBMzUwLTAwNTAtJUU2JThBJUIxNy00JUU1JUI5JUI0JUU2JTlDJUFDJUU5JTg3JTkxJUU1JUIwJUIxJUU3JUJGJUJCJUU1JTgwJThELSVFNiU5NyVBNWsyMCVFOCU4MyVCRCVFOCVCMiVCNyVFNCVCQSU4Ni0wMjE0MjYxMDQuaHRtbNIBzQFodHRwczovL3R3LnN0b2NrLnlhaG9vLmNvbS9hbXBodG1sL25ld3MvJUU1JTg1JTgzJUU1JUE0JUE3JUU1JThGJUIwJUU3JTgxJUEzNTAtMDA1MC0lRTYlOEElQjE3LTQlRTUlQjklQjQlRTYlOUMlQUMlRTklODclOTElRTUlQjAlQjElRTclQkYlQkIlRTUlODAlOEQtJUU2JTk3JUE1azIwJUU4JTgzJUJEJUU4JUIyJUI3JUU0JUJBJTg2LTAyMTQyNjEwNC5odG1s?oc=5,Yahoo奇摩股市,元大台灣50（0050）抱7.4年本金就翻倍，日K20能買了？施昇輝：違背人性進場就靠這指標 - Yahoo奇摩股市,0.0
2023-04-26 07:00:00,0050,https://news.google.com/rss/articles/CBMiTGh0dHBzOi8vbW9uZXkudWRuLmNvbS9tb25leS9zdG9yeS81NjEzLzcxMjQyNDA_ZnJvbT1lZG5fbmV3ZXN0bGlzdF9jYXRlX3NpZGXSATJodHRwczovL21vbmV5LnVkbi5jb20vbW9uZXkvYW1wL3N0b3J5LzU2MTMvNzEyNDI0MA?oc=5,經濟日報,長期持有股王搖籃 0050成立以來報酬逾500% - 經濟日報,0.0
2023-04-26 07:00:00,0050,https://news.google.com/rss/articles/CBMiywFodHRwczovL3R3LnN0b2NrLnlhaG9vLmNvbS9uZXdzLzAwNTAlRTglQkYlOTEyMCVFNSVCOSVCNCVFNSU5MCVBQiVFNiU4MSVBRiVFNyVCOCVCRCVFNSVBMCVCMSVFOSU4NSVBQyVFOSU4MCVCRTUwMC0lRTYlOEElOTUlRTglQjMlODc3NCVFNSVCOSVCNCVFNiU5QyVBQyVFOSU4NyU5MSVFOCU4MyVCRCVFNyVCRiVCQiVFNSU4MCU4RC0wNDM5NDUyMDUuaHRtbNIB0wFodHRwczovL3R3LnN0b2NrLnlhaG9vLmNvbS9hbXBodG1sL25ld3MvMDA1MCVFOCVCRiU5MTIwJUU1JUI5JUI0JUU1JTkwJUFCJUU2JTgxJUFGJUU3JUI4JUJEJUU1JUEwJUIxJUU5JTg1JUFDJUU5JTgwJUJFNTAwLSVFNiU4QSU5NSVFOCVCMyU4Nzc0JUU1JUI5JUI0JUU2JTlDJUFDJUU5JTg3JTkxJUU4JTgzJUJEJUU3JUJGJUJCJUU1JTgwJThELTA0Mzk0NTIwNS5odG1s?oc=5,Yahoo奇摩股市,0050近20年含息總報酬逾500% 投資7.4年本金能翻倍 - Yahoo奇摩股市,0.0
2023-04-26 07:05:05,0050,https://news.google.com/rss/articles/CBMi9wFodHRwczovL3R3LnN0b2NrLnlhaG9vLmNvbS9uZXdzLyVFNSU4NSU4MyVFNSVBNCVBNyVFNSU4RiVCMCVFNyU4MSVBMzUwZXRmJUU2JTg4JTkwJUU3JUFCJThCJUU0JUJCJUE1JUU0JUJFJTg2JUU1JTkwJUFCJUU2JTgxJUFGJUU1JUEwJUIxJUU5JTg1JUFDJUU5JTgwJUJFNTAwLSVFNiU4RiU5QiVFNyVBRSU5NyVFNSVCOSVCNCVFNSU4QyU5NiVFNSVBMCVCMSVFOSU4NSVBQyVFNyU4RSU4NyVFOCVCRiU5MTEwLTA2NTMzOTQxMS5odG1s0gH_AWh0dHBzOi8vdHcuc3RvY2sueWFob28uY29tL2FtcGh0bWwvbmV3cy8lRTUlODUlODMlRTUlQTQlQTclRTUlOEYlQjAlRTclODElQTM1MGV0ZiVFNiU4OCU5MCVFNyVBQiU4QiVFNCVCQiVBNSVFNCVCRSU4NiVFNSU5MCVBQiVFNiU4MSVBRiVFNSVBMCVCMSVFOSU4NSVBQyVFOSU4MCVCRTUwMC0lRTYlOEYlOUIlRTclQUUlOTclRTUlQjklQjQlRTUlOEMlOTYlRTUlQTAlQjElRTklODUlQUMlRTclOEUlODclRTglQkYlOTExMC0wNjUzMzk0MTEuaHRtbA?oc=5,Yahoo奇摩股市,元大台灣50ETF成立以來含息報酬逾500%，換算年化報酬率近10% - Yahoo奇摩股市,0.0
2023-04-26 09:30:53,0050,https://news.google.com/rss/articles/CBMi9wFodHRwczovL3R3LnN0b2NrLnlhaG9vLmNvbS9uZXdzLyVFNSU4NSU4MyVFNSVBNCVBNyVFNSU4RiVCMCVFNyU4MSVBMzUwZXRmJUU2JTg4JTkwJUU3JUFCJThCJUU0JUJCJUE1JUU0JUJFJTg2JUU1JTkwJUFCJUU2JTgxJUFGJUU1JUEwJUIxJUU5JTg1JUFDJUU5JTgwJUJFNTAwLSVFNiU4RiU5QiVFNyVBRSU5NyVFNSVCOSVCNCVFNSU4QyU5NiVFNSVBMCVCMSVFOSU4NSVBQyVFNyU4RSU4NyVFOCVCRiU5MTEwLTA2NTMzOTQxMS5odG1s0gH_AWh0dHBzOi8vdHcuc3RvY2sueWFob28uY29tL2FtcGh0bWwvbmV3cy8lRTUlODUlODMlRTUlQTQlQTclRTUlOEYlQjAlRTclODElQTM1MGV0ZiVFNiU4OCU5MCVFNyVBQiU4QiVFNCVCQiVBNSVFNCVCRSU4NiVFNSU5MCVBQiVFNiU4MSVBRiVFNSVBMCVCMSVFOSU4NSVBQyVFOSU4MCVCRTUwMC0lRTYlOEYlOUIlRTclQUUlOTclRTUlQjklQjQlRTUlOEMlOTYlRTUlQTAlQjElRTklODUlQUMlRTclOEUlODclRTglQkYlOTExMC0wNjUzMzk0MTEuaHRtbA?oc=5,Yahoo奇摩股市,元大台灣50ETF成立以來含息報酬逾500%，換算年化報酬率近10% - Yahoo奇摩股市,0.0
2023-04-27 04:43:24,0050,https://news.google.com/rss/articles/CBMiywFodHRwczovL3R3LnN0b2NrLnlhaG9vLmNvbS9uZXdzLzAwNTAlRTglQkYlOTEyMCVFNSVCOSVCNCVFNSU5MCVBQiVFNiU4MSVBRiVFNyVCOCVCRCVFNSVBMCVCMSVFOSU4NSVBQyVFOSU4MCVCRTUwMC0lRTYlOEElOTUlRTglQjMlODc3NCVFNSVCOSVCNCVFNiU5QyVBQyVFOSU4NyU5MSVFOCU4MyVCRCVFNyVCRiVCQiVFNSU4MCU4RC0wNDM5NDUyMDUuaHRtbNIB0wFodHRwczovL3R3LnN0b2NrLnlhaG9vLmNvbS9hbXBodG1sL25ld3MvMDA1MCVFOCVCRiU5MTIwJUU1JUI5JUI0JUU1JTkwJUFCJUU2JTgxJUFGJUU3JUI4JUJEJUU1JUEwJUIxJUU5JTg1JUFDJUU5JTgwJUJFNTAwLSVFNiU4QSU5NSVFOCVCMyU4Nzc0JUU1JUI5JUI0JUU2JTlDJUFDJUU5JTg3JTkxJUU4JTgzJUJEJUU3JUJGJUJCJUU1JTgwJThELTA0Mzk0NTIwNS5odG1s?oc=5,Yahoo奇摩股市,0050近20年含息總報酬逾500% 投資7.4年本金能翻倍 - Yahoo奇摩股市,0.0
2023-04-28 03:01:58,0050,https://news.google.com/rss/articles/CBMiK2h0dHBzOi8vY3RlZS5jb20udHcvbmV3cy9zdG9ja3MvODUzMDIxLmh0bWzSAQA?oc=5,工商時報,存股可以選台積電？網3理由全挺0050 - 工商時報,0.0
2023-04-28 07:00:00,0050,https://news.google.com/rss/articles/CBMiK2h0dHBzOi8vY3RlZS5jb20udHcvbmV3cy9zdG9ja3MvODUzMDIxLmh0bWzSAQA?oc=5,工商時報,存股可以選台積電？網3理由全挺0050 - 工商時報,0.0
2023-04-29 14:34:24,0050,https://news.google.com/rss/articles/CBMiSGh0dHBzOi8vbW9uZXkudWRuLmNvbS9tb25leS9zdG9yeS81NjE4LzcxMzIxODc_ZnJvbT1lZG5fc3ViY2F0ZWxpc3RfY2F0ZdIBMmh0dHBzOi8vbW9uZXkudWRuLmNvbS9tb25leS9hbXAvc3RvcnkvNTYxOC83MTMyMTg3?oc=5,經濟日報,元大台灣50 伺機進場 - 經濟日報,0.2
2023-05-01 07:00:00,0050,https://news.google.com/rss/articles/CBMijQJodHRwczovL3R3LnN0b2NrLnlhaG9vLmNvbS9uZXdzLyVFNSU5RiVCQSVFOSU4NyU5MS0wMDUwJUU1JUIwJThCJUU2JTg5JUJFJUU1JTkwJThDJUU1JUE0JUE5JUU3JTk0JTlGJUU2JTk3JUE1JUU2JThBJTk1JUU4JUIzJTg3JUU0JUJBJUJBLSVFNSU4NSU4MyVFNSVBNCVBNyVFNSU4NSVBOCVFNyVCMyVCQiVFNSU4OCU5NyVFNSU5RiVCQSVFOSU4NyU5MSVFNyVCNSU4MiVFOCVCQSVBQiVFNSU4NSU4RCVFNiU4OSU4QiVFNyVCQSU4QyVFOCVCMiVCQi0wMzUzNTk5NjAuaHRtbNIBlQJodHRwczovL3R3LnN0b2NrLnlhaG9vLmNvbS9hbXBodG1sL25ld3MvJUU1JTlGJUJBJUU5JTg3JTkxLTAwNTAlRTUlQjAlOEIlRTYlODklQkUlRTUlOTAlOEMlRTUlQTQlQTklRTclOTQlOUYlRTYlOTclQTUlRTYlOEElOTUlRTglQjMlODclRTQlQkElQkEtJUU1JTg1JTgzJUU1JUE0JUE3JUU1JTg1JUE4JUU3JUIzJUJCJUU1JTg4JTk3JUU1JTlGJUJBJUU5JTg3JTkxJUU3JUI1JTgyJUU4JUJBJUFCJUU1JTg1JThEJUU2JTg5JThCJUU3JUJBJThDJUU4JUIyJUJCLTAzNTM1OTk2MC5odG1s?oc=5,Yahoo奇摩股市,《基金》0050尋找同天生日投資人 元大全系列基金終身免手續費 - Yahoo奇摩股市,0.0
2023-05-02 04:28:30,0050,https://news.google.com/rss/articles/CBMiRGh0dHBzOi8vbW9uZXkudWRuLmNvbS9tb25leS9zdG9yeS81NjE4LzcxMzY0MzY_ZnJvbT1lZG5fbmV3ZXN0X2luZGV40gEyaHR0cHM6Ly9tb25leS51ZG4uY29tL21vbmV5L2FtcC9zdG9yeS81NjE4LzcxMzY0MzY?oc=5,經濟日報,元大台灣50 6/25成立20周年 尋找同天生日投資人贈送終身免手續費 - 經濟日報,0.0
2023-05-02 07:00:00,0050,https://news.google.com/rss/articles/CBMiLmh0dHBzOi8vbW9uZXkudWRuLmNvbS9tb25leS9zdG9yeS81NjE4LzcxMzY0MzbSATJodHRwczovL21vbmV5LnVkbi5jb20vbW9uZXkvYW1wL3N0b3J5LzU2MTgvNzEzNjQzNg?oc=5,經濟日報,元大台灣50 6/25成立20周年 尋找同天生日投資人贈送終身免手續費 - 經濟日報,0.0
2023-05-04 07:00:00,0050,https://news.google.com/rss/articles/CBMiL2h0dHBzOi8vbW9uZXkudWRuLmNvbS9tb25leS9zdG9yeS8xMjA0MC83MTQzNjQ30gEzaHR0cHM6Ly9tb25leS51ZG4uY29tL21vbmV5L2FtcC9zdG9yeS8xMjA0MC83MTQzNjQ3?oc=5,經濟日報,0050尋找同日壽星 這天生日終身免手續費 - 經濟日報,0.0
2023-05-04 15:40:34,0050,https://news.google.com/rss/articles/CBMiRWh0dHBzOi8vbW9uZXkudWRuLmNvbS9tb25leS9zdG9yeS8xMjA0MC83MTQzNjQ3P2Zyb209ZWRuX25ld2VzdF9pbmRleNIBM2h0dHBzOi8vbW9uZXkudWRuLmNvbS9tb25leS9hbXAvc3RvcnkvMTIwNDAvNzE0MzY0Nw?oc=5,經濟日報,0050尋找同日壽星 這天生日終身免手續費 - 經濟日報,0.0
2023-05-05 07:00:00,0050,https://news.google.com/rss/articles/CBMi2AFodHRwczovL3R3LnN0b2NrLnlhaG9vLmNvbS9uZXdzLyVFNSVBRCU5OGV0ZiVFNiVBRiU5NCVFOSU4NyU5MSVFOCU5RSU4RCVFOCU4MiVBMSVFNiU5QiVCNCVFNSVBNCVBRi0lRTklOTklQTQlRTQlQkElODYwMDUwLTAwNTYtMDA4NzglRTQlQkIlQTUlRTUlQTQlOTYtJUU5JTgyJTg0JUU2JTlDJTg5MTclRTYlQUElOTQlRTclODYlQjElRTklOTYlODBldGYtMDkyNjE4NjY1Lmh0bWzSAeABaHR0cHM6Ly90dy5zdG9jay55YWhvby5jb20vYW1waHRtbC9uZXdzLyVFNSVBRCU5OGV0ZiVFNiVBRiU5NCVFOSU4NyU5MSVFOCU5RSU4RCVFOCU4MiVBMSVFNiU5QiVCNCVFNSVBNCVBRi0lRTklOTklQTQlRTQlQkElODYwMDUwLTAwNTYtMDA4NzglRTQlQkIlQTUlRTUlQTQlOTYtJUU5JTgyJTg0JUU2JTlDJTg5MTclRTYlQUElOTQlRTclODYlQjElRTklOTYlODBldGYtMDkyNjE4NjY1Lmh0bWw?oc=5,Yahoo奇摩股市,存ETF比金融股更夯！除了0050、0056、00878以外，還有17檔熱門ETF一表掌握 - Yahoo奇摩股市,0.0
2023-05-05 09:26:18,0050,https://news.google.com/rss/articles/CBMi2AFodHRwczovL3R3LnN0b2NrLnlhaG9vLmNvbS9uZXdzLyVFNSVBRCU5OGV0ZiVFNiVBRiU5NCVFOSU4NyU5MSVFOCU5RSU4RCVFOCU4MiVBMSVFNiU5QiVCNCVFNSVBNCVBRi0lRTklOTklQTQlRTQlQkElODYwMDUwLTAwNTYtMDA4NzglRTQlQkIlQTUlRTUlQTQlOTYtJUU5JTgyJTg0JUU2JTlDJTg5MTclRTYlQUElOTQlRTclODYlQjElRTklOTYlODBldGYtMDkyNjE4NjY1Lmh0bWzSAeABaHR0cHM6Ly90dy5zdG9jay55YWhvby5jb20vYW1waHRtbC9uZXdzLyVFNSVBRCU5OGV0ZiVFNiVBRiU5NCVFOSU4NyU5MSVFOCU5RSU4RCVFOCU4MiVBMSVFNiU5QiVCNCVFNSVBNCVBRi0lRTklOTklQTQlRTQlQkElODYwMDUwLTAwNTYtMDA4NzglRTQlQkIlQTUlRTUlQTQlOTYtJUU5JTgyJTg0JUU2JTlDJTg5MTclRTYlQUElOTQlRTclODYlQjElRTklOTYlODBldGYtMDkyNjE4NjY1Lmh0bWw?oc=5,Yahoo奇摩股市,存ETF比金融股更夯！除了0050、0056、00878以外，還有17檔熱門ETF一表掌握 - Yahoo奇摩股市,0.0
2023-05-06 14:55:25,0050,https://news.google.com/rss/articles/CBMiLmh0dHBzOi8vbW9uZXkudWRuLmNvbS9tb25leS9zdG9yeS81NjE4LzcxNDc0MzHSATJodHRwczovL21vbmV5LnVkbi5jb20vbW9uZXkvYW1wL3N0b3J5LzU2MTgvNzE0NzQzMQ?oc=5,經濟日報,元大台灣50 伺機布局 - 經濟日報,0.2
2023-05-08 03:51:21,0050,https://news.google.com/rss/articles/CBMiKWh0dHBzOi8vY3RlZS5jb20udHcvbmV3cy9saWZlLzg1ODI1Mi5odG1s0gEA?oc=5,工商時報,0050、00687B、當房東哪個最賺?網這麼說 - 工商時報,0.0
2023-05-08 06:31:14,0050,https://news.google.com/rss/articles/CBMiTGh0dHBzOi8vbW9uZXkudWRuLmNvbS9tb25leS9zdG9yeS81NjA3LzcxNTAyOTE_ZnJvbT1lZG5fbmV3ZXN0bGlzdF9jYXRlX3NpZGXSATJodHRwczovL21vbmV5LnVkbi5jb20vbW9uZXkvYW1wL3N0b3J5LzU2MDcvNzE1MDI5MQ?oc=5,經濟日報,元大台灣50 ETF 成立以來 年化報酬率近10% - 經濟日報,0.0
2023-05-08 06:33:10,0050,https://news.google.com/rss/articles/CBMi4wFodHRwczovL3R3LnN0b2NrLnlhaG9vLmNvbS9uZXdzLzAwNTAlRTUlQUUlOUElRTYlOUMlOUYlRTUlQUUlOUElRTklQTElOEQyMCVFNSVCOSVCNCVFNSVCOSVCNCVFNSU4QyU5NiVFNSVBMCVCMSVFOSU4NSVBQyVFNyU4RSU4NzU3LSVFNiVCMyU5NSVFNCVCQSVCQSVFRiVCQyU5QSVFOSU4MSVBOSVFNSU5MCU4OCVFNSVCMCU4RiVFOCVCMyU4NyVFNSVBRCU5OCVFOCU4MiVBMS0wNjI5MjY3NjIuaHRtbNIB6wFodHRwczovL3R3LnN0b2NrLnlhaG9vLmNvbS9hbXBodG1sL25ld3MvMDA1MCVFNSVBRSU5QSVFNiU5QyU5RiVFNSVBRSU5QSVFOSVBMSU4RDIwJUU1JUI5JUI0JUU1JUI5JUI0JUU1JThDJTk2JUU1JUEwJUIxJUU5JTg1JUFDJUU3JThFJTg3NTctJUU2JUIzJTk1JUU0JUJBJUJBJUVGJUJDJTlBJUU5JTgxJUE5JUU1JTkwJTg4JUU1JUIwJThGJUU4JUIzJTg3JUU1JUFEJTk4JUU4JTgyJUExLTA2MjkyNjc2Mi5odG1s?oc=5,Yahoo奇摩股市,0050定期定額20年年化報酬率5.7% 法人：適合小資存股 - Yahoo奇摩股市,0.0
2023-05-08 07:00:00,0050,https://news.google.com/rss/articles/CBMiKWh0dHBzOi8vY3RlZS5jb20udHcvbmV3cy9saWZlLzg1ODI1Mi5odG1s0gEA?oc=5,工商時報,0050、00687B、當房東哪個最賺?網這麼說 - 工商時報,0.0
2023-05-08 07:00:00,0050,https://news.google.com/rss/articles/CBMiLmh0dHBzOi8vbW9uZXkudWRuLmNvbS9tb25leS9zdG9yeS81NjA3LzcxNTAyOTHSATJodHRwczovL21vbmV5LnVkbi5jb20vbW9uZXkvYW1wL3N0b3J5LzU2MDcvNzE1MDI5MQ?oc=5,經濟日報,元大台灣50 ETF 成立以來 年化報酬率近10% - 經濟日報,0.0
2023-05-12 07:00:00,0050,https://news.google.com/rss/articles/CBMiLmh0dHBzOi8vbW9uZXkudWRuLmNvbS9tb25leS9zdG9yeS81NjE4LzcxNjMzOTXSATJodHRwczovL21vbmV5LnVkbi5jb20vbW9uZXkvYW1wL3N0b3J5LzU2MTgvNzE2MzM5NQ?oc=5,經濟日報,元大台灣50 適度配置 - 經濟日報,0.0
2023-05-12 07:00:00,0050,https://news.google.com/rss/articles/CBMiUGh0dHBzOi8vbW9uZXkudWRuLmNvbS9tb25leS9zdG9yeS81NjA3LzcxNjcwMTI_ZnJvbT1kZGQtdW1heWxpa2VuZXdzX21vbmV5X2luZGV40gEyaHR0cHM6Ly9tb25leS51ZG4uY29tL21vbmV5L2FtcC9zdG9yeS81NjA3LzcxNjcwMTI?oc=5,經濟日報,定期定額投資 0050最夯 - 經濟日報,0.0
2023-05-13 14:40:37,0050,https://news.google.com/rss/articles/CBMiSGh0dHBzOi8vbW9uZXkudWRuLmNvbS9tb25leS9zdG9yeS81NjE4LzcxNjMzOTU_ZnJvbT1lZG5fc3ViY2F0ZWxpc3RfY2F0ZdIBMmh0dHBzOi8vbW9uZXkudWRuLmNvbS9tb25leS9hbXAvc3RvcnkvNTYxOC83MTYzMzk1?oc=5,經濟日報,元大台灣50 適度配置 - 經濟日報,0.0
2023-05-14 07:00:00,0050,https://news.google.com/rss/articles/CBMiigJodHRwczovL3R3LnN0b2NrLnlhaG9vLmNvbS9uZXdzLyVFOSU4MCVBMyVFNyVCQSU4QzMxJUU1JTgwJThCJUU2JTlDJTg4JUU4JTlGJUFDJUU4JTgxJUFGJUU0JUJBJUJBJUU2JUIwJUEzJUU3JThFJThCJUVGJUJDJTgxJUU1JTlDJThCJUU2JUIwJTkxZXRmMDA1MC0lRTUlQUUlOUElRTYlOUMlOUYlRTUlQUUlOUElRTklQTElOEQlRTklODAlQkMlRTglQkYlOTEyMCVFOCU5MCVBQyVFNiU4OCVCNiVFNiU5NiVCMCVFNyVCNCU4MCVFOSU4QyU4NC0wNTUyNDU2MTMuaHRtbNIBkgJodHRwczovL3R3LnN0b2NrLnlhaG9vLmNvbS9hbXBodG1sL25ld3MvJUU5JTgwJUEzJUU3JUJBJThDMzElRTUlODAlOEIlRTYlOUMlODglRTglOUYlQUMlRTglODElQUYlRTQlQkElQkElRTYlQjAlQTMlRTclOEUlOEIlRUYlQkMlODElRTUlOUMlOEIlRTYlQjAlOTFldGYwMDUwLSVFNSVBRSU5QSVFNiU5QyU5RiVFNSVBRSU5QSVFOSVBMSU4RCVFOSU4MCVCQyVFOCVCRiU5MTIwJUU4JTkwJUFDJUU2JTg4JUI2JUU2JTk2JUIwJUU3JUI0JTgwJUU5JThDJTg0LTA1NTI0NTYxMy5odG1s?oc=5,Yahoo奇摩股市,連續31個月蟬聯人氣王！國民ETF0050 定期定額逼近20萬戶新紀錄 - Yahoo奇摩股市,0.0
2023-05-14 07:00:00,0050,https://news.google.com/rss/articles/CBMiigJodHRwczovL3R3LnN0b2NrLnlhaG9vLmNvbS9uZXdzLyVFOSU4MCVBMyVFNyVCQSU4QzMxJUU1JTgwJThCJUU2JTlDJTg4JUU4JTlGJUFDJUU4JTgxJUFGJUU0JUJBJUJBJUU2JUIwJUEzJUU3JThFJThCJUVGJUJDJTgxJUU1JTlDJThCJUU2JUIwJTkxZXRmMDA1MC0lRTUlQUUlOUElRTYlOUMlOUYlRTUlQUUlOUElRTklQTElOEQlRTklODAlQkMlRTglQkYlOTEyMCVFOCU5MCVBQyVFNiU4OCVCNiVFNiU5NiVCMCVFNyVCNCU4MCVFOSU4QyU4NC0wNTUyNDU2MTMuaHRtbNIBAA?oc=5,Yahoo奇摩股市,0050／連續31個月蟬聯人氣王！國民ETF0050 定期定額逼近20萬戶新紀錄 - Yahoo奇摩股市,0.0
2023-05-15 03:18:00,0050,https://news.google.com/rss/articles/CBMiMmh0dHBzOi8vbW9uZXkudWRuLmNvbS9tb25leS9hbXAvc3RvcnkvNTYxMi83MTY1NjM00gEyaHR0cHM6Ly9tb25leS51ZG4uY29tL21vbmV5L2FtcC9zdG9yeS81NjEyLzcxNjU2MzQ?oc=5,經濟日報,看好股價股息成長性 元大台灣50 ETF蟬聯定期定額人氣王寶座 - 經濟日報,0.0
2023-05-15 03:18:55,0050,https://news.google.com/rss/articles/CBMiRGh0dHBzOi8vbW9uZXkudWRuLmNvbS9tb25leS9zdG9yeS81NjEyLzcxNjU2MzQ_ZnJvbT1lZG5fbmV3ZXN0X2luZGV40gEyaHR0cHM6Ly9tb25leS51ZG4uY29tL21vbmV5L2FtcC9zdG9yeS81NjEyLzcxNjU2MzQ?oc=5,經濟日報,看好股價股息成長性 元大台灣50 ETF蟬聯定期定額人氣王寶座 - 經濟日報,0.0
2023-05-15 04:19:47,0050,https://news.google.com/rss/articles/CBMiPWh0dHBzOi8vY3RlZS5jb20udHcvbGl2ZW5ld3MvY3RlZS9hai9hMDA2NTAwMDIwMjMwNTE1MTIwMzMxOTHSAQA?oc=5,工商時報,0050 蟬聯台股4月定期定額人氣王 - 工商時報,0.0
2023-05-15 05:55:51,0050,https://news.google.com/rss/articles/CBMiigJodHRwczovL3R3LnN0b2NrLnlhaG9vLmNvbS9uZXdzLyVFOSU4MCVBMyVFNyVCQSU4QzMxJUU1JTgwJThCJUU2JTlDJTg4JUU4JTlGJUFDJUU4JTgxJUFGJUU0JUJBJUJBJUU2JUIwJUEzJUU3JThFJThCJUVGJUJDJTgxJUU1JTlDJThCJUU2JUIwJTkxZXRmMDA1MC0lRTUlQUUlOUElRTYlOUMlOUYlRTUlQUUlOUElRTklQTElOEQlRTklODAlQkMlRTglQkYlOTEyMCVFOCU5MCVBQyVFNiU4OCVCNiVFNiU5NiVCMCVFNyVCNCU4MCVFOSU4QyU4NC0wNTUyNDU2MTMuaHRtbNIBkgJodHRwczovL3R3LnN0b2NrLnlhaG9vLmNvbS9hbXBodG1sL25ld3MvJUU5JTgwJUEzJUU3JUJBJThDMzElRTUlODAlOEIlRTYlOUMlODglRTglOUYlQUMlRTglODElQUYlRTQlQkElQkElRTYlQjAlQTMlRTclOEUlOEIlRUYlQkMlODElRTUlOUMlOEIlRTYlQjAlOTFldGYwMDUwLSVFNSVBRSU5QSVFNiU5QyU5RiVFNSVBRSU5QSVFOSVBMSU4RCVFOSU4MCVCQyVFOCVCRiU5MTIwJUU4JTkwJUFDJUU2JTg4JUI2JUU2JTk2JUIwJUU3JUI0JTgwJUU5JThDJTg0LTA1NTI0NTYxMy5odG1s?oc=5,Yahoo奇摩股市,連續31個月蟬聯人氣王！國民ETF0050 定期定額逼近20萬戶新紀錄 - Yahoo奇摩股市,0.0
2023-05-15 05:56:16,0050,https://news.google.com/rss/articles/CBMiigJodHRwczovL3R3LnN0b2NrLnlhaG9vLmNvbS9uZXdzLyVFOSU4MCVBMyVFNyVCQSU4QzMxJUU1JTgwJThCJUU2JTlDJTg4JUU4JTlGJUFDJUU4JTgxJUFGJUU0JUJBJUJBJUU2JUIwJUEzJUU3JThFJThCJUVGJUJDJTgxJUU1JTlDJThCJUU2JUIwJTkxZXRmMDA1MC0lRTUlQUUlOUElRTYlOUMlOUYlRTUlQUUlOUElRTklQTElOEQlRTklODAlQkMlRTglQkYlOTEyMCVFOCU5MCVBQyVFNiU4OCVCNiVFNiU5NiVCMCVFNyVCNCU4MCVFOSU4QyU4NC0wNTUyNDU2MTMuaHRtbNIBkgJodHRwczovL3R3LnN0b2NrLnlhaG9vLmNvbS9hbXBodG1sL25ld3MvJUU5JTgwJUEzJUU3JUJBJThDMzElRTUlODAlOEIlRTYlOUMlODglRTglOUYlQUMlRTglODElQUYlRTQlQkElQkElRTYlQjAlQTMlRTclOEUlOEIlRUYlQkMlODElRTUlOUMlOEIlRTYlQjAlOTFldGYwMDUwLSVFNSVBRSU5QSVFNiU5QyU5RiVFNSVBRSU5QSVFOSVBMSU4RCVFOSU4MCVCQyVFOCVCRiU5MTIwJUU4JTkwJUFDJUU2JTg4JUI2JUU2JTk2JUIwJUU3JUI0JTgwJUU5JThDJTg0LTA1NTI0NTYxMy5odG1s?oc=5,Yahoo奇摩股市,連續31個月蟬聯人氣王！國民ETF0050 定期定額逼近20萬戶新紀錄 - Yahoo奇摩股市,0.0
2023-05-15 07:00:00,0050,https://news.google.com/rss/articles/CBMiLmh0dHBzOi8vbW9uZXkudWRuLmNvbS9tb25leS9zdG9yeS81NjEyLzcxNjU2MzTSATJodHRwczovL21vbmV5LnVkbi5jb20vbW9uZXkvYW1wL3N0b3J5LzU2MTIvNzE2NTYzNA?oc=5,經濟日報,看好股價股息成長性 元大台灣50 ETF蟬聯定期定額人氣王寶座 - 經濟日報,0.0
2023-05-15 07:00:00,0050,https://news.google.com/rss/articles/CBMiLmh0dHBzOi8vbW9uZXkudWRuLmNvbS9tb25leS9zdG9yeS81NjA3LzcxNjcwMTLSATJodHRwczovL21vbmV5LnVkbi5jb20vbW9uZXkvYW1wL3N0b3J5LzU2MDcvNzE2NzAxMg?oc=5,經濟日報,定期定額投資 0050最夯 - 經濟日報,0.0
2023-05-15 07:00:00,0050,https://news.google.com/rss/articles/CBMiigJodHRwczovL3R3LnN0b2NrLnlhaG9vLmNvbS9uZXdzLyVFOSU4MCVBMyVFNyVCQSU4QzMxJUU1JTgwJThCJUU2JTlDJTg4JUU4JTlGJUFDJUU4JTgxJUFGJUU0JUJBJUJBJUU2JUIwJUEzJUU3JThFJThCJUVGJUJDJTgxJUU1JTlDJThCJUU2JUIwJTkxZXRmMDA1MC0lRTUlQUUlOUElRTYlOUMlOUYlRTUlQUUlOUElRTklQTElOEQlRTklODAlQkMlRTglQkYlOTEyMCVFOCU5MCVBQyVFNiU4OCVCNiVFNiU5NiVCMCVFNyVCNCU4MCVFOSU4QyU4NC0wNTUyNDU2MTMuaHRtbNIBAA?oc=5,Yahoo奇摩股市,0050／連續31個月蟬聯人氣王！國民ETF0050 定期定額逼近20萬戶新紀錄 - Yahoo奇摩股市,0.0
2023-05-15 15:22:44,0050,https://news.google.com/rss/articles/CBMiUGh0dHBzOi8vbW9uZXkudWRuLmNvbS9tb25leS9zdG9yeS81NjA3LzcxNjcwMTI_ZnJvbT1kZGQtdW1heWxpa2VuZXdzX21vbmV5X2luZGV40gEyaHR0cHM6Ly9tb25leS51ZG4uY29tL21vbmV5L2FtcC9zdG9yeS81NjA3LzcxNjcwMTI?oc=5,經濟日報,定期定額投資 0050最夯 - 經濟日報,0.0
2023-05-18 06:34:59,0050,https://news.google.com/rss/articles/CBMiKWh0dHBzOi8vY3RlZS5jb20udHcvbmV3cy9mdW5kLzg2NTc3Ny5odG1s0gEA?oc=5,工商時報,0050、正2ETF買氣爆棚 老手揭操作法則 - 工商時報,0.0
2023-05-18 06:34:59,0050,https://news.google.com/rss/articles/CBMiKWh0dHBzOi8vY3RlZS5jb20udHcvbmV3cy9mdW5kLzg2NTc3Ny5odG1s0gEA?oc=5,工商時報,0050、正2ETF買氣爆棚老手揭操作法則 - 工商時報,0.0
2023-05-18 07:00:00,0050,https://news.google.com/rss/articles/CBMiKWh0dHBzOi8vY3RlZS5jb20udHcvbmV3cy9mdW5kLzg2NTc3Ny5odG1s0gEA?oc=5,工商時報,0050、正2ETF買氣爆棚 老手揭操作法則 - 工商時報,0.0
2023-05-18 07:00:00,0050,https://news.google.com/rss/articles/CBMiKWh0dHBzOi8vY3RlZS5jb20udHcvbmV3cy9mdW5kLzg2NTc3Ny5odG1s0gEA?oc=5,工商時報,0050、正2ETF買氣爆棚老手揭操作法則 - 工商時報,0.0
2023-05-18 07:00:00,0050,https://news.google.com/rss/articles/CBMinAFodHRwczovL3R3LnN0b2NrLnlhaG9vLmNvbS9uZXdzLyVFNSU4RiVCMCVFOCU4MiVBMSVFOSU4NyU4RCVFOCVCRiU5NCVFOCU5MCVBQyVFNSU4NSVBRC0wMDUwLSVFNiVBRCVBMzJldGYlRTglQjIlQjclRTYlQjAlQTMlRTclODglODYlRTYlQTMlOUEtMDcyNDI3NjY5Lmh0bWzSAaQBaHR0cHM6Ly90dy5zdG9jay55YWhvby5jb20vYW1waHRtbC9uZXdzLyVFNSU4RiVCMCVFOCU4MiVBMSVFOSU4NyU4RCVFOCVCRiU5NCVFOCU5MCVBQyVFNSU4NSVBRC0wMDUwLSVFNiVBRCVBMzJldGYlRTglQjIlQjclRTYlQjAlQTMlRTclODglODYlRTYlQTMlOUEtMDcyNDI3NjY5Lmh0bWw?oc=5,Yahoo奇摩股市,台股重返萬六 0050、正2ETF買氣爆棚 - Yahoo奇摩股市,0.8
2023-05-19 07:00:00,0050,https://news.google.com/rss/articles/CBMiLmh0dHBzOi8vbW9uZXkudWRuLmNvbS9tb25leS9zdG9yeS81NjE4LzcxNzg5ODPSATJodHRwczovL21vbmV5LnVkbi5jb20vbW9uZXkvYW1wL3N0b3J5LzU2MTgvNzE3ODk4Mw?oc=5,經濟日報,元大台灣50 後市看俏 - 經濟日報,0.3
2023-05-19 19:06:44,0050,https://news.google.com/rss/articles/CBMiK2h0dHBzOi8vY3RlZS5jb20udHcvbmV3cy9zdG9ja3MvODY3MDE1Lmh0bWzSAQA?oc=5,工商時報,權值股當道0050周爆量3倍 - 工商時報,0.8
2023-05-19 20:10:00,0050,https://news.google.com/rss/articles/CBMihgFodHRwczovL3R3LnN0b2NrLnlhaG9vLmNvbS9uZXdzLyVFNiVBQyU4QSVFNSU4MCVCQyVFOCU4MiVBMSVFNyU5NSVCNiVFOSU4MSU5My0wMDUwJUU1JTkxJUE4JUU3JTg4JTg2JUU5JTg3JThGMyVFNSU4MCU4RC0yMDEwMDA2MTYuaHRtbNIBjgFodHRwczovL3R3LnN0b2NrLnlhaG9vLmNvbS9hbXBodG1sL25ld3MvJUU2JUFDJThBJUU1JTgwJUJDJUU4JTgyJUExJUU3JTk1JUI2JUU5JTgxJTkzLTAwNTAlRTUlOTElQTglRTclODglODYlRTklODclOEYzJUU1JTgwJThELTIwMTAwMDYxNi5odG1s?oc=5,Yahoo奇摩股市,權值股當道 0050周爆量3倍 - Yahoo奇摩股市,0.8
2023-05-20 07:00:00,0050,https://news.google.com/rss/articles/CBMiLmh0dHBzOi8vbW9uZXkudWRuLmNvbS9tb25leS9zdG9yeS81NjE4LzcxNzg5ODPSATJodHRwczovL21vbmV5LnVkbi5jb20vbW9uZXkvYW1wL3N0b3J5LzU2MTgvNzE3ODk4Mw?oc=5,經濟日報,元大台灣50 後市看俏 - 經濟日報,0.3
2023-05-20 07:00:00,0050,https://news.google.com/rss/articles/CBMiK2h0dHBzOi8vY3RlZS5jb20udHcvbmV3cy9zdG9ja3MvODY3MDE1Lmh0bWzSAQA?oc=5,工商時報,權值股當道0050周爆量3倍 - 工商時報,0.8
2023-05-20 15:06:53,0050,https://news.google.com/rss/articles/CBMiLmh0dHBzOi8vbW9uZXkudWRuLmNvbS9tb25leS9zdG9yeS81NjE4LzcxNzg5ODPSATJodHRwczovL21vbmV5LnVkbi5jb20vbW9uZXkvYW1wL3N0b3J5LzU2MTgvNzE3ODk4Mw?oc=5,經濟日報,元大台灣50 後市看俏 - 經濟日報,0.3
2023-05-27 15:03:27,0050,https://news.google.com/rss/articles/CBMiSGh0dHBzOi8vbW9uZXkudWRuLmNvbS9tb25leS9zdG9yeS81NjE4LzcxOTQ5Nzc_ZnJvbT1lZG5fc3ViY2F0ZWxpc3RfY2F0ZdIBMmh0dHBzOi8vbW9uZXkudWRuLmNvbS9tb25leS9hbXAvc3RvcnkvNTYxOC83MTk0OTc3?oc=5,經濟日報,元大台灣50 後市向上 - 經濟日報,0.8
2023-05-28 07:00:00,0050,https://news.google.com/rss/articles/CBMizQFodHRwczovL3R3LnN0b2NrLnlhaG9vLmNvbS9uZXdzLyVFOSVBQiU5OCVFNiVBQSU5NCVFNSU4NSU4OCVFNCVCOCU4QiVFOCVCQiU4QS0lRTQlQjglOEElRTUlOTElQTgwMDUwJUUzJTgwJTgxMDA1NiVFMyU4MCU4MTAwODc4JUU2JThBJTk1JUU4JUIzJTg3JUU0JUJBJUJBJUU1JTkwJThDJUU2JUFEJUE1JUU2JUI4JTlCJUU1JUIwJTkxLTAxNDMyODc4My5odG1s0gEA?oc=5,Yahoo奇摩股市,高檔先下車上周0050、0056、00878投資人同步減少 - Yahoo奇摩股市,-0.3
2023-05-29 01:46:05,0050,https://news.google.com/rss/articles/CBMizQFodHRwczovL3R3LnN0b2NrLnlhaG9vLmNvbS9uZXdzLyVFOSVBQiU5OCVFNiVBQSU5NCVFNSU4NSU4OCVFNCVCOCU4QiVFOCVCQiU4QS0lRTQlQjglOEElRTUlOTElQTgwMDUwJUUzJTgwJTgxMDA1NiVFMyU4MCU4MTAwODc4JUU2JThBJTk1JUU4JUIzJTg3JUU0JUJBJUJBJUU1JTkwJThDJUU2JUFEJUE1JUU2JUI4JTlCJUU1JUIwJTkxLTAxNDMyODc4My5odG1s0gHVAWh0dHBzOi8vdHcuc3RvY2sueWFob28uY29tL2FtcGh0bWwvbmV3cy8lRTklQUIlOTglRTYlQUElOTQlRTUlODUlODglRTQlQjglOEIlRTglQkIlOEEtJUU0JUI4JThBJUU1JTkxJUE4MDA1MCVFMyU4MCU4MTAwNTYlRTMlODAlODEwMDg3OCVFNiU4QSU5NSVFOCVCMyU4NyVFNCVCQSVCQSVFNSU5MCU4QyVFNiVBRCVBNSVFNiVCOCU5QiVFNSVCMCU5MS0wMTQzMjg3ODMuaHRtbA?oc=5,Yahoo奇摩股市,高檔先下車 上周0050、0056、00878投資人同步減少 - Yahoo奇摩股市,-0.3
2023-05-29 01:46:38,0050,https://news.google.com/rss/articles/CBMizQFodHRwczovL3R3LnN0b2NrLnlhaG9vLmNvbS9uZXdzLyVFOSVBQiU5OCVFNiVBQSU5NCVFNSU4NSU4OCVFNCVCOCU4QiVFOCVCQiU4QS0lRTQlQjglOEElRTUlOTElQTgwMDUwJUUzJTgwJTgxMDA1NiVFMyU4MCU4MTAwODc4JUU2JThBJTk1JUU4JUIzJTg3JUU0JUJBJUJBJUU1JTkwJThDJUU2JUFEJUE1JUU2JUI4JTlCJUU1JUIwJTkxLTAxNDMyODc4My5odG1s0gHVAWh0dHBzOi8vdHcuc3RvY2sueWFob28uY29tL2FtcGh0bWwvbmV3cy8lRTklQUIlOTglRTYlQUElOTQlRTUlODUlODglRTQlQjglOEIlRTglQkIlOEEtJUU0JUI4JThBJUU1JTkxJUE4MDA1MCVFMyU4MCU4MTAwNTYlRTMlODAlODEwMDg3OCVFNiU4QSU5NSVFOCVCMyU4NyVFNCVCQSVCQSVFNSU5MCU4QyVFNiVBRCVBNSVFNiVCOCU5QiVFNSVCMCU5MS0wMTQzMjg3ODMuaHRtbA?oc=5,Yahoo奇摩股市,高檔先下車 上周0050、0056、00878投資人同步減少 - Yahoo奇摩股市,-0.3
2023-05-29 06:52:42,0050,https://news.google.com/rss/articles/CBMiqwFodHRwczovL3R3LnN0b2NrLnlhaG9vLmNvbS9uZXdzLyVFNSU4NSU4MyVFNSVBNCVBNyVFNSU4RiVCMCVFNyU4MSVBMzUwJUU2JUI3JUE4JUU4JUIzJTg3JUU3JTk0JUEyLSVFOCVBNiU4RiVFNiVBOCVBMSVFNSVCMCU4NyVFNyVBMCVCNDMwMDAlRTUlODQlODQlRTUlODUlODMtMDY0NzA2MjU2Lmh0bWzSAa0BaHR0cHM6Ly90dy5uZXdzLnlhaG9vLmNvbS9hbXBodG1sLyVFNSU4NSU4MyVFNSVBNCVBNyVFNSU4RiVCMCVFNyU4MSVBMzUwJUU2JUI3JUE4JUU4JUIzJTg3JUU3JTk0JUEyLSVFOCVBNiU4RiVFNiVBOCVBMSVFNSVCMCU4NyVFNyVBMCVCNDMwMDAlRTUlODQlODQlRTUlODUlODMtMDY0NzA2MjU2Lmh0bWw?oc=5,Yahoo奇摩股市,元大台灣50淨資產 規模將破3000億元 - Yahoo奇摩股市,0.0
2023-05-29 07:00:00,0050,https://news.google.com/rss/articles/CBMixgFodHRwczovL3R3LnN0b2NrLnlhaG9vLmNvbS9uZXdzLyVFNSU4NSU4MyVFNSVBNCVBNyVFNSU4RiVCMCVFNyU4MSVBMzUwJUU4JUE2JThGJUU2JUE4JUExJUU3JUFBJTgxJUU3JUEwJUI0MzAwMCVFNSU4NCU4NC0lRTUlODklQjUlRTUlOUYlQkElRTklODclOTElRTYlOTYlQjAlRTklODclOEMlRTclQTglOEIlRTclQTIlOTEtMTMwOTA2NzU2Lmh0bWzSAc4BaHR0cHM6Ly90dy5zdG9jay55YWhvby5jb20vYW1waHRtbC9uZXdzLyVFNSU4NSU4MyVFNSVBNCVBNyVFNSU4RiVCMCVFNyU4MSVBMzUwJUU4JUE2JThGJUU2JUE4JUExJUU3JUFBJTgxJUU3JUEwJUI0MzAwMCVFNSU4NCU4NC0lRTUlODklQjUlRTUlOUYlQkElRTklODclOTElRTYlOTYlQjAlRTklODclOEMlRTclQTglOEIlRTclQTIlOTEtMTMwOTA2NzU2Lmh0bWw?oc=5,Yahoo奇摩股市,元大台灣50規模突破3000億 創基金新里程碑 - Yahoo奇摩股市,0.1
2023-05-29 07:00:00,0050,https://news.google.com/rss/articles/CBMi3QFodHRwczovL3R3LnN0b2NrLnlhaG9vLmNvbS9uZXdzLyVFNSU4OSVCNSVFNyVCNCU4MCVFOSU4QyU4NCVFRiVCQyU4MTAwNTAlRTglQTYlOEYlRTYlQTglQTElRTclQUElODElRTclQTAlQjQzMDAwJUU1JTg0JTg0JUU1JTg1JTgzJUU1JUE0JUE3JUU5JTk3JTlDLSVFNSU4OSVCNSVFOSU4MCVBMDU1MCVFNSU5MCVBQiVFNiU4MSVBRiVFNSVBMCVCMSVFOSU4NSVBQy0xMDI0NDcwOTAuaHRtbNIBAA?oc=5,Yahoo奇摩股市,0050／創紀錄！0050規模突破3000億元大關創造550%含息報酬 - Yahoo奇摩股市,0.0
2023-05-29 07:00:00,0050,https://news.google.com/rss/articles/CBMiiQJodHRwczovL3R3LnN0b2NrLnlhaG9vLmNvbS9uZXdzLyVFNSVCQSVBNiVFOCVCMyVBMDUwMCVFOCU5MCVBQy0lRTUlOTMlQjIlRTUlOTMlQjIlRTglODAlODElRTUlQjglQUItJUU5JTgzJUFEJUU1JTkzJUIyJUU2JUE2JUFFJUU1JTg3JUJBJUU2JUI4JTg1MDA1MC0lRTUlODAlOTIlRTglQjMlQkElRTUlOEQlODMlRTglOTAlQUMlRTUlODUlODMlRTUlOTglODYtJUU1JUJDJUI3JUU4JTgwJTg1JUU3JTlBJTg0JUU1JUFEJUE0JUU3JThEJUE4LTA4MTgyNjc1Mi5odG1s0gGRAmh0dHBzOi8vdHcuc3RvY2sueWFob28uY29tL2FtcGh0bWwvbmV3cy8lRTUlQkElQTYlRTglQjMlQTA1MDAlRTglOTAlQUMtJUU1JTkzJUIyJUU1JTkzJUIyJUU4JTgwJTgxJUU1JUI4JUFCLSVFOSU4MyVBRCVFNSU5MyVCMiVFNiVBNiVBRSVFNSU4NyVCQSVFNiVCOCU4NTAwNTAtJUU1JTgwJTkyJUU4JUIzJUJBJUU1JThEJTgzJUU4JTkwJUFDJUU1JTg1JTgzJUU1JTk4JTg2LSVFNSVCQyVCNyVFOCU4MCU4NSVFNyU5QSU4NCVFNSVBRCVBNCVFNyU4RCVBOC0wODE4MjY3NTIuaHRtbA?oc=5,Yahoo奇摩股市,一度賠500萬！「哲哲老師」郭哲榮出清0050 倒賺千萬元嘆：強者的孤獨 - Yahoo奇摩股市,0.0
2023-05-29 07:00:00,0050,https://news.google.com/rss/articles/CBMi3QFodHRwczovL3R3LnN0b2NrLnlhaG9vLmNvbS9uZXdzLyVFNSU4OSVCNSVFNyVCNCU4MCVFOSU4QyU4NCVFRiVCQyU4MTAwNTAlRTglQTYlOEYlRTYlQTglQTElRTclQUElODElRTclQTAlQjQzMDAwJUU1JTg0JTg0JUU1JTg1JTgzJUU1JUE0JUE3JUU5JTk3JTlDLSVFNSU4OSVCNSVFOSU4MCVBMDU1MCVFNSU5MCVBQiVFNiU4MSVBRiVFNSVBMCVCMSVFOSU4NSVBQy0xMDI0NDcwOTAuaHRtbNIB5QFodHRwczovL3R3LnN0b2NrLnlhaG9vLmNvbS9hbXBodG1sL25ld3MvJUU1JTg5JUI1JUU3JUI0JTgwJUU5JThDJTg0JUVGJUJDJTgxMDA1MCVFOCVBNiU4RiVFNiVBOCVBMSVFNyVBQSU4MSVFNyVBMCVCNDMwMDAlRTUlODQlODQlRTUlODUlODMlRTUlQTQlQTclRTklOTclOUMtJUU1JTg5JUI1JUU5JTgwJUEwNTUwJUU1JTkwJUFCJUU2JTgxJUFGJUU1JUEwJUIxJUU5JTg1JUFDLTEwMjQ0NzA5MC5odG1s?oc=5,Yahoo奇摩股市,創紀錄！0050規模突破3000億元大關 創造550%含息報酬 - Yahoo奇摩股市,0.0
2023-05-29 07:19:56,0050,https://news.google.com/rss/articles/CBMiqwFodHRwczovL3R3LnN0b2NrLnlhaG9vLmNvbS9uZXdzLyVFNSU4NSU4MyVFNSVBNCVBNyVFNSU4RiVCMCVFNyU4MSVBMzUwJUU2JUI3JUE4JUU4JUIzJTg3JUU3JTk0JUEyLSVFOCVBNiU4RiVFNiVBOCVBMSVFNSVCMCU4NyVFNyVBMCVCNDMwMDAlRTUlODQlODQlRTUlODUlODMtMDY0NzA2MjU2Lmh0bWzSAa0BaHR0cHM6Ly90dy5uZXdzLnlhaG9vLmNvbS9hbXBodG1sLyVFNSU4NSU4MyVFNSVBNCVBNyVFNSU4RiVCMCVFNyU4MSVBMzUwJUU2JUI3JUE4JUU4JUIzJTg3JUU3JTk0JUEyLSVFOCVBNiU4RiVFNiVBOCVBMSVFNSVCMCU4NyVFNyVBMCVCNDMwMDAlRTUlODQlODQlRTUlODUlODMtMDY0NzA2MjU2Lmh0bWw?oc=5,Yahoo奇摩股市,元大台灣50淨資產 規模將破3000億元 - Yahoo奇摩股市,0.0
2023-05-29 08:18:26,0050,https://news.google.com/rss/articles/CBMiiQJodHRwczovL3R3LnN0b2NrLnlhaG9vLmNvbS9uZXdzLyVFNSVCQSVBNiVFOCVCMyVBMDUwMCVFOCU5MCVBQy0lRTUlOTMlQjIlRTUlOTMlQjIlRTglODAlODElRTUlQjglQUItJUU5JTgzJUFEJUU1JTkzJUIyJUU2JUE2JUFFJUU1JTg3JUJBJUU2JUI4JTg1MDA1MC0lRTUlODAlOTIlRTglQjMlQkElRTUlOEQlODMlRTglOTAlQUMlRTUlODUlODMlRTUlOTglODYtJUU1JUJDJUI3JUU4JTgwJTg1JUU3JTlBJTg0JUU1JUFEJUE0JUU3JThEJUE4LTA4MTgyNjc1Mi5odG1s0gGLAmh0dHBzOi8vdHcubmV3cy55YWhvby5jb20vYW1waHRtbC8lRTUlQkElQTYlRTglQjMlQTA1MDAlRTglOTAlQUMtJUU1JTkzJUIyJUU1JTkzJUIyJUU4JTgwJTgxJUU1JUI4JUFCLSVFOSU4MyVBRCVFNSU5MyVCMiVFNiVBNiVBRSVFNSU4NyVCQSVFNiVCOCU4NTAwNTAtJUU1JTgwJTkyJUU4JUIzJUJBJUU1JThEJTgzJUU4JTkwJUFDJUU1JTg1JTgzJUU1JTk4JTg2LSVFNSVCQyVCNyVFOCU4MCU4NSVFNyU5QSU4NCVFNSVBRCVBNCVFNyU4RCVBOC0wODE4MjY3NTIuaHRtbA?oc=5,Yahoo奇摩股市,一度賠500萬！「哲哲老師」郭哲榮出清0050 倒賺千萬元嘆：強者的孤獨 - Yahoo奇摩股市,0.0
2023-05-29 08:56:37,0050,https://news.google.com/rss/articles/CBMiRGh0dHBzOi8vbW9uZXkudWRuLmNvbS9tb25leS9zdG9yeS81NjE4LzcxOTgzMzc_ZnJvbT1lZG5fbmV3ZXN0X2luZGV40gEyaHR0cHM6Ly9tb25leS51ZG4uY29tL21vbmV5L2FtcC9zdG9yeS81NjE4LzcxOTgzMzc?oc=5,經濟日報,"0050規模突破3,000億元！ 台灣基金全新里程碑 - 經濟日報",0.0
2023-05-29 10:24:47,0050,https://news.google.com/rss/articles/CBMi3QFodHRwczovL3R3LnN0b2NrLnlhaG9vLmNvbS9uZXdzLyVFNSU4OSVCNSVFNyVCNCU4MCVFOSU4QyU4NCVFRiVCQyU4MTAwNTAlRTglQTYlOEYlRTYlQTglQTElRTclQUElODElRTclQTAlQjQzMDAwJUU1JTg0JTg0JUU1JTg1JTgzJUU1JUE0JUE3JUU5JTk3JTlDLSVFNSU4OSVCNSVFOSU4MCVBMDU1MCVFNSU5MCVBQiVFNiU4MSVBRiVFNSVBMCVCMSVFOSU4NSVBQy0xMDI0NDcwOTAuaHRtbNIB5QFodHRwczovL3R3LnN0b2NrLnlhaG9vLmNvbS9hbXBodG1sL25ld3MvJUU1JTg5JUI1JUU3JUI0JTgwJUU5JThDJTg0JUVGJUJDJTgxMDA1MCVFOCVBNiU4RiVFNiVBOCVBMSVFNyVBQSU4MSVFNyVBMCVCNDMwMDAlRTUlODQlODQlRTUlODUlODMlRTUlQTQlQTclRTklOTclOUMtJUU1JTg5JUI1JUU5JTgwJUEwNTUwJUU1JTkwJUFCJUU2JTgxJUFGJUU1JUEwJUIxJUU5JTg1JUFDLTEwMjQ0NzA5MC5odG1s?oc=5,Yahoo奇摩股市,創紀錄！0050規模突破3000億元大關 創造550%含息報酬 - Yahoo奇摩股市,0.0
2023-05-29 10:28:14,0050,https://news.google.com/rss/articles/CBMi3QFodHRwczovL3R3LnN0b2NrLnlhaG9vLmNvbS9uZXdzLyVFNSU4OSVCNSVFNyVCNCU4MCVFOSU4QyU4NCVFRiVCQyU4MTAwNTAlRTglQTYlOEYlRTYlQTglQTElRTclQUElODElRTclQTAlQjQzMDAwJUU1JTg0JTg0JUU1JTg1JTgzJUU1JUE0JUE3JUU5JTk3JTlDLSVFNSU4OSVCNSVFOSU4MCVBMDU1MCVFNSU5MCVBQiVFNiU4MSVBRiVFNSVBMCVCMSVFOSU4NSVBQy0xMDI0NDcwOTAuaHRtbNIB5QFodHRwczovL3R3LnN0b2NrLnlhaG9vLmNvbS9hbXBodG1sL25ld3MvJUU1JTg5JUI1JUU3JUI0JTgwJUU5JThDJTg0JUVGJUJDJTgxMDA1MCVFOCVBNiU4RiVFNiVBOCVBMSVFNyVBQSU4MSVFNyVBMCVCNDMwMDAlRTUlODQlODQlRTUlODUlODMlRTUlQTQlQTclRTklOTclOUMtJUU1JTg5JUI1JUU5JTgwJUEwNTUwJUU1JTkwJUFCJUU2JTgxJUFGJUU1JUEwJUIxJUU5JTg1JUFDLTEwMjQ0NzA5MC5odG1s?oc=5,Yahoo奇摩股市,創紀錄！0050規模突破3000億元大關 創造550%含息報酬 - Yahoo奇摩股市,0.0
2023-05-29 13:09:06,0050,https://news.google.com/rss/articles/CBMixgFodHRwczovL3R3LnN0b2NrLnlhaG9vLmNvbS9uZXdzLyVFNSU4NSU4MyVFNSVBNCVBNyVFNSU4RiVCMCVFNyU4MSVBMzUwJUU4JUE2JThGJUU2JUE4JUExJUU3JUFBJTgxJUU3JUEwJUI0MzAwMCVFNSU4NCU4NC0lRTUlODklQjUlRTUlOUYlQkElRTklODclOTElRTYlOTYlQjAlRTklODclOEMlRTclQTglOEIlRTclQTIlOTEtMTMwOTA2NzU2Lmh0bWzSAc4BaHR0cHM6Ly90dy5zdG9jay55YWhvby5jb20vYW1waHRtbC9uZXdzLyVFNSU4NSU4MyVFNSVBNCVBNyVFNSU4RiVCMCVFNyU4MSVBMzUwJUU4JUE2JThGJUU2JUE4JUExJUU3JUFBJTgxJUU3JUEwJUI0MzAwMCVFNSU4NCU4NC0lRTUlODklQjUlRTUlOUYlQkElRTklODclOTElRTYlOTYlQjAlRTklODclOEMlRTclQTglOEIlRTclQTIlOTEtMTMwOTA2NzU2Lmh0bWw?oc=5,Yahoo奇摩股市,元大台灣50規模突破3000億 創基金新里程碑 - Yahoo奇摩股市,0.1
2023-05-29 13:25:36,0050,https://news.google.com/rss/articles/CBMiRGh0dHBzOi8vbW9uZXkudWRuLmNvbS9tb25leS9zdG9yeS81NjE4LzcxOTg4MjE_ZnJvbT1lZG5fbmV3ZXN0X2luZGV40gEA?oc=5,經濟日報,元大台灣50規模突破3000億創基金新里程碑| 基金天地| 理財| 經濟日報 - 經濟日報,0.0
2023-05-29 13:51:30,0050,https://news.google.com/rss/articles/CBMiwAFodHRwczovL3R3LnN0b2NrLnlhaG9vLmNvbS9uZXdzLzAwNTAlRTglQTYlOEYlRTYlQTglQTElRTclQUElODElRTclQTAlQjQzLTAwMCVFNSU4NCU4NCVFNSU4NSU4My0lRTUlOEYlQjAlRTclODElQTMlRTUlOUYlQkElRTklODclOTElRTUlODUlQTglRTYlOTYlQjAlRTklODclOEMlRTclQTglOEIlRTclQTIlOTEtMTM1MTMwNzI5Lmh0bWzSAcIBaHR0cHM6Ly90dy5uZXdzLnlhaG9vLmNvbS9hbXBodG1sLzAwNTAlRTglQTYlOEYlRTYlQTglQTElRTclQUElODElRTclQTAlQjQzLTAwMCVFNSU4NCU4NCVFNSU4NSU4My0lRTUlOEYlQjAlRTclODElQTMlRTUlOUYlQkElRTklODclOTElRTUlODUlQTglRTYlOTYlQjAlRTklODclOEMlRTclQTglOEIlRTclQTIlOTEtMTM1MTMwNzI5Lmh0bWw?oc=5,Yahoo奇摩股市,"0050規模突破3,000億元！ 台灣基金全新里程碑 - Yahoo奇摩股市",0.0
2023-05-29 19:02:23,0050,https://news.google.com/rss/articles/CBMiLWh0dHBzOi8vY3RlZS5jb20udHcvdW5jYXRlZ29yaXplZC84NzI3ODguaHRtbNIBAA?oc=5,工商時報,0050寫新頁規模突破3000億元 - 工商時報,0.0
2023-05-29 21:15:00,0050,https://news.google.com/rss/articles/CBMiKWh0dHBzOi8vY3RlZS5jb20udHcvbmV3cy9mdW5kLzg3Mjc4OC5odG1s0gEA?oc=5,工商時報,0050寫新頁規模突破3000億元 - 工商時報,0.0
2023-05-29 23:39:43,0050,https://news.google.com/rss/articles/CBMirgFodHRwczovL3R3LnN0b2NrLnlhaG9vLmNvbS9uZXdzLyVFNSU5MCU4NCVFNSVBMCVCMSVFOCVBNiU4MSVFOCU4MSU5RS0wMDUwJUU1JUFGJUFCJUU2JTk2JUIwJUU5JUEwJTgxLSVFOCVBNiU4RiVFNiVBOCVBMSVFNyVBQSU4MSVFNyVBMCVCNDMwMDAlRTUlODQlODQlRTUlODUlODMtMjMzOTQzOTE0Lmh0bWzSAbYBaHR0cHM6Ly90dy5zdG9jay55YWhvby5jb20vYW1waHRtbC9uZXdzLyVFNSU5MCU4NCVFNSVBMCVCMSVFOCVBNiU4MSVFOCU4MSU5RS0wMDUwJUU1JUFGJUFCJUU2JTk2JUIwJUU5JUEwJTgxLSVFOCVBNiU4RiVFNiVBOCVBMSVFNyVBQSU4MSVFNyVBMCVCNDMwMDAlRTUlODQlODQlRTUlODUlODMtMjMzOTQzOTE0Lmh0bWw?oc=5,Yahoo奇摩股市,《各報要聞》0050寫新頁 規模突破3000億元 - Yahoo奇摩股市,0.2
2023-05-30 07:00:00,0050,https://news.google.com/rss/articles/CBMiK2h0dHBzOi8vY3RlZS5jb20udHcvbmV3cy9zdG9ja3MvODczMjMzLmh0bWzSAQA?oc=5,工商時報,哲安基金贏了！郭哲榮出清0050 豪賺千萬 - 工商時報,0.2
2023-05-30 07:00:00,0050,https://news.google.com/rss/articles/CBMiKWh0dHBzOi8vY3RlZS5jb20udHcvbmV3cy9mdW5kLzg3Mjc4OC5odG1s0gEA?oc=5,工商時報,"0050寫新頁規模突破3,000億元 - 工商時報",0.0
2023-06-02 07:00:00,0050,https://news.google.com/rss/articles/CBMivwFodHRwczovL3R3LnN0b2NrLnlhaG9vLmNvbS9uZXdzLyVFNSU5MiU4QyVFNyVBMiVBOSVFNyVCNCU4RCVFNSU4NSVBNTAwNTAlRTYlODglOTAlRTUlODglODYlRTglODIlQTEtJUU5JTk1JUI3JUU2JUE2JUFFJUU4JUEyJUFCJUU1JTg5JTk0JUU1JTg3JUJBMDA1NiVFNiU4OCU5MCVFNSU4OCU4NiVFOCU4MiVBMS0xMDUzNDM4MTkuaHRtbNIBxwFodHRwczovL3R3LnN0b2NrLnlhaG9vLmNvbS9hbXBodG1sL25ld3MvJUU1JTkyJThDJUU3JUEyJUE5JUU3JUI0JThEJUU1JTg1JUE1MDA1MCVFNiU4OCU5MCVFNSU4OCU4NiVFOCU4MiVBMS0lRTklOTUlQjclRTYlQTYlQUUlRTglQTIlQUIlRTUlODklOTQlRTUlODclQkEwMDU2JUU2JTg4JTkwJUU1JTg4JTg2JUU4JTgyJUExLTEwNTM0MzgxOS5odG1s?oc=5,Yahoo奇摩股市,和碩納入0050成分股、長榮被剔出0056成分股 - Yahoo奇摩股市,0.1
2023-06-02 07:00:00,0050,https://news.google.com/rss/articles/CBMiLmh0dHBzOi8vbW9uZXkudWRuLmNvbS9tb25leS9zdG9yeS81NjE4LzcyMDg4ODHSAQA?oc=5,經濟日報,投資人看過來！0050、0056最新成分股大調整| 基金天地| 理財| 經濟 ... - 經濟日報,0.0
2023-06-02 07:00:00,0050,https://news.google.com/rss/articles/CBMiTmh0dHBzOi8vbW9uZXkudWRuLmNvbS9tb25leS9zdG9yeS81NjE4LzcyMDg4ODE_ZnJvbT1lZG5faG90ZXN0bGlzdF9zdG9yeWJvdHRvbdIBMmh0dHBzOi8vbW9uZXkudWRuLmNvbS9tb25leS9hbXAvc3RvcnkvNTYxOC83MjA4ODgx?oc=5,經濟日報,投資人看過來！0050、0056最新成分股大調整 - 經濟日報,0.0
2023-06-02 09:19:39,0050,https://news.google.com/rss/articles/CBMimQJodHRwczovL3R3LnN0b2NrLnlhaG9vLmNvbS9uZXdzLzAwNTAlRTYlODglOTAlRTclQUIlOEIlRTQlQkIlOTYlRTUlQjAlQjElRTUlODUlQTUlRTYlODklOEItMSVFNSVCQyVCNSVFNiVCMiU5MiVFOCVCMyVBMyVFOSU5QiVCNiVFNiU4OCU5MCVFNiU5QyVBQy0lRTglQTIlQUIlRTUlOTUlOEYlRTUlOEYlQjAlRTglODIlQTElRTUlODklQjUlRTklQUIlOTglRTklODIlODQlRTglODMlQkQlRTglQjIlQjctJUU2JTk1JTk5JUU1JTk0JUFGLSVFNSVCRiU4MyVFNiVCMyU5NS0wOTE5Mzk1NzQuaHRtbNIBoQJodHRwczovL3R3LnN0b2NrLnlhaG9vLmNvbS9hbXBodG1sL25ld3MvMDA1MCVFNiU4OCU5MCVFNyVBQiU4QiVFNCVCQiU5NiVFNSVCMCVCMSVFNSU4NSVBNSVFNiU4OSU4Qi0xJUU1JUJDJUI1JUU2JUIyJTkyJUU4JUIzJUEzJUU5JTlCJUI2JUU2JTg4JTkwJUU2JTlDJUFDLSVFOCVBMiVBQiVFNSU5NSU4RiVFNSU4RiVCMCVFOCU4MiVBMSVFNSU4OSVCNSVFOSVBQiU5OCVFOSU4MiU4NCVFOCU4MyVCRCVFOCVCMiVCNy0lRTYlOTUlOTklRTUlOTQlQUYtJUU1JUJGJTgzJUU2JUIzJTk1LTA5MTkzOTU3NC5odG1s?oc=5,Yahoo奇摩股市,0050成立他就入手「1張沒賣零成本」，被問台股創高還能買？教唯一心法：現在高點是未來低點 - Yahoo奇摩股市,0.0
2023-06-02 09:34:45,0050,https://news.google.com/rss/articles/CBMiLmh0dHBzOi8vbW9uZXkudWRuLmNvbS9tb25leS9zdG9yeS81NjE4LzcyMDg4ODHSATJodHRwczovL21vbmV5LnVkbi5jb20vbW9uZXkvYW1wL3N0b3J5LzU2MTgvNzIwODg4MQ?oc=5,經濟日報,投資人看過來！0050、0056最新成分股大調整 - 經濟日報,0.0
2023-06-02 09:37:19,0050,https://news.google.com/rss/articles/CBMiLmh0dHBzOi8vbW9uZXkudWRuLmNvbS9tb25leS9zdG9yeS81NjE4LzcyMDg4ODHSATJodHRwczovL21vbmV5LnVkbi5jb20vbW9uZXkvYW1wL3N0b3J5LzU2MTgvNzIwODg4MQ?oc=5,經濟日報,投資人看過來！0050、0056最新成分股大調整 - 經濟日報,0.0
2023-06-02 09:45:01,0050,https://news.google.com/rss/articles/CBMiTmh0dHBzOi8vbW9uZXkudWRuLmNvbS9tb25leS9zdG9yeS81NjE4LzcyMDg4ODE_ZnJvbT1lZG5faG90ZXN0bGlzdF9zdG9yeWJvdHRvbdIBMmh0dHBzOi8vbW9uZXkudWRuLmNvbS9tb25leS9hbXAvc3RvcnkvNTYxOC83MjA4ODgx?oc=5,經濟日報,投資人看過來！0050、0056最新成分股大調整 - 經濟日報,0.0
2023-06-02 09:47:44,0050,https://news.google.com/rss/articles/CBMiKWh0dHBzOi8vY3RlZS5jb20udHcvbmV3cy9mdW5kLzg3NTgwOS5odG1s0gEA?oc=5,工商時報,投資人看過來! 0050、0056成分股大換血 - 工商時報,0.0
2023-06-02 10:53:43,0050,https://news.google.com/rss/articles/CBMivwFodHRwczovL3R3LnN0b2NrLnlhaG9vLmNvbS9uZXdzLyVFNSU5MiU4QyVFNyVBMiVBOSVFNyVCNCU4RCVFNSU4NSVBNTAwNTAlRTYlODglOTAlRTUlODglODYlRTglODIlQTEtJUU5JTk1JUI3JUU2JUE2JUFFJUU4JUEyJUFCJUU1JTg5JTk0JUU1JTg3JUJBMDA1NiVFNiU4OCU5MCVFNSU4OCU4NiVFOCU4MiVBMS0xMDUzNDM4MTkuaHRtbNIBxwFodHRwczovL3R3LnN0b2NrLnlhaG9vLmNvbS9hbXBodG1sL25ld3MvJUU1JTkyJThDJUU3JUEyJUE5JUU3JUI0JThEJUU1JTg1JUE1MDA1MCVFNiU4OCU5MCVFNSU4OCU4NiVFOCU4MiVBMS0lRTklOTUlQjclRTYlQTYlQUUlRTglQTIlQUIlRTUlODklOTQlRTUlODclQkEwMDU2JUU2JTg4JTkwJUU1JTg4JTg2JUU4JTgyJUExLTEwNTM0MzgxOS5odG1s?oc=5,Yahoo奇摩股市,和碩納入0050成分股、長榮被剔出0056成分股 - Yahoo奇摩股市,0.1
2023-06-03 07:00:00,0050,https://news.google.com/rss/articles/CBMiLmh0dHBzOi8vbW9uZXkudWRuLmNvbS9tb25leS9zdG9yeS81NjE4LzcyMTA4MDTSATJodHRwczovL21vbmV5LnVkbi5jb20vbW9uZXkvYW1wL3N0b3J5LzU2MTgvNzIxMDgwNA?oc=5,經濟日報,元大台灣50 題材加持 - 經濟日報,0.3
2023-06-03 07:00:00,0050,https://news.google.com/rss/articles/CBMirwFodHRwczovL3R3LnN0b2NrLnlhaG9vLmNvbS9uZXdzLyVFNSU4RiVCMCVFNSU4QyU5NyVFOCU4MiVBMSVFNSVCOCU4Mi0wMDUwJUU2JTg4JTkwJUU1JTg4JTg2JUU4JTgyJUExJUU2JThGJTlCJUU4JUExJTgwLSVFNSU5MiU4QyVFNyVBMiVBOWluJUU3JTlGJUJEJUU1JThBJTlCb3V0LTA4MjE1MjU5Ny5odG1s0gG3AWh0dHBzOi8vdHcuc3RvY2sueWFob28uY29tL2FtcGh0bWwvbmV3cy8lRTUlOEYlQjAlRTUlOEMlOTclRTglODIlQTElRTUlQjglODItMDA1MCVFNiU4OCU5MCVFNSU4OCU4NiVFOCU4MiVBMSVFNiU4RiU5QiVFOCVBMSU4MC0lRTUlOTIlOEMlRTclQTIlQTlpbiVFNyU5RiVCRCVFNSU4QSU5Qm91dC0wODIxNTI1OTcuaHRtbA?oc=5,Yahoo奇摩股市,《台北股市》0050成分股換血 和碩in矽力out - Yahoo奇摩股市,0.2
2023-06-03 08:21:52,0050,https://news.google.com/rss/articles/CBMirwFodHRwczovL3R3LnN0b2NrLnlhaG9vLmNvbS9uZXdzLyVFNSU4RiVCMCVFNSU4QyU5NyVFOCU4MiVBMSVFNSVCOCU4Mi0wMDUwJUU2JTg4JTkwJUU1JTg4JTg2JUU4JTgyJUExJUU2JThGJTlCJUU4JUExJTgwLSVFNSU5MiU4QyVFNyVBMiVBOWluJUU3JTlGJUJEJUU1JThBJTlCb3V0LTA4MjE1MjU5Ny5odG1s0gG3AWh0dHBzOi8vdHcuc3RvY2sueWFob28uY29tL2FtcGh0bWwvbmV3cy8lRTUlOEYlQjAlRTUlOEMlOTclRTglODIlQTElRTUlQjglODItMDA1MCVFNiU4OCU5MCVFNSU4OCU4NiVFOCU4MiVBMSVFNiU4RiU5QiVFOCVBMSU4MC0lRTUlOTIlOEMlRTclQTIlQTlpbiVFNyU5RiVCRCVFNSU4QSU5Qm91dC0wODIxNTI1OTcuaHRtbA?oc=5,Yahoo奇摩股市,《台北股市》0050成分股換血 和碩in矽力out - Yahoo奇摩股市,0.2
2023-06-03 15:13:03,0050,https://news.google.com/rss/articles/CBMiLmh0dHBzOi8vbW9uZXkudWRuLmNvbS9tb25leS9zdG9yeS81NjE4LzcyMTA4MDTSATJodHRwczovL21vbmV5LnVkbi5jb20vbW9uZXkvYW1wL3N0b3J5LzU2MTgvNzIxMDgwNA?oc=5,經濟日報,元大台灣50 題材加持 - 經濟日報,0.3
2023-06-06 07:00:00,0050,https://news.google.com/rss/articles/CBMiL2h0dHBzOi8vbW9uZXkudWRuLmNvbS9tb25leS9zdG9yeS8xMjA0MC83MjE3Njk40gEzaHR0cHM6Ly9tb25leS51ZG4uY29tL21vbmV5L2FtcC9zdG9yeS8xMjA0MC83MjE3Njk4?oc=5,經濟日報,50正2能長期投資嗎？有機會贏過0050？ - 經濟日報,0.0
2023-06-06 16:05:07,0050,https://news.google.com/rss/articles/CBMiL2h0dHBzOi8vbW9uZXkudWRuLmNvbS9tb25leS9zdG9yeS8xMjA0MC83MjE3Njk40gEzaHR0cHM6Ly9tb25leS51ZG4uY29tL21vbmV5L2FtcC9zdG9yeS8xMjA0MC83MjE3Njk4?oc=5,經濟日報,50正2能長期投資嗎？有機會贏過0050？ - 經濟日報,0.0
2023-06-06 16:05:24,0050,https://news.google.com/rss/articles/CBMiRWh0dHBzOi8vbW9uZXkudWRuLmNvbS9tb25leS9zdG9yeS8xMjA0MC83MjE3Njk4P2Zyb209ZWRuX25ld2VzdF9pbmRleNIBM2h0dHBzOi8vbW9uZXkudWRuLmNvbS9tb25leS9hbXAvc3RvcnkvMTIwNDAvNzIxNzY5OA?oc=5,經濟日報,50正2可以長期投資嗎？有很大機率贏過0050？ - 經濟日報,0.0
