date,stock_id,link,source,title,sentiment_score
2025-01-27 08:16:00,0050,https://news.google.com/rss/articles/CBMigwNBVV95cUxOWUUwS0tWWWVBZDYtSVh5M1ZMRG5MM2tpNzAyTXdfUnZSTXRTRlNfR2R0THloRlM3dFRkaUs4UnpQbFUyUlRudGJSeHdwY1hkdFdVb2hWQUYtMFdCM1E0WlMxTEZDc3poUWw0Wkx6WXdoVE13cGs5a3I3aUoxUkJZbmhoVy1tYkpxNm1mNi1iWEVJOHJGNkw4U0wwSGpjZG5OeVNDSElXWDBqQUdISkRQZHFYZUtYZXlOY2NIZzN3N1VUc1pYb0JLbjhENkpDMUc0TjJMb1dXRG9PS3oxaXVhczBTZG1qSjZiQ1llUGtMd3pRVlNFVUtSTWxscFNoenlMR0tkQTVhekJQQTkxUUVSODJVaEZQMFZWeGY4YUxOUHAySDU2VE9hazhPMzMtSC16cFVkV3N6RFlvR3VteGFmaGRJRFhNTFNsbFlTMlk5MTBWdGtqbHZBNV81azN3aHliTEhIelZCeV9ORjRyOHlka3Q5bDlYSGVkRktFblNNY2NhY1k?oc=5,Yahoo奇摩股市,無腦投資大勝利！他「300萬全丟0050」1年狂賺186萬元：把時間留給家人 - Yahoo奇摩股市,0.0
2025-01-31 11:16:00,0050,https://news.google.com/rss/articles/CBMi1wFBVV95cUxNQVdRQkI0aXdaYi1EZERnWnpYQmVtcEZJX2o1QzRtWFgtUG1KSnJEbkU2YjBEeDY5N250d2lfanNXWnRNU25LQ2QzNnpxdXNXekVSbW1nU0F4M1BKVmdZd2Y5bXI2a0p3TlllTkRsVlhUVmxlaW1BNkRVc2JhSHEzamwwREN0dXY2cHhoUklMR2o4cWQzNFQ0RlZfd2hUcFExb3FFeEtraXl2SEpadXFvT2llQmRUbzB2UDFiak04a3JRdVppTi1GOS1Jb0tkVll4MHY5WmRSQQ?oc=5,Yahoo奇摩股市,大三生月買「0050+0056+債券」投資！眾見1地雷驚呼：要想清楚 - Yahoo奇摩股市,0.0
2025-02-03 07:00:43,0050,https://news.google.com/rss/articles/CBMiWkFVX3lxTE9hanZEMjQwdHlsLUpDNzI0TTFPa1A2WldDQ0xGVmkycGRHcUs1UlI0cWpEYU5yVURnaHp5ZV9OM3p0ZWd4YjJHMHNOOVA4cHVlNGlzVnJzUlJ6Z9IBX0FVX3lxTE5Ed05wSEM1aUFSMlRjX0FoR0txdkxGeUxQeXJlVXJNVjFfME9tc2NQVFczVjZEbVdvLWF0ZnNyYm1sM3puVmNFeGt0V1RYd0J0bTNmeHFUVTl3clBkeFBJ?oc=5,經濟日報,劉宗聖：元大台灣50挑戰國內首檔5000億元等級ETF - 經濟日報,0.0
2025-02-03 07:50:00,0050,https://news.google.com/rss/articles/CBMi4wJBVV95cUxPaU9lMUhtUEY0eFQ1UGltcTB0Zl9ZaFhHbXRDdzlLV2NPVXhUS3FQYV9NZnhYa1JqSlc3TmlEU01mbEVFOVJMTlZmRVcwSlR3dEx3cHItVjNKa2twai13NnFkZE16MnNjeEE1Zjc4LWhDQTFEY19jeVdBb3BVRUg5RUhJYzdtNVFZcXFqTEJDVGtMdEdLTW93UTVPUmZBUlN1OWVGaXlDeGZLazltNTBwcXV6a2ZVbjBsZUxGOVMtOFk2bDc4amFhOWNrb2RSYjhSU0lVUzdtWndUTm5MdGlfcTEtMlBJeDRxWnRhT3ZCaEpmRGpZS2hsZGxSZlJUbXR1VGxIeXhJVWlrODRJRG56cEZLcmNyZ2t5NDB0Rk1tTDhZQjlVZzhERTVXSk9tQ0hRaGZHcU1nVXM2OERkZkREcnhwdExCeHlrS3hqc2drR1ctZVRIVE9mN2RtSEtqeURISUZZ?oc=5,Yahoo奇摩股市,想躲股災0050還不夠！台股面臨3大衝擊 達人欽點「2大標的」 - Yahoo奇摩股市,-0.8
2025-02-03 08:05:50,0050,https://news.google.com/rss/articles/CBMi4wJBVV95cUxPaU9lMUhtUEY0eFQ1UGltcTB0Zl9ZaFhHbXRDdzlLV2NPVXhUS3FQYV9NZnhYa1JqSlc3TmlEU01mbEVFOVJMTlZmRVcwSlR3dEx3cHItVjNKa2twai13NnFkZE16MnNjeEE1Zjc4LWhDQTFEY19jeVdBb3BVRUg5RUhJYzdtNVFZcXFqTEJDVGtMdEdLTW93UTVPUmZBUlN1OWVGaXlDeGZLazltNTBwcXV6a2ZVbjBsZUxGOVMtOFk2bDc4amFhOWNrb2RSYjhSU0lVUzdtWndUTm5MdGlfcTEtMlBJeDRxWnRhT3ZCaEpmRGpZS2hsZGxSZlJUbXR1VGxIeXhJVWlrODRJRG56cEZLcmNyZ2t5NDB0Rk1tTDhZQjlVZzhERTVXSk9tQ0hRaGZHcU1nVXM2OERkZkREcnhwdExCeHlrS3hqc2drR1ctZVRIVE9mN2RtSEtqeURISUZZ?oc=5,Yahoo奇摩股市,想躲股災0050還不夠！台股面臨3大衝擊 達人欽點「2大標的」 - Yahoo奇摩股市,-0.8
2025-02-03 11:26:15,0050,https://news.google.com/rss/articles/CBMiT0FVX3lxTE82TzJibWx2eXg1cGk1WUhyVDZxM2xyWklaVEFaUFR5WXhUX3F5eUFCdFhfcmVNLVdhS21Fdk1DeGtxOEtFdTJWbUwyZUstNmM?oc=5,Anue鉅亨,0050開紅盤爆巨量 劉宗聖親曝費用率雙降原因 下一步啟動分割？ - Anue鉅亨,0.0
2025-02-03 11:52:41,0050,https://news.google.com/rss/articles/CBMihwNBVV95cUxOV2pCMzdnZXIwVlRMUHNoQi1QdWJyTTFabEZtZU9TZ0owOS1xZE1jWXBVcjVmVWRRcWtxeG5lOTRZS3ZIbFFsYjZUOVE0MmRUcUc5Y0R4YktQb0d2WUFEaUxyUmVjcGdXUlRzdlRLMVYteXp1RDJqZkM1UjQtemNtLWdPOVRPLUJIMUg0bmZJMW1xa29pSDA3bmZaNEw1bnlLTlBhQTlMWkQ4cllZa18ycVIwZDY1X2x4T0pER0hSZGszQzJNNUZXUmc4eUZQSkJuT1ZNVmg2Zml3ai1NbjVQRzVQbTU2QmZJREpoMFhhbnRzcFB2aGJwdkl1TXNWdEdnaDdncGhZSnVmdUVoQUZ4YW9KZ1pOSjBRREI5UElsMXpjeWdqTW5IQ0JrYUwwRjJEbmNLQUxKTngySUtOZVlrM3RpczF0NmNEcFotaVVHenNYVko4Mmw5dEtocHJxTGtBd1NqdEZ1Y2FvbjVoOEZneFd5VkpHMEhORmlCT0hRUkRpTHU1WFFj?oc=5,Yahoo奇摩股市,元大投信董座劉宗聖有信心！ 0050衝我國首檔「規模5千億ETF」 - Yahoo奇摩股市,0.0
2025-02-03 11:52:41,0050,https://news.google.com/rss/articles/CBMingNBVV95cUxQbzVQM3NWb1lLbmxzbV9KMld0d2FnTkljU0w4UDAxUUxZblRGT1RXQjZLLWpVQmRBcEVKZElFRVBtNVpzdU1EV3RqSVVldjdnVlpZWEI4UEhEVHhlakkyc1MyOVh1UFdHVlBNajRSQVhabEVqeXBNVEw1MzRTTU5QWXR1ZkJGN1l2NHQzU2JoYVR5bllhSFBsc3p1MVdFMnYtNHNwODZfMkRjdnF2TnY0b3Z6MnowemVrNThtaV9jTW0zNGt6VGRDLXVycWlqeHh4eUVsMmtJczluTldOUk9aLWh6Y2JQM0ZDS2VJWXlfejZIUklpRDNORVFsQ0s3UUJQM3BheXhEeS1nNXF2VGtMc2pGZTJON3hER3BMaHBIYVJVRDIyYzF0enpsaHk1bVk2MmItUUctbW1WeFljSlRXbGpZYkN2U2wydFFMcjQzSUJDTWlMcWpKVjBibjgtSDBub0ZPRVNOeDhscjRqRFRCdndmYi1sQ1QzS3hHS0tYSWFfM194VGh2eGFwM25wYUp2MkVEcFJPRVFZQktGaVE?oc=5,Yahoo奇摩股市,元大0050調降費率…投信董座劉宗聖看好「衝我國首檔規模5千億ETF」 - Yahoo奇摩股市,0.0
2025-02-03 15:13:08,0050,https://news.google.com/rss/articles/CBMiWkFVX3lxTE52TExReEFCbGFJNnBtWFRtY1A5OUZRaHBFalNsUFNzNTl1ZUhwYzY2Z3pMRGxfNkx4TzFveTVlVVB1U2ZLMHhvSEVsWHZuT29jRmNqczBTWUV2QdIBX0FVX3lxTFBfcnBQR0g3SFBxU0JSR3ZuV1lkSHdVcjh4MFdWV0VEOG9iRlFxYmpaMm5uQzBySThKdV8yNHh6ci1BZnhLbi1KRkhGemlpS1l1emhqVzJYZVNSTDNKOERF?oc=5,經濟日報,0050費用降 助長線釣大魚 - 經濟日報,0.0
2025-02-04 03:46:42,0050,https://news.google.com/rss/articles/CBMi6gJBVV95cUxPWEhnM3VRUVE3TnlTZ3lMOWlDSnlGM0pZMF9kMnFIQXFYdUZCcjI3NFkteVV4NWtOZnhrcWx0dGpOaHRQYzVWR3JuZ21VZ2NOSEc2MVgyVkE1eDREanVPNE1YMXRhVk5VSnNFQTgzM3UwdEZwWmo0eDJvSUptRTMyVjR4UzFFUHUzRG5uOGpURVpQaEJYejVXTE1la1VETUtGbzhmMldnWVpEZFlvSExZTnZBOVhsM2RCVE41azZ4UzZoNFhOVk9ELUw0NmlXNG9mTWowV0ROS2c0S1pFbVU2Y3hnME5taU9UVTgyR0pQaVp3dmVJMzJiaE9NVUU1Rm9TTkhJS204UElkcjl3R2FwTzJZYTZiV1NjeTZiNHdYbkJpOGM2MHprTEtrTGRpSnZGZTE2elM0MXZWa2ZjaWx2c3U4Q2FxelpkbnFXQVZ3UFZGR1dpZmRtYUZLc0pCM0xrNzVSOHJLMW9NZw?oc=5,Yahoo奇摩股市,投資理財年輕化！學生想月投2.5萬進股市考慮0050、0056 網分析「這樣分配較穩」 - Yahoo奇摩股市,0.0
2025-02-04 07:20:00,0050,https://news.google.com/rss/articles/CBMiX0FVX3lxTE5mbjhkSnZkMkVnX00weTVFNVZDYVBZaFQtY1VIeU5jNlBTRjBGM21iWHlCZlJFcVZad3JLeWxIQ1Btb01rdnZhb3duaU0tYWZ0OFVrU2x4LUpwanZXcFpB?oc=5,工商時報,0050傳「啟動分割」 存股006208該換？陳重銘老實說- 理財 - 工商時報,0.0
2025-02-04 10:30:00,0050,https://news.google.com/rss/articles/CBMi7wJBVV95cUxOdFFYWFNVSHlieWlvSUpxMlZPM2VseGJWNDBtaEY5QVE0X0dWY0VRd0pyaFcxX0N2d19QZXdtUXRvMHhqeEVCc1FRZGdTWmwyT0FkSXpITUZqLWVZamtOU18wVGVVOW9ldXk3bHVXZ25vQnh3T0pKYlAzVTJGY1BjSFdTVkVnREFBUGU2d1NabjFsZnByQm45Y1ZjbV9URkxhU0FmLVR4TjRURzdGMGRQTlMzQU5FRVprN0duc0J6Y0RCQzVSOV9tQkVlZ3V6eDdhbFpabk41Rm9Va2V5Q2pmQVQyZWNET2NaMjRJYmtuLWJITERobm5mMUthdHNDdkl1bUk5M3M4YzViS2h5dlpSekRqemVYbE5LUGEtbW5BUF9SeXVWb1g0TzFpZ2xvbjhZdkdiRHV3Z0lxWmtGbFc4S0ZQdmd1NnpuYlJfY01rSW5nRDFZdWFJdUwxNkt5MHgwWlJ0dGo5OVBRRS1KRE5B?oc=5,Yahoo奇摩股市,0050分割有望？外資2天提款57億 00878降息遭砍1.6萬張還是輸「這檔」 - Yahoo奇摩股市,-0.8
2025-02-04 17:29:49,0050,https://news.google.com/rss/articles/CBMiWkFVX3lxTFBENkkybDRLYjR1VW93TzJrV2JBM3gwX0cwcWZacTNYMDZOTkpRSzhoeUtJUnU4OE1LSmZKX2lZeVVfTjVyNGhxNllybEpZUV9TMmRtQVZDZkJkd9IBX0FVX3lxTFBZVC10eXVFVjJvMDBZckx3SUFqdHpkLWEyODk5eEhhanhERVpHOWx0S1djYmxtU1BjZXBTcFhSWUQ1T3VFdmR6S3ZUR3hWTEkxWjVKUHRtcUdzSThaN0NZ?oc=5,經濟日報,0050看見分割跡象 - 經濟日報,0.0
2025-02-05 04:42:43,0050,https://news.google.com/rss/articles/CBMimwJBVV95cUxQRDhRZFdRZGk1WFVvUjhjMkxiR0hycHNrVTBJV24zcC02b2piRDZKZmJPWjB3UGNucEtpaDZnT2xjQkVUc0lwb3BlVEhPaTRMM3ZBVzRzRE45U0NJU3NqSWdzRG5wbHI5SGNjVFBCOTlQdXdYMjFsaWxZU0NTV2pNRkR2Y0NUNEcxVl9rRHNxbUQyU00zMV92ZXNYdUdNZ3NnOVAzS1plMEhoWTZNNzNVcXdkMmtRWGE1U0w4ams1cTdDVVBOM0FfMlJfZmFhbEV4SGlrTXRIVEhvdm9TaVBLcFB0NEhOa2pOSDVOaUpTeVBaU3cyTXBld0MtRkVDZEN5ZWVRUUZCUm9HNTdVSlQtbF9QV0tmcklISXBZ?oc=5,Yahoo奇摩股市,市值型VS高股息ETF大戰「哪個贏」？專家曝「0050、00915、00713」報酬率比較 - Yahoo奇摩股市,0.0
2025-02-06 04:58:32,0050,https://news.google.com/rss/articles/CBMiwgNBVV95cUxQczIxSTQ0VDZhRGJsS0ZDUlFzSndHSHVoVG9rMVc4MWI1SzFsWEp3VGF6bEhUZzR5Ulg4Z1J1NjA3Y1cyZk1ZM1dTT2VKdzVoa2FJbVpYNWU2MnR5QmlZdVI3NU1YamZObVotTFdFWmhWdGxQME1JT2I0RjhBSktlTzZTZ2xHUWNBYVhnNWNkRlljdVhDOXVzMGIzVVR0TFR5TnJFdHFmOHhCWnZPS2NlWE9JUlV3dW84R2xzSFZhYVBEak0ydXpiQjhkRWJreDhTRTBmOE1pb3dxMExYQVM2eWI4X3ZlSlVPUVJrTHpRbW9JdHpsdmhiXzRKaGNsdFppSDhPN0FLUUNjV2h1T2JtNThhdEd1ci11c2lqRllxZGJPdDJIOEZHekVCNjg5blhaUVNkQThrbDN0UU5kM0JNcjZGd3pFUVFCVVdnMDZ2WGE3b2lPeXJxYi1pc0NZNHpqdlk5VUZhMlNRcmdfYUhQNzBfLVR4MjNnblg0OUxDQ3g5Mk1EeXdhQmRLazU2d0JPb3RBd3FCRExyRVhqNVdhemwxOXE3U0pkTERheUprWjgxZGllVWxfTEdOV25YY0ZBTkE?oc=5,Yahoo奇摩股市,台股績效比美股好？他猶豫是否單壓0050 股民直言：對台灣有信心應投「這檔」 - Yahoo奇摩股市,0.3
2025-02-06 19:00:00,0050,https://news.google.com/rss/articles/CBMiX0FVX3lxTE5MZmRRRTRab0dtM2hRaGFLMFBJNkxNNGEyQWVGTl85dTd2bnJkOHFacDJTNW81TWl6ekdyV1JjeXp5TUw5RWZKaXc2bjZtdEowc1BoeUNUNHczTTBldFhN?oc=5,工商時報,嫌0050、006208太貴？3檔市值型台股ETF Q1開募- 日報 - 工商時報,0.0
2025-02-08 08:40:00,0050,https://news.google.com/rss/articles/CBMi0wJBVV95cUxORDZmY1BTWmlOU25sRVFueGNfUHNLUWRBQ3R4eG5wTDB2VUdrR0Z3Zkg2VElOaVR4Vld4QU5zVlFvVDZ0QmN0OTRVQ1lYMEpFTGZhSUVHRXZqMnhRWXIwNktiYXdMOUtpdFpRcndLdlV2WkhZS2VZN0xxeWc0UHBBaGszRmpZVzVYQ2J1T1pNbDVlS1JPNENpaF9JM0d1Zko1MXpvcWVVU1RMSnZ0WVhSdEl4b3RXRWRoVzdqTjhkZklqaTdvN2RuOXVuWTZxd280dHNjNnE0RlhKUEZtUlFyb0l4RHdnZ0tGMzNlUWpOSXJ6VXVmRWVWUEVKWF9URld3ajZLa0VHejU5bTBLaFdfVDA4VkNKZFRZWks1QTFBelV5RTIxUktaYUczUXZndmozdXd3NkxmY1ZlaU9hUC15ZmROaFZxWnpzVXkwT25oVUZBZ0E?oc=5,Yahoo奇摩股市,該出清正二轉買0050？ 網揭操作策略：有川普在會很強 - Yahoo奇摩股市,0.2
2025-02-08 10:30:00,0050,https://news.google.com/rss/articles/CBMi5gJBVV95cUxNci04dFhnblF5aXczbEZkanlTZmhLVzNMOXNNM2psdzRFNzFLTWNNUmZMSVBvYnBiWjVlYWlkUTNEV3JhWmdSTEFka1VWTDJDOEV5NXRha3U3eGpMZnoxenVkbl9UalRDSVdrZVR5Z2lYaF8yY2xTaTdyMlR0cW9TYlZQYk83VVBrci03TFlvTURSV3VzbVQwb3NiTl9jc29vc2o4U3M0NG9nUGtOdGhtS2J1OXdyS0t6R0Y2MXVpd3UweFBJOHQ2cDJFaGlhMkFEcXFJbDNIZmVUcTJsMGF2TWNqZThtWWtwR0UtSlZjZnZLZTNUc3NLT1NoZzdBclRpM2F4OW1jUzFpM3ZnUzNLTDF5X01KRkE1RHp2VXJoZWxDM3ZGWFJ6X09rVHNFQjktajNxV1ZZamFLdENaSGN1MFZucE9vbzRuOWtWRmJ0MlBTelZweTF6VHdqUlF3dVNGamlpVzBn?oc=5,Yahoo奇摩股市,0050未來將無缺點？樂觀連4漲遭外資「狠狠結帳」 週拋3.6萬張 - Yahoo奇摩股市,-0.5
2025-02-08 16:45:16,0050,https://news.google.com/rss/articles/CBMiWkFVX3lxTFBHSGZpWmE0Y2VXSUhESEFTYkxNZTNUMnFyaHZ6bmFudVdJOUVtRzltRFRWQklSSVhPNG04dGpwUm1fS3RGSi1XUTZRZFJfV1gxUHJqTWZtU05Pd9IBX0FVX3lxTE83YWVXNVo3WDRDTVhNbHJEcXd4M0VkbXdXMC1wUG5kcFZma3hQYXhZRHdXclptUWVHMFB2N3JMYnRzTkJSUTdqdUFiampvSmZPSXl0cVFrMzN4Zmg3Tjg0?oc=5,經濟日報,元大台灣50 分批布局 - 經濟日報,0.0
2025-02-10 07:07:28,0050,https://news.google.com/rss/articles/CBMiT0FVX3lxTE4tUzcyTzhESUtoekZoa2tqbHpwSFlqMVBHMS1BWldrbUxoa3dvSDE4VVlkaGVuU1h3em11bzlPenA3aDFzaDR4WUxDOUE2Ymc?oc=5,Anue鉅亨,勝過台積電、鴻海！0050單周受益人大增4.3萬 改寫市值型ETF新高 - Anue鉅亨,0.0
2025-02-10 07:50:00,0050,https://news.google.com/rss/articles/CBMikwNBVV95cUxNWUYyWUV2LS0wajVTSkxNV05UMzItMTQxR1o0TWxZMGRodFkyb0V1cTdaSWNwQTJXWTdYNHRJYkUzOGJKNVd1S2dkWkZORjZ3dE52X3laQjg3RGd5bzAzeldqTy1VTzJqMi16OElWSHFKWWRReXdzNVdNOENxRlVxOUMyUG1hamZ0MHJZMzVWRXdocjZOV0VyZFRhczd6TkFxdU9WLTJmRDhWSV95UVVLZlB6VDdaajBkU1FlX3puVUtqRlNMUFdESTBnVzZXdVAwM24wanBPVUxPdng4VGpTVE56N1FhWUttYzdnSjJhVHhwUnpsVnRGdENmZmJobUpMRXAwTnBVLU02Z083OWhfS2xYZG1mOXhZc1EwSEhHbFB0XzhZOURaVU5SS2x4NHhNM1YzV1lGYXdtc0w3Rjl2YlNaZEVlNDdGX3YzNjV2WEt1TW1SdWczMXR6MFRCYm1veDBOcGlFTWRLbHJNdk5idUwxdnhTZXMzQ1VLT0t6MHlpMDJYX3ExLVl6UXVkRkw4VFZr?oc=5,Yahoo奇摩股市,單週爆增4萬股民！0050降費後受益人數創新高 「這2檔」資金血流不止 - Yahoo奇摩股市,0.3
2025-02-10 07:58:00,0050,https://news.google.com/rss/articles/CBMiX0FVX3lxTE9WdmQ3QWVhMUdWRnZRSkdrUDRKb3VaejR0X0piWWVhM1hDTmx5MGtYYmxSNGtta20wWm5MOGx5NXN1RllTcnN0Snh1WFNxVGxBQ3dDbzktWTJZbExhMEVj?oc=5,工商時報,開春首周 股民湧進0050、台積電 - 工商時報,0.2
2025-02-10 08:30:00,0050,https://news.google.com/rss/articles/CBMi6wNBVV95cUxOc3FQNTczTGtSRGtETTQtWmZnSmowT0U3ZWQyWWZ4eDZXV0E0SXpQeVF5X2dmcWhza0sxMmNlSy1YWTNKZXlDZUpCd0dQM2cteVR6eUhMbjh5TlBwSmYxZGJidUlTSXlPeWpoYUQ1R0hIakZhRVVwbEUta2lNc3Bvcl9XWFVlVEd3UHQ3YUtBSVlmQjRNOFhCdDB3N1JJemZUNVJJUG02cExfNHVNUWIxNWVEUlRFY00tZGo3SWZIRHZoUncxQTlRTXNqUlRjWXpzTkxyaWo2dWtZTVUwVXRFelZJcUZqZDJrc2FoUjU5a1Q3QUJGY3dod2FtUWRDUEp1OXdOVXEwT3gxRUctZVREREwxUkVxNGQ5a3NTSjBRaXVKLXlBSU01QUtNSWZCUFBVcjV2cnVoS21YZGtYTTd2cktTSWNXTVNYbTltcnJwcGhNSXBqT0xwT1NNNkRQWVB6T2d6bkRreUk2NnNFUEhwRFVQR2FnZkRsTjY0R1V6dDUwSGRnNlhWN1ZkeS1YemtkSW5icDBlWkxENzdONUNXTk5SZDVkYnFLNy1ybVl3YzBidkQ1WkltR3JjbUNhMHp5Tm5oTGVuMmhja0VDSzU3elZmdUF3U3FyZTEyb2ZIVjlOc2hHU1NzbnY1VQ?oc=5,Yahoo奇摩股市,會變心的ETF比個股好？他勸散戶買0050不如抱台積電 內行人點「1關鍵」：小心風水輪流傳 - Yahoo奇摩股市,0.0
2025-02-10 08:59:22,0050,https://news.google.com/rss/articles/CBMirwJBVV95cUxPb0x0NE9RVVJQQ0szOGFuZDB1UXk1SVp0UjU0UjF2UXdWc204aC0wa3RfbzJUS2F6cHpFa2cwaXdnMkxTUHpsOXFZM3p0alJqcUxsY1h2bFFFNXFpVmdwc25TRkNjZU1HY1lWb1pMcWlwb1VlNndZTmZCdjRFckJpb01HeC1ETDJtbnhlZjV4SE5PM052Tm9TSC02MGF5WG1UUmlnd3pPNXRoc1FjM0ZSclpTM0hQVl8xVmxHOGtYVWdDRS1lYUJvZmtvaWF6dUUzTVR2U00xY0hVZWxUX2MzbmdfM1pNa1ZSeVpySWZkcEhxN2lfQllHdTJ5UTR3cTRaU2VvbGFTY2VrQTVCSjhkOENLeFNQMHZRWVZWcVgtelhvUGxFX0ZYY0Zld2ZsNU0?oc=5,Yahoo奇摩股市,年終加碼股民最愛誰？0050輾壓006208...00878僅居第六 - Yahoo奇摩股市,0.3
2025-02-10 19:02:39,0050,https://news.google.com/rss/articles/CBMiWkFVX3lxTE9MQkJ4bDFTQV9KQi1TZ1ZqSjYzRlkzWWxtSXRfbFp6cUROZ0FUQTQyZnJrRnN1ZjA2UVZpeDJfUkxYOEhrTERmYW1FWW15c0JhQVoyZUNINVM4d9IBX0FVX3lxTFAtRnJnU1cxWW1WQkJtdWFmcmhJZVVFaFExeGwzUlBGaF92X1hCRG05S0EyUFlLZFg5NlRlN3ZpMlFjT2F6NGxwMmV3WnFzUWoxQXJLVDhTQmdSdVdrNFFB?oc=5,經濟日報,0050受益人數 衝上第八 - 經濟日報,0.0
2025-02-10 19:02:39,0050,https://news.google.com/rss/articles/CBMiggFBVV95cUxQRGx6Z1R0NjR4NFVISEdHVHVhOVZyNTZieFZxS0lxQkhtREhEZnV1RkJZb0FUUmlmMEFxakJWNE1LTzFoVTRMaWtoZEpZblc1TVJZWFBVbk5hclI1cjJyV0s5bnFXWXMtMlNJeEd0cWhpZTNpTzBPX3FxYXFpTGtMR0dB?oc=5,經濟日報,0050受益人數 衝上第八 | 基金天地 | 理財 - 經濟日報,0.0
2025-02-11 04:51:27,0050,https://news.google.com/rss/articles/CBMikANBVV95cUxQV3Y5U25NTVA0OG05NUIxdVB1QTFXNzMwX2o4YWNOaEVXbEIyZFNsVTRKYnp5c2JqODRhMmZySTRNTlBUVDY1Wk1QWk9haHNaMjc4Yk5PX3NjeTB4cjNjREN5NF9CMGhaeDZEN19Ja0dONnZtOTZNQVhfeGk1U2p5cmx0YWdjYjBpaE12MGkzYTROY3JoMkZ1UldzLUhUYVhRREVaMnlhVXNNSWpGMU11YlNLVWZiNnM5YmVnSkFKOFppWmstX2ZqczEyQjFYelVOal84TE1WRGlOb0NhRkVzeFBDTTFVLXBPNXZHb2ZpOGplZUlHemF4dUplRXlWMzVsMy12aWtjSXlnaXZ0amVkbXdsMGcxSml4RG1kQllvcVFfMW1Dc0hkSXpnZzlsc3RYT3RVbFdLaFFnODExVktmTGU1VDdjNmNFQVFfNnhFOGx3YkpMbnp3UmVnZ2s5MWZtQ0IzX2FOWWR5bFhoZldzb2VnZWlLblU0ZjJZTVBJU3BlQ0pJajQxaHZHVTFJaUNL?oc=5,Yahoo奇摩股市,大學生存款48萬「現金太多」！已入手0050、006208 煩惱如何投資平衡現金流 - Yahoo奇摩股市,0.0
2025-02-11 05:20:00,0050,https://news.google.com/rss/articles/CBMipgJBVV95cUxNMEVma0xEdE5LbThFSENrSno5NW9pQVhGeUpuNjBULWdUSUFDM1dLUnh1dUlDX01XaHBicGlUSmo3bUlpZ2R3WU1fNFlNbHlwT3lqNG5aTE1OcEozaWlLTlNlSURFZjZ0UDFXamZJWUpkTGRuWlpTa0ZWNWpSeEF0di1aVzBsU0hORkdsRzFJdzBCeVpUWk1UaGxQNFIzdXpUZ0VsSzhvaDNsdFlrVzE0MTRqYWhGRWJpaGt3MjFCdlhlT084U0wzZXE5Ui1uVXdYMGdZcnlVWUtzMzFZZnVNSlV0Q2F1NEF5bkZBSkJkVTc3UGM2eDY1cXJVUFVLaTZsTUdsOU9WRmI0NW05S1NBYmtrdzBqMEdReGNRWlBHai1wV1NrTkE?oc=5,Yahoo奇摩股市,ETF挑選大戰開打「0050、006208」手續費比拚 網友神回：用手續費說話 - Yahoo奇摩股市,0.0
2025-02-11 05:39:03,0050,https://news.google.com/rss/articles/CBMipgJBVV95cUxNMEVma0xEdE5LbThFSENrSno5NW9pQVhGeUpuNjBULWdUSUFDM1dLUnh1dUlDX01XaHBicGlUSmo3bUlpZ2R3WU1fNFlNbHlwT3lqNG5aTE1OcEozaWlLTlNlSURFZjZ0UDFXamZJWUpkTGRuWlpTa0ZWNWpSeEF0di1aVzBsU0hORkdsRzFJdzBCeVpUWk1UaGxQNFIzdXpUZ0VsSzhvaDNsdFlrVzE0MTRqYWhGRWJpaGt3MjFCdlhlT084U0wzZXE5Ui1uVXdYMGdZcnlVWUtzMzFZZnVNSlV0Q2F1NEF5bkZBSkJkVTc3UGM2eDY1cXJVUFVLaTZsTUdsOU9WRmI0NW05S1NBYmtrdzBqMEdReGNRWlBHai1wV1NrTkE?oc=5,Yahoo奇摩股市,ETF挑選大戰開打「0050、006208」手續費比拚 網友神回：用手續費說話 - Yahoo奇摩股市,0.0
2025-02-12 09:00:00,0050,https://news.google.com/rss/articles/CBMioAJBVV95cUxNeUtYei00cUdBZ0I1NF9NaXVzRzZINXdUTGg4X2V0bm5iNzZoLTNJejNhSF96MjA3ZWJXVzJfT0xmQnhzS3Z2TTkyMTJ6c2NITlZuWDh5V3ltVVJGVWJSOElKa1NlNjZOcmpFNVNqTGcyNXROS203dHQtWnVsbzNPenBsaDY4ZExNblVvOTlJWWRqWEROZ3d0aHVwWnhUX3ZqSzNrMUxNUW1jR2RlSWctam5iSUFwWmJNTy1CRXZsbGtaUnlmWjdPdzFXOFk1OHFuQ2gxeWtwWXJCUi1OUjc1ZzlSbV9yaGpTSEdmN0pxYXgwNF9UNlB2eFlLTU1OZ1FRZE5uV0Z5bS10cnhXdExGMWJoSTRxLXNLU2FPSENXMjg?oc=5,Yahoo奇摩股市,他好奇0050、00878哪一檔值得歐印？股民力推「這檔」：可以無腦買 - Yahoo奇摩股市,0.0
2025-02-14 03:05:00,0050,https://news.google.com/rss/articles/CBMiX0FVX3lxTE4zU2pId0lzNmtTWVNzY3V6S0RQWEtKZFhZNVljRUI1V0p4Z1FMWVFVLUdWaG1pTy13c3hkUDg5ZlpuVzNRbmZpOFZrZUxGaWdvMFhyTlRhNG00eF9yV29R?oc=5,工商時報,0050、006208…市值ETF選擇有困難？法人直指「關鍵看雙率」 - 工商時報,0.0
2025-02-14 04:05:18,0050,https://news.google.com/rss/articles/CBMi3AJBVV95cUxOVXVJQ1hqRnUzTWpwU3lYYjhKcnh6TGYtNUl6SzYxWnRJVk1iM2dfN3hfUmVraFBPRnVNTUVPWDdFeHo3cm1KenNXOTdnWEtibHl3a3lGOFhHNERINFB0YUpnTWZQM3NGbjJlUHVYYXZpNGFXeFlQODdFbkJwTE1iXzh3czQzeGRkamhFSVdfZkNyUXdVSjJ3cmxQRVNSTXMxT2hWOFo5UUEwQWE4WmZEdUxaUTdJSHgzVUVpaU0wOEt6OXRqSHQtdFJNdWtyVUVfM2NyQTdfdlBGazFBVlUwenducGJjNDNMVGlkSTQ4Ny1vanFpSjYwOUNSQ1NWYTVLdF9GZXlLUGFNcE1lcm1xVEdKOHpmMDdHdnlncUtOWFZKcS1BRWFrZTcwNFZhcGxGQ0ZySkVGd1JIWG1OcU1obWpMS2Fidk5uTDNYaWN4WXZkSnNpTHZkY2tHc3g?oc=5,Yahoo奇摩股市,沒台積電「差很多」！專家曝0050完勝00878有原因 示警：「這類人」先別進場 - Yahoo奇摩股市,0.0
2025-02-14 08:04:00,0050,https://news.google.com/rss/articles/CBMivAJBVV95cUxNcWlOXzhZb1MzOTI2a2xhRHdNeFlBaW9DdkxST054ZFR5ZkNzM0VELW5BNGFCeUNjVmhZeFRWMG9kVTBFcFpfOHlkRDVuWDN3TEhZTXpKQTZDWXQtVGdDa3Robi1hVHI4cTU3aldyNzdZRW9Gdy0wNjZNYmNTRGZJY08wclowMl9JOWVzUjBPZmJoOG1FSTIxejFhbHU2NlNIS0hobW1lamswWXhvUElHU3VKTjFJaHhrMklFemJzcEhLLTF6YU5EY0FaWDI1cFR2T0U1bGNmajdOQkFaSmpNLW1XcVV4US1TSzFnam95UzhJdWtVZnJxUDFPbzNlVU9wRkg4aV9fSUhtRVNYVHdmbHU3TDdTQlRKMkR1b1A3UWkxXzVsemdjU3BWa3JmOWMxZDdJbmM0T3ZfQndK?oc=5,Yahoo奇摩股市,買0050不如抱台積電？ 專家點出1原因：風水輪流轉 - Yahoo奇摩股市,0.0
2025-02-14 08:30:00,0050,https://news.google.com/rss/articles/CBMingNBVV95cUxPVmJZblF3Rm5MaTV5emwyeXU2X2JLbC0tVW95RzFlRlZFLWFEUnRhTWEzZFNPZnNWc0dfTDRCWEI1TzZOQUlMTXZvdHFXd3h0dUVRcHJtbklrVTVoeGRJVVctWEpESUpUcjFrc3g4NVNfeHZlb0tRWTB2alV1UnRyNUxjQVdwWmdKT2RZTndGY1V4UFZtVXJrYzZmMVJIeUJFRy05b0EwbnJ4S2plVVZkVS1HX2U4TnpDWXY4WHF5c05wX1F3S2hFOTNZVTk1OWkyajY5U3pKZzhDY3AwQm8wc1FLLWxsN3ZfR24weUI0N3N0Y0JGb3YzQlFEV0dLSkxhLUxnenl5QjEyaTRsekxQYkZkZEpQWkR4b1N4ZW9jY2lSMzhKaEhmU3dWY3E3dV9oTXVuYldiWVdURFpwWjJrYzltUWI5MnlDMFQ4bHV2S25JT2Rldk9MdWpvT2FrZHVRaVFiUkJYUkpadURWdklpSHdqMzBDSDZ0cUtSZHI1ZWJ5ZEg1RkthQVFRT1YtZGItWGV6UTJDSXlKSXBpTHc?oc=5,Yahoo奇摩股市,0050 VS. 00757誰穩？網友票選「地表最強市值型ETF」...最猛股價連4天飆天價 - Yahoo奇摩股市,0.0
2025-02-14 08:32:00,0050,https://news.google.com/rss/articles/CBMisgJBVV95cUxNajN1UmpBbU1CWXJ5QjFUV0w3Slc4QjFJVUJoUEhfSlVKSjNzQk5Wdm55eTFZSlp1MDVpaGUzdmFWcGM3S0Y0QW9GVFVtck1DQzlPbjFaQXRIYzFxR0hVc1lGUUpXNnQ0N3ZLNDl3NDczX1V4Z3dCR2xyYmQtaXl6OGo5cmNyNW9lWldua1FqVnItQWVtb1hIdVlmaFpOYmw1T18xOGh0WFZnRGNacE11c2pxYjA1MVNfcF9lRGVXVTdSYUhEN3NaUlNIUi1LWmREWXdXamtIS2gtZFVTaTAxSC1hbGdIb20xcVpBdzdXWjNrakFzalU4bWxqRm1meGNKTFUxUWdWSVRJeGJXcHU5YWZYbW4zUUdfYjdhQzRHdHZtM3R2RUJXVl90V0h1VGtwSVE?oc=5,Yahoo奇摩股市,2025年1月定期定額排行，全數退燒，006208首度超越0050 - Yahoo奇摩股市,-0.2
2025-02-14 23:15:00,0050,https://news.google.com/rss/articles/CBMi9AJBVV95cUxNZVJCekZuSmhLcnVfWEZHT0o4TGxPcTRJRk54TE5CcFQ0MlBDSWtCU1hoWEFsdDE3V0tDWmM0enNFNUV3X0hMSjBBZ3pjQkRxcklUUnBsY01KZk0zNWhBTWdzcUdBRTJCRVVUOVIwRU1mRVVfM0gxeGRMZkhobnBxM3NpOG1YNGVWRElRODNhLWJfTXlxVjluYTFCc3AzSDhiVjRJUEprMTlETC1MMmpyM1RjSTh5Wjl4WkowVW5jUkdJVl9zZFZtUFFndGp3QmZNYmY3UGhuTWRRd0I2RDYwd252eUw4bVlLUUJYZHI2ak5LZXpGdXJyaDZscDJkMmtVRVNUeXViaXVWQUlWY05abFBCUFlsMHB3bmwyT09rY3p5UV9BSlp4YngwWXpmMUpJaXpvTUszZTl2Wm9rY0MxM1NDZWtvR1JCbXhqQVlYUXkySllONDBQV1Z3TVhfN2gzcU9JZjFwVUdxQXFxVlR6eS1CLUI?oc=5,Yahoo奇摩股市,「這檔ETF」股價連4天改寫史高…卻遭外資結帳！0050被提款27億最慘 - Yahoo奇摩股市,-0.3
2025-02-15 09:00:00,0050,https://news.google.com/rss/articles/CBMivwJBVV95cUxPQi1CVHhZOFpMa3FIcXJLWTdoeVBmTWxJSlRlQzFfUnAxVHZfcnhkdEl3VDFsRzdCY1hRZUJjM2NveFBzQ19SOWRQQThLSFVDc094V2ZrVkhaR3l6ZzRwUXdqNUNGd0lCY3BPbllGam5sTm8zU2FTbVVwQ1Y0OC1vdDg1dVlmOXVyWHBKcmdVdkpQUmRQemloWlBhTmlGcVR6c01BWXNtQVNOaVBnclJoZVAybnQ2TXdRcEdvYjNXSTJlZG5BanFOaUR6cHhGRXotQ2N5eE1yejJtMjBRZkpFLXdKTTdhTUYyUThYbUp0dTFTY0ZFeFJtTHExX0Y2UDZfeUpRRUdSUkw5SE9vWDZFeEpOWGptRzd4WnowUnQ5d1l6UVlmbDc5U1ZXc19nVlR0Mk1qSEMzaE1QM1dTakpz?oc=5,Yahoo奇摩股市,他月投6000鎖定「0050+台積電」猶豫是否續買006208？ 網驚呼：重複性爆表！ - Yahoo奇摩股市,0.0
2025-02-15 10:30:00,0050,https://news.google.com/rss/articles/CBMimwRBVV95cUxPb2tpeFZCWUdlRGt0bkR0S292MTdPYW5WcGE4TW5Jc3NOaEVUajRRMjV3Q2xBYVAzcHBnTHJUckZMSGhRLUdSeTZtR0VpVWU1Vm1yc3JZZV9nVV9yb3FabDBCc0J5YWJIcE5hUk9wNzR0RWJqNG8zYjFoY1M5RlFteG8zSHJkc3ViRldnOUlvY21INGZEbzFRT1BzQlRCRmZuT2lkd0hxXzdLTlpaZW9CazJkZmV1M25qTHNLMmpJaDlobENTcjdHRmF2SkNZTzNpRDhwbktmcVFKTmI3WDJQSndpSG9hX2p1LXpVcmxwbVZ5N0ZqWkt1ZFdtbHBlYW5nMFFjUUR5bTVEc0sxeWpaQXV3d1pxWEN4UG4wT2ZDcWhaclU3MjNWT1FKVmdKa1R2Tm9qRjhlVFJwaDNrdzV3UTJ6MHl5cDJGOTNSa25hZmlGalA4Yjk4VG45YTVDbm1zLTNWTmdFaF8wZVVfVVFyVGMxRzJiU2VudWNZMU1BVEFHUHEzNS05YThRcXZzSkt0YkJpZEljalU3anlXTFo0WkpHMGlTMlBXNXJYUW9xbGlQbzJJZWRkaDF6djBDN1plSV9UMl9SUUIxczU0aDhyM1JaSG5sQXdnZ2R6MUVrbkplRWJsYldXRUk0cmdCY05QVG9pSFdTN1YwSlpDOVp6aG5CekNrakd6d2lQWllIc2NSbXdhZWxqRzF6MA?oc=5,Yahoo奇摩股市,外資本週倒貨0050破萬張入手8億！「這檔高息ETF」配息縮水慘遭出清投資人擁護：穩穩配比較重要 - Yahoo奇摩股市,-0.3
2025-02-15 13:45:00,0050,https://news.google.com/rss/articles/CBMingNBVV95cUxOWkd6NnNwYWVITTZWckFNU2xYRlk1b2VtUXpzYWJleHNvZ295dHJaRG1yZzZoelUyNGJNMGVFdzhpR1Z2NmxZUG9sSTNZdVpkLUxNUVhtUkh1dVYtNExjLWxPbnZmcUxST1BUczRDak5NUzljd2ZMRGh3eTlwcDhSb2plY2FpZm5nZFY3T2g3aDJOY1ozenIxWDl2dmFLZGoyZm9Na0k4NHRsYmxzdGZSaFVnS3czT19VWmRDaElpYktJejJySG05NWVnZWYzVGRnNjZyRWMzMjBtSW41aGdmeUdFRGdrZFZzM3A5THpoaFVUUjBmLTEyblBSR2ItY1NoTDlaUlhmYks5SlFsN1gxOWMtb28wV3hxMVlKUDc5WExWUGo1b3VpVUZ4UDV2NnJhdWNacXAyMktKdEYyZ1hlWl9WemJKWE9kZ1FLTTlIcEZqRXM5ZTZncnV0c3puNFQxMUZNWlE3SXB4eVJkMFdacjRIeDZITDI5Tzc5ZUE1QjlMTjhRVWRsVzV2Q25UWkhTcG1FTlVqTFFpdElMUVE?oc=5,Yahoo奇摩股市,台美最穩ETF誰能稱霸？他欲汰弱留強...糾結0050跟00757怎麼選網曝1差異：選「它」穩贏爽爽賺 - Yahoo奇摩股市,0.0
2025-02-15 15:14:41,0050,https://news.google.com/rss/articles/CBMiX0FVX3lxTE90N0haajBIZFJhV3d0ZE5FT2pJVjBfNC1rT0hjT2x4U3I3SEVNdEI1cUozUmtEcXAwa2FyMzNXQV9mdlhpNi1Dc1FDWTg2akItYWUzMzUzUFA3T3o1MlY00gFfQVVfeXFMT3Q3SFpqMEhkUmFXd3RkTkVPaklWMF80LWtPSGNPbHhTcjdIRU10QjVxSjNSa0RxcDBrYXIzM1dBX2Z2WGk2LUNzUUNZODZqQi1hZTMzNTNQUDdPejUyVjQ?oc=5,經濟日報,元大台灣50 逢低布局 - 經濟日報,0.2
2025-02-15 15:28:02,0050,https://news.google.com/rss/articles/CBMiWkFVX3lxTE41d1NuY2ZKT1BUamhZYnl1RjV2LVY4bmxQaDJQdDJTcGc2aHN1am5vN2paY2VXU0VLT3M3OThYTmhDNzJOb19mb1A4cUxpUzRWTUlGVzZtaTJFZ9IBX0FVX3lxTE90N0haajBIZFJhV3d0ZE5FT2pJVjBfNC1rT0hjT2x4U3I3SEVNdEI1cUozUmtEcXAwa2FyMzNXQV9mdlhpNi1Dc1FDWTg2akItYWUzMzUzUFA3T3o1MlY0?oc=5,經濟日報,元大台灣50 逢低布局 - 經濟日報,0.2
2025-02-16 08:00:00,0050,https://news.google.com/rss/articles/CBMiWkFVX3lxTE9mb2xabWxHZkhubDU4ZEJON2JOX0pRdVRYTG1oamFmdU96Y0EwdThsQ0pUQ1pWZEFiRzRCamQ2eVZCVnBUWWtpNTJvdkpJQ3N4T1VNNVM0Y2Nadw?oc=5,經濟日報,變得更親民的0050一直站不回200元 還能買嗎？ | 基金天地 | 理財 - 經濟日報,0.0
2025-02-16 09:02:00,0050,https://news.google.com/rss/articles/CBMi3AJBVV95cUxNVUM2cTdXYWp6dGRLX2R5OE5KeFMzY3FXRG0wTlhkdkVaRDF0SEljaDBkRUp6Wk94TVFodWg3R0JlVW1HOEtRM3liU3F5aWtUcjYyQzRPTDlNaGkwX2NfV2EtRURzbTZSZFVMelZKRjhXRGlldTBoVUFUTmlyOXZ4ZDRNYVJtZTB0akYtR3oyOTJYU2cyWmF3ak5GaUdXcXlLZzd2ck5WaWJEakdVTmotYUtuYVNWZlNjZWp4RXN3SE9zRDIwLUJvbUlYaFRxY2J2ekd0Z1BEUDNTNTFSTXpzVWMycG1tRUJUaHNweWhaZFhWaUFMV1lPMnZsUGhDbXVQb2lCSU02dHcxSkVjSGpmOTBlbDlXajU0d2pCcG44X281eHQ2cnNUR293dWhHWE10Z0QzSldNNjJqNE9JcHhkTXoteWJmaC1ZWXZFZmlNUEJ2bTNmUTNoeC1JWFY?oc=5,Yahoo奇摩股市,小額投資適合0050還是006208？ 股民曝「這檔」整體績效報酬高 - Yahoo奇摩股市,0.0
2025-02-16 15:00:00,0050,https://news.google.com/rss/articles/CBMiWkFVX3lxTE9mb2xabWxHZkhubDU4ZEJON2JOX0pRdVRYTG1oamFmdU96Y0EwdThsQ0pUQ1pWZEFiRzRCamQ2eVZCVnBUWWtpNTJvdkpJQ3N4T1VNNVM0Y2Nadw?oc=5,經濟日報,變得更親民的0050一直站不回200元 還能買嗎？ | 基金天地 | 理財 - 經濟日報,0.0
2025-02-17 01:00:00,0050,https://news.google.com/rss/articles/CBMiWkFVX3lxTE9mb2xabWxHZkhubDU4ZEJON2JOX0pRdVRYTG1oamFmdU96Y0EwdThsQ0pUQ1pWZEFiRzRCamQ2eVZCVnBUWWtpNTJvdkpJQ3N4T1VNNVM0Y2Nadw?oc=5,經濟日報,變得更親民的0050一直站不回200元 還能買嗎？ | 基金天地 | 理財 - 經濟日報,0.0
2025-02-17 01:05:38,0050,https://news.google.com/rss/articles/CBMi8wJBVV95cUxNeGhxTGQxVlVnLS0yRkktdmZwT016RzdsUmdnZVNJckZkYk80aXotWUxXVDVocjdxNzgyUzhfYzh3WnhlMGJYaHZIRUFzN0pVNURIT0p4Wm1EMnBBeXI2bXE1eWp2ZGpTTHRrNGRPbmZ6Y3ZHQmE2ZUFOYlFOMUNwMzRDcUZ2U0FuWUxDZ2RncWlIRzZIVTNPYWxySVoxM0FCM1Bka1VoaVlNN1FxT19EREtpM210R2h2SGZCZWpIZDF1eUNHdlpfSTBIQUNGZFJaNGw0M18zMXl3ajBBM3Fwa1VNWFdHV0VnU05Cd2c1MVhHMGt1TVExOE5hU25WSEs4QUNTdmx2S1J0c3RqMkdwRmJBQkFhTTdBbF8yVTFyeUZlVUxBay12amFXajJzNEY0bHlYUnRFQm1sV3phVnJBVzN5UnZSaDJUenpybXJzV1V5dlpxVGtKSFJ5bFpIRTlERmpjZVM5MWdieVkyd0ctXzgxZw?oc=5,Yahoo奇摩股市,「1張4萬元」還有找？0050最快4月啟動分割 今年來股民暴增7.8萬人 - Yahoo奇摩股市,0.2
2025-02-17 01:23:46,0050,https://news.google.com/rss/articles/CBMi8wJBVV95cUxNeGhxTGQxVlVnLS0yRkktdmZwT016RzdsUmdnZVNJckZkYk80aXotWUxXVDVocjdxNzgyUzhfYzh3WnhlMGJYaHZIRUFzN0pVNURIT0p4Wm1EMnBBeXI2bXE1eWp2ZGpTTHRrNGRPbmZ6Y3ZHQmE2ZUFOYlFOMUNwMzRDcUZ2U0FuWUxDZ2RncWlIRzZIVTNPYWxySVoxM0FCM1Bka1VoaVlNN1FxT19EREtpM210R2h2SGZCZWpIZDF1eUNHdlpfSTBIQUNGZFJaNGw0M18zMXl3ajBBM3Fwa1VNWFdHV0VnU05Cd2c1MVhHMGt1TVExOE5hU25WSEs4QUNTdmx2S1J0c3RqMkdwRmJBQkFhTTdBbF8yVTFyeUZlVUxBay12amFXajJzNEY0bHlYUnRFQm1sV3phVnJBVzN5UnZSaDJUenpybXJzV1V5dlpxVGtKSFJ5bFpIRTlERmpjZVM5MWdieVkyd0ctXzgxZw?oc=5,Yahoo奇摩股市,「1張4萬元」還有找？0050最快4月啟動分割 今年來股民暴增7.8萬人 - Yahoo奇摩股市,0.2
2025-02-17 05:55:00,0050,https://news.google.com/rss/articles/CBMiowNBVV95cUxOaFhsMFhmUG1VTGJPTWEyS1ViUTJXWW1MVlJUeWIwU3BtWVJSdjhRbURzV2o2MHZvb0lieWtib05KVDlTM2RtVm5OOHlJbmpDRlRMVU1iZUNULUExWlprUFRibzZ2aUNEXzdwUmx6YkpDUFpvdTBBRnRNSkMwZlYxZ1BraGJlLTY4cU1ieGZ6cDQ1a251ZHhKS0czMDhGTFlhS3Y0bGdhN0tjZ3BYc1dtSlVwRE1kNC1MZkxNWmRIMEdMYm0wZVhEZmxGVGhJQktvS3E4WTd5LTdSUExhSTQ5bEVub0k1ZG9wdVRUb1A2MFNicE1mbHJ5WjhSV0x0cGQyNGdndTQ0RE13S0s0anZ2ajJtbFFMTEZZU2VkVC1OR3hJakVvM1ZDWlpXZjdMQW1tZGRUYzBmZngyMWRBTzB5YmFIYWd2TU80MWRXcUE3M1pXRi04c0JTellfOEtzdHh5c2lBOWZKdDJrVXpCNDZXNmdiS3lFWGZSVVhPbUVnYWVwc1JmOXRTNkdXWnVNWkdqWHcyMHItY05MZ25zNzhMbG5adw?oc=5,Yahoo奇摩股市,辛苦攢到10萬元！她觀望0050怕不划算 「網銀活儲vs.定期定額」各有擁護者 - Yahoo奇摩股市,0.0
2025-02-17 06:15:41,0050,https://news.google.com/rss/articles/CBMiowNBVV95cUxOaFhsMFhmUG1VTGJPTWEyS1ViUTJXWW1MVlJUeWIwU3BtWVJSdjhRbURzV2o2MHZvb0lieWtib05KVDlTM2RtVm5OOHlJbmpDRlRMVU1iZUNULUExWlprUFRibzZ2aUNEXzdwUmx6YkpDUFpvdTBBRnRNSkMwZlYxZ1BraGJlLTY4cU1ieGZ6cDQ1a251ZHhKS0czMDhGTFlhS3Y0bGdhN0tjZ3BYc1dtSlVwRE1kNC1MZkxNWmRIMEdMYm0wZVhEZmxGVGhJQktvS3E4WTd5LTdSUExhSTQ5bEVub0k1ZG9wdVRUb1A2MFNicE1mbHJ5WjhSV0x0cGQyNGdndTQ0RE13S0s0anZ2ajJtbFFMTEZZU2VkVC1OR3hJakVvM1ZDWlpXZjdMQW1tZGRUYzBmZngyMWRBTzB5YmFIYWd2TU80MWRXcUE3M1pXRi04c0JTellfOEtzdHh5c2lBOWZKdDJrVXpCNDZXNmdiS3lFWGZSVVhPbUVnYWVwc1JmOXRTNkdXWnVNWkdqWHcyMHItY05MZ25zNzhMbG5adw?oc=5,Yahoo奇摩股市,辛苦攢到10萬元！她觀望0050怕不划算 「網銀活儲vs.定期定額」各有擁護者 - Yahoo奇摩股市,0.0
2025-02-17 06:55:33,0050,https://news.google.com/rss/articles/CBMiWkFVX3lxTE9mb2xabWxHZkhubDU4ZEJON2JOX0pRdVRYTG1oamFmdU96Y0EwdThsQ0pUQ1pWZEFiRzRCamQ2eVZCVnBUWWtpNTJvdkpJQ3N4T1VNNVM0Y2Nadw?oc=5,經濟日報,變得更親民的0050一直站不回200元 還能買嗎？ | 基金天地 | 理財 - 經濟日報,0.0
2025-02-17 07:08:29,0050,https://news.google.com/rss/articles/CBMiWkFVX3lxTE9pc3VfQkJfdkRQSlVGX293YXV6MWFEU2dkend4aXdWcjRMbTFveExtNGR6ci1ya1ptN3BqM2N5emNjUEJDWjRzYXNGcGtPbTFFSi1zZndjZkVPZ9IBX0FVX3lxTE1Ba2ZvX2FwY2w4V1hVRmZBY0tkMGZ0SWtvNk5KcEtNN0dfMmlRcGtUbzhtRUhtdG5yUVFDU2t3SHZmOGlhbkVWRlVXcU5xSWpDLWcwMDU4d2EwY1hzZTd3?oc=5,經濟日報,首檔 ETF 分割來了！0050將重返發行價 4月進行電子投票 - 經濟日報,0.0
2025-02-17 07:08:29,0050,https://news.google.com/rss/articles/CBMid0FVX3lxTE45S3NvNHZPVlFFN1VCWDhmOEdpVGJZWmd2MHhFQmppTG9PVDJTdmZ1bkQ5VmRpVTVxMWNibXRadkM5UUlPMjFoT0s5YXJlRkFRWjlzOXNnMzloWFBnclNkSlR1RDJISG1IRWhIT19hQTBWNFloamVB?oc=5,經濟日報,首檔 ETF 分割來了！0050將重返發行價 4月進行電子投票 | 基金天地 | 理財 - 經濟日報,0.0
2025-02-17 07:32:00,0050,https://news.google.com/rss/articles/CBMiX0FVX3lxTFBZTnc0dkFud0tGdkxyb3QxaFpOQjM2azhuVVlxZ3lKX2ZNYWhBQ0lzY3ZYZ3RDNlRfWUlyVlZ5elRobnZMVS02MmJKSU5sd3c2Rm1sLTQ4T3g2RUNuQlo4?oc=5,工商時報,0050啟動分割24日開受益人會議- 理財 - 工商時報,0.0
2025-02-17 07:32:00,0050,https://news.google.com/rss/articles/CBMiX0FVX3lxTFBZTnc0dkFud0tGdkxyb3QxaFpOQjM2azhuVVlxZ3lKX2ZNYWhBQ0lzY3ZYZ3RDNlRfWUlyVlZ5elRobnZMVS02MmJKSU5sd3c2Rm1sLTQ4T3g2RUNuQlo4?oc=5,工商時報,0050啟動分割4／24開受益人會議- 理財 - 工商時報,0.0
2025-02-17 07:41:00,0050,https://news.google.com/rss/articles/CBMizgJBVV95cUxPUlpvV3ZSV2NyVjZvX2RTUWlYS2JHaEdBWWxkQkJGRUZiSkl2SzU1UkJGZXlBVnp6bGotdnhsRkItUE91YmpUdE13S3FBZThVQ2R2b3Z5MDZFMW1ITVVZVTk2MExneTlURHplZDk1eFNCM3dUNjRMVmViZUhIRHZiLXlrbVdmZEJMOVVhTV9PZFAxVW1lNlBDZ0RXQzNJMDM3ekw2M2FWbVBRb2s4MEF5UTFJZUlpc2RxYkNoT09FOFpnS2lwOEYyVXlHV0pZYzIzekRQNXFNN1ZpeUhVUXBMcmZubEFQWUtXRVF1V2ttdEhzeVJxMDJpWUFVZFI3YW1KQW94b2hSQkVUakVOMU5iamoxenpJNWR1VW12MFRWMnA5dTdfcms0Ri01UGotTm55c01mSGswUTZKWl9na0VBRUpWSXhhUGkzeER6WmRn?oc=5,Yahoo奇摩股市,快訊／0050分割確定「1拆5」！每張4萬元有找 詳細日期曝光 - Yahoo奇摩股市,0.0
2025-02-17 08:00:00,0050,https://news.google.com/rss/articles/CBMiWkFVX3lxTE9mb2xabWxHZkhubDU4ZEJON2JOX0pRdVRYTG1oamFmdU96Y0EwdThsQ0pUQ1pWZEFiRzRCamQ2eVZCVnBUWWtpNTJvdkpJQ3N4T1VNNVM0Y2Nadw?oc=5,經濟日報,變得更親民的0050一直站不回200元 還能買嗎？ | 基金天地 | 理財 - 經濟日報,0.0
2025-02-17 08:05:32,0050,https://news.google.com/rss/articles/CBMiT0FVX3lxTE1lY3RwN3hTREF2M3JmYmZrRGMtRkNwMERoakU3ZlJwY0FRQ1FES1dDVWVwbkxoRlFWcVdqX0VlTlFrbXB0RThxbmwwU1hQSVE?oc=5,Anue鉅亨,200元→40元 0050將成首檔分割ETF 4/24召開受益人會議 - Anue鉅亨,-0.3
2025-02-17 08:13:36,0050,https://news.google.com/rss/articles/CBMiWkFVX3lxTE5Gd2cyajhTYzZodGc1bmJ4UTR6X1hrd2VpMlpqQ1pXOWZHdmZ1Mlh3b2dWNXFwTDQ1Ml9QamEwNFFXR09ZV0lCc19uV0lLc3BDakc5MEttZlhPZ9IBX0FVX3lxTFB5TGFRZXRxQkl0SGswQ2J0aG91cWNGT0tBQnEwUzdlQ0xhcnpkcEI4UkpGTXNFdEFDMERHZVpvd0g1WFNRRDBXZ1JVV2dQdXFfemVXUXRTNFNVdEVBQVU0?oc=5,經濟日報,0050祭分割殺手鐧 富邦投信：積極因應 實際方案研議中 - 經濟日報,0.0
2025-02-17 08:21:33,0050,https://news.google.com/rss/articles/CBMiggFBVV95cUxNR21lRXNsNzQ1MGVoN3AyaWU3UUt4Z3dqNmluTnZNYkp1enFzaklEb2s1Q0NzeGZRNHR4MUZJeWJvdkNqVUpJQ0Z6QjBOa3ZwTEV1ZE41UnhlX3duN3Jha1JRVVRobzFEYlhxM28yMjNuWl9LUUp4LWpjTDRKUUp5YVJ30gFfQVVfeXFMT3laNGxOLVJEZ3E0ZEFRU1Z0M181ZXZITUlndXlGU28yN0NxT3VfdEQ1TVh3ZXVzSlJZWGttN0s0ZWxubTczTFRZZm9JMnh4U1ZXX1BkV0llaXlHNzFtS2M?oc=5,經濟日報,0050啟動分割 4/21投票截止 - 經濟日報,0.0
2025-02-17 08:26:14,0050,https://news.google.com/rss/articles/CBMid0FVX3lxTE9xZ1BBU0w2djluZlRjLVFWUE9nUW4zWU5kUS1nLVBHcndOaDJnS3RMb2ZFWWxlSjZuNHhGTDJZUHY0VDdlcG83RExyNGVKb1RsV0lnTTBuclUyd1BlbENRdVo1UzhScUJRSmt5LXRhT3lGdFlhSWVz0gFfQVVfeXFMTV85Snc5RkVWOTdTVkZTWGRQX0EzVDlZS0h3bVRpMUhaamtXeWxfQVRCMllHN05uZGNqdWtveWp4QVRwcy1MYmRDdG8xb2JsZkFaVWliNElmUExORXBPZlE?oc=5,經濟日報,元大投信0050創下ETF首例 將以目標價40元啟動分割 - 經濟日報,0.0
2025-02-17 10:48:16,0050,https://news.google.com/rss/articles/CBMiWkFVX3lxTE1nQUJFajNPT2JCcUdZdV9pTXhLdFQxakp5SE9wbFp3akxZdUIwc0UzOTRpaWVsd1pqTE8wMjctaU1wRWRqamQ3MXk5ZkplUkNRMG84VFYyRjg5d9IBX0FVX3lxTE1semZGeWRYMUNNQkN1M201Q01MSmhXV01NVVNjSGV3SHVHVVh2aUYzV2JOV25hc3RZZ1I3ZjRCNTZWbVRNdGlRY1ZLY1I1RTVaR0JTQXJ0MVJNY0E3bE1R?oc=5,經濟日報,整理包／0050分割要來了！一張不到4萬元就能入手 我是原受益人權益會被分割嗎？ - 經濟日報,0.0
2025-02-17 10:48:16,0050,https://news.google.com/rss/articles/CBMiWkFVX3lxTE1nQUJFajNPT2JCcUdZdV9pTXhLdFQxakp5SE9wbFp3akxZdUIwc0UzOTRpaWVsd1pqTE8wMjctaU1wRWRqamQ3MXk5ZkplUkNRMG84VFYyRjg5dw?oc=5,經濟日報,整理包／0050分割要來了！一張不到4萬元就能入手 我是原受益人權益會被分割嗎？ | 市場焦點 | 證券 - 經濟日報,0.0
2025-02-17 11:00:00,0050,https://news.google.com/rss/articles/CBMiWkFVX3lxTE9mb2xabWxHZkhubDU4ZEJON2JOX0pRdVRYTG1oamFmdU96Y0EwdThsQ0pUQ1pWZEFiRzRCamQ2eVZCVnBUWWtpNTJvdkpJQ3N4T1VNNVM0Y2Nadw?oc=5,經濟日報,變得更親民的0050一直站不回200元 還能買嗎？ | 基金天地 | 理財 - 經濟日報,0.0
2025-02-17 14:00:00,0050,https://news.google.com/rss/articles/CBMiWkFVX3lxTE9mb2xabWxHZkhubDU4ZEJON2JOX0pRdVRYTG1oamFmdU96Y0EwdThsQ0pUQ1pWZEFiRzRCamQ2eVZCVnBUWWtpNTJvdkpJQ3N4T1VNNVM0Y2Nadw?oc=5,經濟日報,變得更親民的0050一直站不回200元 還能買嗎？ | 基金天地 | 理財 - 經濟日報,0.0
2025-02-17 14:45:00,0050,https://news.google.com/rss/articles/CBMijANBVV95cUxQT1h0OEZtQ3VuMUN4clRxSW9ackprdnl3ODVFaE9lZDIzY1ZNQ1RudWVWWXJoWmJQNnM1eXBxX0xXbG9aWk5QSVlhaklCWHhnWVNDR0tNMEdqaVpUcXNXS3ZFdktzVjlacjZiU1dxWU16OENfWTFrMnFWZGtZUFNNUFotOEZGUWFCYmpHRjlUOE1pQVpqS0pkY3ktem1nNXAzVmoxU3Fod25zNHB2ekU1Z0xicFlEOVRTSUFKOU10bmNTaXYyRURSanB1QU1jQlhYMEhCdU1MYXl0THd1bFVmUDQ2cHdUUHJZcW1KWF9kSnQ3ajBIV3hRZHJjbHlKNjlmOG9Tck1lWVJaU1BMRFZqak95MDZsUUlfQmdROXB0dlNIUGgtQ1A2dUtycFBtV2F1d3ltR3FxdGpfSFlUaFNYUmdiS1FTQXl0TU1SSWZ5UU5telc0UUFrQzZHQnNJaTBzSUdwN0pYOU9ncXFoYk01OUZCNDRyUF9WanRPeEhSMGZvLUJCWVNqd2VzcTc?oc=5,Yahoo奇摩股市,「這檔ETF」錢香撲鼻被看上！0050、006208不甩川普受益人續增 00878再度破紀錄 - Yahoo奇摩股市,0.0
2025-02-17 17:00:00,0050,https://news.google.com/rss/articles/CBMiWkFVX3lxTE9mb2xabWxHZkhubDU4ZEJON2JOX0pRdVRYTG1oamFmdU96Y0EwdThsQ0pUQ1pWZEFiRzRCamQ2eVZCVnBUWWtpNTJvdkpJQ3N4T1VNNVM0Y2Nadw?oc=5,經濟日報,變得更親民的0050一直站不回200元 還能買嗎？ | 基金天地 | 理財 - 經濟日報,0.0
2025-02-17 17:33:02,0050,https://news.google.com/rss/articles/CBMiWkFVX3lxTE1MSWVsNU1nRGlScWlaOHZCT2lXWmRRS295XzJ4MGpUVVU5MjJZLXFsX2ZZU29HZlNVT2x4WmFZU3JEdTQyZzlnbm44dk5MWVIzSmtHVDVNaDVFZ9IBX0FVX3lxTFBrVU9YM0Ixdlk4VEZpUG0wQkQyLVhWS2pnQ2JxV1NWMHBnV2RKbC1zVWE5VV80d0VCdFZubDlaTFFvS2lOdEdNSHlXY1N6bTUwMGEwRFNhX1g5VklVZVIw?oc=5,經濟日報,0050降價 富邦台50不排除跟進 - 經濟日報,0.0
2025-02-17 17:34:17,0050,https://news.google.com/rss/articles/CBMiWkFVX3lxTE1HZU9uOHFfc2NtZThZcm1fZ2MxRFNGNGx6akVxWUNxQmFNU2FqWFo4ak00MjFGWmVKS0pPcGxJX1NsaVp1SklnUVY4Sk9ZQ3JBZm95NGtRV3ZqUdIBX0FVX3lxTE93Z1NFem9JcDlhVzZ4MXFtd3IwUjdUY3NfN1FDSVZ5X3ZEOWVJTUJ4dUhyVUl0YUZvWTk4UmdvMUxmZldvY0lLUGxxb1JzRUNhUzBCcm1qb01VcjFvSzJv?oc=5,經濟日報,0050親民價 將掀搶購潮 - 經濟日報,0.0
2025-02-17 18:43:32,0050,https://news.google.com/rss/articles/CBMieEFVX3lxTE1YU2NvMVVYd0tkaVFHWVMtX2M0YWpaV0xpemJnM3hncWJFSERnQ05kd0VFeFFjaloxcU45MVZZV2l3cFhaVkFadHphU01GZWtGODgxbk9qU1FKRFh3blR2d1FxeW5BVUp2V19QZjVTbUM2c2VlV0toVtIBX0FVX3lxTE9lTWc4cms1c2RwNnljWmlIcDk0MFptWkdUM3AwUEtHZzI5ZDZiRy1TVG5zZjdtbGFKTkxUWXJZMDdtdzhaUWpMdzFlZEFPX2d5X3F6Q2lMUjN5b3lDRFow?oc=5,經濟日報,最大規模 ETF 0050「1拆5」 一張4萬元有找 - 經濟日報,0.0
2025-02-17 18:43:32,0050,https://news.google.com/rss/articles/CBMiWkFVX3lxTE95UGVLNHNPQkRkUlRMZ182dkxVZ1JINGViVGZyWkNhYTV5ZjFZVEN3V3VnaHhLd0JrLWRLR1pDTElWVFVnbjdYOXl0UDZqZlRjZzBxMXB3ay1Xd9IBX0FVX3lxTE9lTWc4cms1c2RwNnljWmlIcDk0MFptWkdUM3AwUEtHZzI5ZDZiRy1TVG5zZjdtbGFKTkxUWXJZMDdtdzhaUWpMdzFlZEFPX2d5X3F6Q2lMUjN5b3lDRFow?oc=5,經濟日報,最大規模 ETF 0050分割「1拆5」 一張4萬元有找 - 經濟日報,0.0
2025-02-17 18:43:32,0050,https://news.google.com/rss/articles/CBMiWkFVX3lxTE95UGVLNHNPQkRkUlRMZ182dkxVZ1JINGViVGZyWkNhYTV5ZjFZVEN3V3VnaHhLd0JrLWRLR1pDTElWVFVnbjdYOXl0UDZqZlRjZzBxMXB3ay1Xdw?oc=5,經濟日報,最大規模 ETF 0050分割「1拆5」 一張4萬元有找 | 基金天地 | 理財 - 經濟日報,0.0
2025-02-17 21:10:43,0050,https://news.google.com/rss/articles/CBMiT0FVX3lxTE1yYkk1eGxmbG9SOXpqTWZkRTI1NFdKY1piUTRaWFRnSUpLVF9OVkx0N1JTLXRZVVBUM19xZVNna25WWXBxb2QtN1hOQjRNYm8?oc=5,Anue鉅亨,〈台股盤前要聞〉外資回補台積電近萬張、藥華藥控AOP初判失利、0050將成首檔分割ETF - Anue鉅亨,0.2
2025-02-17 23:00:00,0050,https://news.google.com/rss/articles/CBMiWkFVX3lxTE9mb2xabWxHZkhubDU4ZEJON2JOX0pRdVRYTG1oamFmdU96Y0EwdThsQ0pUQ1pWZEFiRzRCamQ2eVZCVnBUWWtpNTJvdkpJQ3N4T1VNNVM0Y2Nadw?oc=5,經濟日報,變得更親民的0050一直站不回200元 還能買嗎？ | 基金天地 | 理財 - 經濟日報,0.0
2025-02-18 02:13:00,0050,https://news.google.com/rss/articles/CBMiX0FVX3lxTFBIQy1sZG9tcDdFSWp6MHRTS3ZSTmpFTERDVFRSR0R4blVpY2NsMFRQVFNIcXRrdjJiQjdIYkdTYmFBTHdTZERSd1lkSG8tVGsxYjdlUFQ5X0hWS3M0RERV?oc=5,工商時報,0050分割來了！什麼是股票分割？ETF拆分後差在哪？一文解析- 理財 - 工商時報,0.0
2025-02-18 02:52:05,0050,https://news.google.com/rss/articles/CBMiWkFVX3lxTE1Fa0MxYW82aU9Na3lWTjFjYkpmeFpZXy1LQ21MRGFNcG56cUdSX1ZPZ0VySnNtb1UxTDZ0SG56RGJLSHZQQzdmTEswaTVJdWtjX3BGeUhuWDNOUdIBX0FVX3lxTE1YdW1EVjhoN2Q2YTI1WmlVOVlSNmh6MjNrUmJjZkdsNHZkYzQ0dElvankxTU5ZMU9mVU5wUjBJWC1WcU5ZSXl0bFJQTU1qUzBVaDZHalpUYUdoRnRpb1Rz?oc=5,經濟日報,台股 ETF 受益人連2周創新猷 00919、0050等13檔同創高 - 經濟日報,0.0
2025-02-18 03:07:51,0050,https://news.google.com/rss/articles/CBMi5gFBVV95cUxPTTNlQmVtWjM1M0xiNmFHQkI1RU5xRnVYemg0dmdRaDZrQjVlcVZpVVlpVG9tSmhnUmRyVUpic2xUQVFVUkN3TjRXMXRLWXE4SmZVQndUaVFvRXVYN2JHSG5kaDVCa2dpOVhKd0VMUjl1YzU3VTJBSUtET2RtNlAxa3FOYmZEMExRNjNmRGhxR2k0d0JqVEU1WXdvOWNPMHhCT05qN284cUtmcU5fYU9OWlRhWnlJTWtCTy00RDNKYUltamZRZ3VHaEVVeFh6a0RObU1Yek52eVp1YzhWSVhtamRRYlVoQQ?oc=5,Yahoo奇摩股市,《基金》0050入手價20萬→4萬 6大QA一次看 - Yahoo奇摩股市,0.0
2025-02-18 06:43:31,0050,https://news.google.com/rss/articles/CBMiWkFVX3lxTE1KOER4R0ozNjAwLWV5WWlmcXA3R1RyNE4zTzZOSV9scm1jYTdWLV8zZ0NqQnUyODBvM21tdjFTZFpJWG5OVGlnVTNjTzRqVXJXZW9kZkhxNm55dw?oc=5,經濟日報,0050分割議案 4月2日至4月21日進行電子、郵寄投票 | 基金天地 | 理財 - 經濟日報,0.0
2025-02-18 07:38:22,0050,https://news.google.com/rss/articles/CBMiT0FVX3lxTE1tMFFzcG5SSUVkODBoZnBDNmdUQzVIOGQtMWpWM21TS2tadXMwVTBtV3NKWnRLcGtCejluaEpEd3RkVm5rLVZsWXRRdmtTRlk?oc=5,Anue鉅亨,小資族有福了！0050計劃1拆5 甜甜價背後的未來展望 - Anue鉅亨,0.0
2025-02-18 08:00:00,0050,https://news.google.com/rss/articles/CBMiWkFVX3lxTE9mb2xabWxHZkhubDU4ZEJON2JOX0pRdVRYTG1oamFmdU96Y0EwdThsQ0pUQ1pWZEFiRzRCamQ2eVZCVnBUWWtpNTJvdkpJQ3N4T1VNNVM0Y2Nadw?oc=5,經濟日報,變得更親民的0050一直站不回200元 還能買嗎？ | 基金天地 | 理財 - 經濟日報,0.0
2025-02-18 09:25:20,0050,https://news.google.com/rss/articles/CBMimgJBVV95cUxPaDlHUXpMZjItWGpHZ0FqTk55Sm45Y2kzcnRYRndfVE5RSHZUTi1CWENQdXpmSUJkOFdoVTNYMWVDa3pxajFUTFYxbmZ3RHVkUVRETlZsTU96TWhQZXlUT2FzZWwyQ21DcHk0OTRjaDVqdHVpU3Qybk9ZbnlsZTBBZ3RaSW9OUFBoNHVKTlE4dFRIQnVkVnZkNFpuR3M1R3pHa0dyVmhlbGNRS3RWcG02ZGRiRW9IRnpNemVEOEJhZVdsTzFldHpjeVcxdkhJX3hmbUg1RWhEMmZyVlY4ajBuWHpjUnY3alV5RXI4SzFJVGFGTi1YMURrUmhnVGhLWVhpTzdBNldITm9GeXRZYjhLQ1AzSXhfZWV1T0E?oc=5,Yahoo奇摩股市,0050、0056規模雙破4000億元 台股ETF寫下新里程碑 - Yahoo奇摩股市,0.0
2025-02-18 09:25:36,0050,https://news.google.com/rss/articles/CBMiT0FVX3lxTE9iZlo3QmZNbjNWSjE4ZWtJalpBUmtUbll3Q3Yyc3dEdXZOdkF6ejF6Y0piTDN3Z2ZmdDZqaXhyVFFhNzA4RmdmUlZGejhMQmc?oc=5,Anue鉅亨,0050、0056規模雙破4000億元 台股ETF寫下新里程碑 - Anue鉅亨,0.0
2025-02-18 13:01:27,0050,https://news.google.com/rss/articles/CBMiWkFVX3lxTE50cVMxdXVGc3ppcEYzS043RmFaelVQNDkyTmhhTDNjMnJmbG5FN3lRWDZYNmk0Ni1zYXp6ZTk3TWh3WTNWVl9RYlkxQ011UWRkZkhueXVlZEdIQQ?oc=5,經濟日報,台股 ETF 世代進入新里程碑！0050、0056規模雙雙站上4000億大關 | 基金天地 | 理財 - 經濟日報,0.0
2025-02-18 14:00:00,0050,https://news.google.com/rss/articles/CBMiWkFVX3lxTE9mb2xabWxHZkhubDU4ZEJON2JOX0pRdVRYTG1oamFmdU96Y0EwdThsQ0pUQ1pWZEFiRzRCamQ2eVZCVnBUWWtpNTJvdkpJQ3N4T1VNNVM0Y2Nadw?oc=5,經濟日報,變得更親民的0050一直站不回200元 還能買嗎？ | 基金天地 | 理財 - 經濟日報,0.0
2025-02-19 02:41:26,0050,https://news.google.com/rss/articles/CBMi-AJBVV95cUxPVEZPYjRIUDFTeldseHh2WFhKZGNKMlBGdVAyOWpYeHA4aW5zSjZyU3F0d0RmeG5vb0tMZWNKMm1td2xSVkRnLWs0ZDJzcVJQUDhoQ2V3bUViSER0bHhLLV9xb25kOVhXZjJ0cmF0Z3d5eFV0SHdHWENPdlViMmpySTdhUlVoUW1xbUJzellEQVFGOHVmRVJzdnQzbVJxMzFJWU5WSUpmT09kSnloNkc2REthWGs0bURrTVFrbEp1aXh5UEVrNG1NMGZmTjN2eWxRb1dLQjhjNUF5dDdKb2FkUHFXZDZVR2lCaU1OVnlfbUNzOHBDMWJXM2lxaERkaGtBLU1sTTc5TS13UUo3bGdObUdCcVI4LWVUcHdYTzlVaC1hTUQ5TmNLNzhmanplT3VQcWlJYzVEY3k2NlFTeWYtLUlla29xZGhaZ3Q4QUxVS1VfOEhvRXZHWWdWbEllWndzcGN1QTlscHJISGM4ZUxkQWJiZVNZMmN1?oc=5,Yahoo奇摩股市,0050降價戰開打！006208粉絲不動如山「列4大續抱理由」 網友「熱議1點」驚呆了 - Yahoo奇摩股市,0.0
2025-02-19 03:56:22,0050,https://news.google.com/rss/articles/CBMisAJBVV95cUxPLUlDTnRFYkVwX1oxTUxwWF9raG4yek1rSmc0OHRXV0JNWmdqQTZYMVZXQ0V6ZzdjcGs5VEtORUk2eXZpVF95dnBkRDlhT2ljeEwzR1Zlell4Tk5BZTNmN0pwQjYwRzk1TVRFU3ZfazVUYVdSR2NIbE5nMmpzQjJlOG1kZktBa0dtbk5pd3c5VnU4aXhCNzU2ekxkTEF2c2J2dFZVRk5RNHBuaGIxd3hvTHB0aVNUNk9jQW5nR0FJOXRZZWZlV25WVy1QNkM2V3JBUHlld25sODhkODlMclh1dmxfZDlkbTNaVUplcFBYMkFSM1gtenU5Y3daTVA0TENRdDBnWkpUM0JrWlhzU21FR0FnSl9ISXZObi11MFJiNmhMQUhDOUdnNDBESUxYdnBK?oc=5,Yahoo奇摩股市,006208迎戰0050「1拆5」！分割上市時程曝光 專家：恐造成「4大影響」 - Yahoo奇摩股市,0.2
2025-02-19 04:30:44,0050,https://news.google.com/rss/articles/CBMi4gJBVV95cUxNamdYdVFNeTFZNDhQb2VaNExTcVg0empUUVhySko1dUhGbDRtY0RvQVRnNG9sMDF3bDlXa25OLVkwbEE1UjdKLU5QYjY0Mi03dXZod3A5a2dJMWhTVWFkRW9hZ2pXQ3hyMl9IWTR2blhRTEFNYnd6S1Q2MFl1SDNLN3dnN2RBTlVZQVNzdHRDbDl4RE5yaE8ya2N1LUVlTklxUU5FU0luVk9uQTE0WXl6RTFmdGJKVks2MnlBVUdYU2pNY3d1MWd0MWFiLUtWT1Rsc2otWWxTMHRFTGZnNEpBLVZRbWM5VlQxbTZMZll5YTI2dXV6akJSeUZGWHUwckF5LVdicC1WNlEyTXFPRTdIUVZuZmNwTGlGZTVmZjZVNmlPdFRBWkI3N0xvWUk2NlEzaEczTXFrVTFubmFZYTNfX0lRTm80V3dTRVptMVRUUlNmbjdHZHVDWXlRNlpKOGtHaEE?oc=5,Yahoo奇摩股市,0050又一對手！聯邦投信推首檔市值型ETF 萬元就能入手 - Yahoo奇摩股市,0.0
2025-02-19 04:31:30,0050,https://news.google.com/rss/articles/CBMitwJBVV95cUxNVUdMd3BSNkRxcURjWWpYaHdyQzdINHBETWl6Z0lMYjVvekFGOVFOQWF3VDZZcThMVk0yUVdVMVpYNFpKUVRrUUVMN2xpcGlyUENYVklPemNhMUN2Smgwa0M4RjYyM3p3bVdlTUtSMmpPQVE5WVNnT1RTQkt3c2pRRWtUQWdLQkttek5nckRVZVhxbDRVdE05Y3NxSnA5OTdwVnV4OThTQkdQdmlsLTA1dndjWll1cVBCMmVueWw0MUsydTdUWEp1LVBZQXBldVZUM194emJmalpwNkQzd0hqdFE4WmlOd1VmQ3J2MndFWF8tSEZPTHNrR3pNd1owQlBlZ3RybGl4ZWRTajlqTDYxd281YVV5RXBjV0dnZlQ4eVI2eF9teUhhaHNOeXB2NFZibUFaTXdsMA?oc=5,Yahoo奇摩股市,0050「1拆5」配息會減少？ 專家1理由分析：殖利率恐剩1.6% - Yahoo奇摩股市,0.0
2025-02-19 04:33:00,0050,https://news.google.com/rss/articles/CBMigwNBVV95cUxQZ0VmV0xLbkJqQ3I1cjJ4WV9ZMVlWYlhnN0pNb1RfcFZubnNsUkpGbE8tWlQ0ZTNneFpIeTFCbHBSenVEZm1ZYTVpbXBWOGgxeHRtV0dWd1BuYVJKV0lsZmprZHdxbGtyVElldkI3M3FIbVg3dWd2SGJIakp6aHhUSklOMjFmMkdoMWpvOUpwSTdQYnY0d3VTZ0YtX2dPMllGeE9LN0tFdFNhTEM4RGluZURiNWhMLU5UaGs0eTNFaEhyRnlycUMyU3FvLVBDYWI3TlhROXBlcFlkcWFNU3k0Q3MyUlk4WktUa2R0NTJScHdERk1LYkhiREVXQTMxdHNjWFc5T3JBT3U1M05TTUdHeF9VajFtWEMtdXhsbFg0MXRGUkJkd1FrblQxWnJ3NzhhTTdyMFJvY2t1VFpWNVhDSEhXbm1lWFlxUER4OGw0R3k4c0xUamdnNmNFS3lRY3ZRQndzZzhGWXNtRWFwbnhDcExRM24yX1Nod2o3SklKQU1xVXM?oc=5,Yahoo奇摩股市,輸的體無完膚？他列數據喊0050完勝…不解006208續抱理由 網點「3關鍵」：不差一時半會 - Yahoo奇摩股市,0.0
2025-02-19 04:34:23,0050,https://news.google.com/rss/articles/CBMi4gJBVV95cUxNamdYdVFNeTFZNDhQb2VaNExTcVg0empUUVhySko1dUhGbDRtY0RvQVRnNG9sMDF3bDlXa25OLVkwbEE1UjdKLU5QYjY0Mi03dXZod3A5a2dJMWhTVWFkRW9hZ2pXQ3hyMl9IWTR2blhRTEFNYnd6S1Q2MFl1SDNLN3dnN2RBTlVZQVNzdHRDbDl4RE5yaE8ya2N1LUVlTklxUU5FU0luVk9uQTE0WXl6RTFmdGJKVks2MnlBVUdYU2pNY3d1MWd0MWFiLUtWT1Rsc2otWWxTMHRFTGZnNEpBLVZRbWM5VlQxbTZMZll5YTI2dXV6akJSeUZGWHUwckF5LVdicC1WNlEyTXFPRTdIUVZuZmNwTGlGZTVmZjZVNmlPdFRBWkI3N0xvWUk2NlEzaEczTXFrVTFubmFZYTNfX0lRTm80V3dTRVptMVRUUlNmbjdHZHVDWXlRNlpKOGtHaEE?oc=5,Yahoo奇摩股市,0050又一對手！聯邦投信推首檔市值型ETF 萬元就能入手 - Yahoo奇摩股市,0.0
2025-02-19 05:34:25,0050,https://news.google.com/rss/articles/CBMisAJBVV95cUxPLUlDTnRFYkVwX1oxTUxwWF9raG4yek1rSmc0OHRXV0JNWmdqQTZYMVZXQ0V6ZzdjcGs5VEtORUk2eXZpVF95dnBkRDlhT2ljeEwzR1Zlell4Tk5BZTNmN0pwQjYwRzk1TVRFU3ZfazVUYVdSR2NIbE5nMmpzQjJlOG1kZktBa0dtbk5pd3c5VnU4aXhCNzU2ekxkTEF2c2J2dFZVRk5RNHBuaGIxd3hvTHB0aVNUNk9jQW5nR0FJOXRZZWZlV25WVy1QNkM2V3JBUHlld25sODhkODlMclh1dmxfZDlkbTNaVUplcFBYMkFSM1gtenU5Y3daTVA0TENRdDBnWkpUM0JrWlhzU21FR0FnSl9ISXZObi11MFJiNmhMQUhDOUdnNDBESUxYdnBK?oc=5,Yahoo奇摩股市,006208迎戰0050「1拆5」！分割上市時程曝光 專家：恐造成「4大影響」 - Yahoo奇摩股市,0.2
2025-02-19 09:00:00,0050,https://news.google.com/rss/articles/CBMiygJBVV95cUxPQ0xnVTZPaV9CeEVaSnZlSFhPY2RieWtjc05kZXJOYkhPek4zTUVEZFduLXVmTHQxUVJhYjZmRDJhN0lyUTBWNDA2TVBQc3U5S0pjTHZDb3N0NWk2bWtheTVhYWRMZlAtRHZmOFJsRjRCbFF0elpQbjdZR0hWeUcxbWhNeFJzSk5NWWtiOE1ieXlZVGV4S2Q5Y0VSNjR1SmpVbW4tSWpHV0VGejJEMEpSMExtU3pVRlFCMml1RlhVTGdSRExoVWJYeklKNkIySzZMZ1VLOVFtTmVlbEJGUi05Ti1ibURVZkdubXNOTGROdWJ5SG5jLVlCU1BvT3lkeEJrX25tNjMweWMwbUk5UGdBcV9sbG1BUzRUVGxQM0c2aUNvamtlRWduYjhtRVRteVU5NU9jS2dEWVIzek9yWmNjcTI5ejZGX0JvSmc?oc=5,Yahoo奇摩股市,他好奇「0050將分割」大家感想如何？股民直言「這原因」：只是讓多人可以買的起而已 - Yahoo奇摩股市,0.0
2025-02-19 10:50:14,0050,https://news.google.com/rss/articles/CBMigwNBVV95cUxQZ0VmV0xLbkJqQ3I1cjJ4WV9ZMVlWYlhnN0pNb1RfcFZubnNsUkpGbE8tWlQ0ZTNneFpIeTFCbHBSenVEZm1ZYTVpbXBWOGgxeHRtV0dWd1BuYVJKV0lsZmprZHdxbGtyVElldkI3M3FIbVg3dWd2SGJIakp6aHhUSklOMjFmMkdoMWpvOUpwSTdQYnY0d3VTZ0YtX2dPMllGeE9LN0tFdFNhTEM4RGluZURiNWhMLU5UaGs0eTNFaEhyRnlycUMyU3FvLVBDYWI3TlhROXBlcFlkcWFNU3k0Q3MyUlk4WktUa2R0NTJScHdERk1LYkhiREVXQTMxdHNjWFc5T3JBT3U1M05TTUdHeF9VajFtWEMtdXhsbFg0MXRGUkJkd1FrblQxWnJ3NzhhTTdyMFJvY2t1VFpWNVhDSEhXbm1lWFlxUER4OGw0R3k4c0xUamdnNmNFS3lRY3ZRQndzZzhGWXNtRWFwbnhDcExRM24yX1Nod2o3SklKQU1xVXM?oc=5,Yahoo奇摩股市,輸的體無完膚？他列數據喊0050完勝…不解006208續抱理由 網點「3關鍵」：不差一時半會 - Yahoo奇摩股市,0.0
2025-02-19 23:00:00,0050,https://news.google.com/rss/articles/CBMingNBVV95cUxNamNwYXUyakFBak1GY19PYzlaR2c1R1dKQWVoVnExTlpJWmJMZG5ONk90VlBEVlU3bnlYR3docGctZGVkZFQzUjNySUV3bGtlWm5MQnVLUWxRMkIzalVmT2F3N3YxT0VKZGNsYmVlTkNCMUNqSUlkRjd6T0JackdBc2FKa2EtSWFjVEpFYUZWUm1GbGRpRElmWEVLdHpqc1RUWjhpOF9FLVpGSC1MTHRfZzREZTVreEJtLU9qOVdCTjRGamx0NzlCb1BuYndVXzNiZVdabmxWQkpxZHFBUUM4REN0aVljaTZVRElDUHBTZ2pZdzNVOTdsaERBQmRiSUk0bzdLdDlUUlJ2a2hXYXZEU2JhVDZOM2RhNUhpdlBGeVBkaUdxdXlGZzV2a24zVXViQVZqa0pXUlhSdDVYaUJ5cVl2dHE4MWk0ZUw5RERlWWsxWkxNWE1RcWdSb283YkF6SFROWHNWcVpveDlNaFB3SlNJSU1zMTNWMC15VmpweTVTME5PYkU3X3ZIY1NtMXVBeVY3OXpVbUMzalh4alE?oc=5,Yahoo奇摩股市,0050降費+計畫分割掀市值型ETF之戰 她列4理由續抱006208意外演變「戰學校」 - Yahoo奇摩股市,0.0
2025-02-20 07:15:00,0050,https://news.google.com/rss/articles/CBMiX0FVX3lxTE9sMERLNklWR1NxbkRBSldWUnRMRDBNcHRIMmVQM3dsVjhlSVNTdWR0V2pyeWlyMmZZY0o2cGtNd0ZUSHFFYThJTkYyaDFHTEJhbkdVMmo4ejNoYWVWVzRV?oc=5,工商時報,0050還是006208？理財達人用所得級距判斷曝3點關鍵考量- 理財 - 工商時報,0.0
2025-02-20 08:36:09,0050,https://news.google.com/rss/articles/CBMi8gJBVV95cUxOVlJUeFNnc1hKSHNHQndQNHJ1Vy0xblgxZDRyOHphUVlodWF5SlVMajZzOWlXSFlRd1o5azVBTElCbC12dkxnazFJcE1xeUFxRVRsOVpGeHVfS1N1UGpPcDU1T0hGZkx6Slp5ajNmUjB6T2NIUVB5MGN3Z3huYmVRZW1QQXltMnJfeDVoWFFVdFkwZlZNWFRtS1hrRG5aOUpjRGNjd3ZCaWRkTVhHUHdLVVVmNXVHTjhaSlZKMVFteF9zb212LTBQbXoyVmZBVTZvMzlLaV9UTDh6NGx4WHpiaXlUNFR3U05iby10WXg3dDFqNTNMWmo0VFQ0OGhsM2VJdmotTXB1bkotanpLbnFMWmU5WmFhVTJBQ2drb3N0eWFHNmowQnVYelNfdW5GVm1fcDY3MUJDQXpVcFh1YnJWODZqQmhBclhzN1FLMG9qWW9ESE5XS1FxWWJHMExFRmp2OWp1N1BaTUlsOHA4d182U0pB?oc=5,Yahoo奇摩股市,【Follow法人】外資續砍記憶體！0050也中鏢 慘遭倒貨近萬張 - Yahoo奇摩股市,-0.8
2025-02-20 12:00:59,0050,https://news.google.com/rss/articles/CBMivgJBVV95cUxOdUpvaUpVYjJENUZTaUROcnVXbW5idFdHWjFVYjZTakRxX05QVEktQlFDS2ZHel9raVRSWm1lN0xDYS1xcHJvZE5selFUdnNzTnRweUhadnF2d0FJWTJPVk4wVFZkMFNTeE1GWjdiQV9VWmdsNnpuNl96QU9BMDB4WDhXMFRaQTJCYUZwMzNGdGFjZ1BMVjRyUUtEVTZTdFZxRVVhN0szc1RlRTJtdkx4RVN5bkRrU0JCSmlfa0Exb2hEQXl5QWcxZlhGckVsMHFVNjNBVF9WOFZpVXNhVU5HTGNUYWVDS2ZLcWlvYndTU2VfTDZBMlJfRVdyRjVxNDFLSEQyS2pmTE9pSTNzM284V0RJNmlFMWdDV0pRcHVuVDFZSXowQUdFaXBHUk5hLUE3WUczdlU5V2tyRzR2RWc?oc=5,Yahoo奇摩股市,00878今除息！外資狂拋逾9千張入手1億 0050將「1拆5」分割...投資人：真的狠 - Yahoo奇摩股市,-0.5
2025-02-21 01:43:00,0050,https://news.google.com/rss/articles/CBMiX0FVX3lxTE9KVWMyQW45eHEzeGU3UU5wazFBUEdRNjZHaEhHU0xqTDE5ajV4QkY4UlJoVTVvcGk2ZktFN2Q1blU0YnRxLXdaREdwSVhlckp5NWdFVzRYRGk2UExMMF9F?oc=5,工商時報,0050大降價！006208該換嗎？他曝「續抱理由」 - 工商時報,0.0
2025-02-22 03:40:45,0050,https://news.google.com/rss/articles/CBMiT0FVX3lxTFBSNkprVnJybmRXdHZsRXVad0RaYm4zWGcyV3ZkRFl6S3FTa0xidTd4aHRKdjBYQUhnbWdsWFNiOXVxd0pmSkNyUW9pQ0pQSm8?oc=5,Anue鉅亨,0050分割、外銷訂單中止連10紅、日月光面板級封裝Q3試量產 本周大事回顧 - Anue鉅亨,-0.2
2025-02-22 05:47:00,0050,https://news.google.com/rss/articles/CBMi4gJBVV95cUxNbTgwUEE4dzZVa3RyNGwtRVoxaHVzSks1b0xfR0hNNXR1eWN6LUd0Ync1dzdTRWZ4aWktem1OQldfd2gtWFRZRFJQUnpXWDRkZFdid2FiWm1KVDFJN0N6ZTZMUzV2clBLQUNZQUVkYlMwZDdyTFl1VjlyZ0RKa1hOTm9iRDB1RnY4WHN3T2d1X3g3ZUFCT1ZBWFl2WEZmamJtdzFEZlItWHFVTkkzVGc1MFZIMDZvWHVKX0FLckhvaUo3RWhFZlhQQW1UeG5ucWxTa2FnNzZKS1BXMEhnZnQzUUUzWXJxWVJ6bGd5NGtkNWVwRWtpbEVYYVJzU0ZVUEg1YmhST1h0TThUUlFVVWVRNHJSd3E0Y1pzQXpjTGE2d2Fud3pFY0xKZm5UMWF3X3Q2TFZ0Wm42R21FLUppdHBld0VrZmE2eVhMNFRCRmxrMGxmb3hjTUVVM1ZnbkduMzZkS0E?oc=5,Yahoo奇摩股市,0050分割就該買？他困惑「價格沒變」買氣為何暴增 網曝這一大主因！ - Yahoo奇摩股市,0.0
2025-02-22 10:30:00,0050,https://news.google.com/rss/articles/CBMi8AJBVV95cUxQdkVhbndGLVFNemtxZm54YjJwRktXTjBCNVBfSHFoMWR5Z3d3cTk0djJNdEpVZldCTjhtZXNsR2I3YWtMbEgxbDJlOEh0U0x1LXFRRjV1TVJhdnp4emlwUlhzZFVUZzFrQnhfRDRIRm5vRXAtTXZDc1Zrazd2R3Nya2lXUTVlU2ltOXU2QmxYdi1DdWFZUHZHSEhQOGcycDhjSmxycm1oVHRqdC13cXRaNXd4akxDeFFyRjdoN3hPM1J0WWNmMDBMaDlXbkwzeTlfRnF1VmNGb3ZfNHkyaWxFSHA2QTNIbmxLQlA5bDBtdjRsdFk0dFFRaE12ZkpxNF9wQjNJY2hpNEN3bkVSYllsODdkRzRsV0hEbjZhOG1QSW9tZE9pcGdfWjJnS2NLR3E3aXBPX3JuYWtENkNpNzNyT1M0QTBlT0dBMXpZdzRwYjZiWWJKd0M3ZEtZaE1MMUVvZzlCRUY3cEx2MVc2bkZlTQ?oc=5,Yahoo奇摩股市,討論度大升！網稱現是0050「入手好時機」 外資本週反倒1.5萬張 - Yahoo奇摩股市,0.3
2025-02-22 23:33:00,0050,https://news.google.com/rss/articles/CBMiX0FVX3lxTE0xRGd0d3BGLUJpaGlSUFNVN01tdi1JWmh0aThkZWpGUHN4ZU85T3hNeHZVMFlvYVNneVI4Vm1HeUJ6X1BnNV9nMFUzZjVTY215WEZQaFpLazBUN0ZDMmI4?oc=5,工商時報,不只0050、006208能選！市值型ETF這3檔新兵來了成分股差在哪？達人教戰- 理財 - 工商時報,0.0
2025-02-24 04:33:27,0050,https://news.google.com/rss/articles/CBMiigNBVV95cUxObC1xUlZ6T3B2eTQyZ21OZTV1Z2cxYUVYS1E1YmJMWHdtMTVEMEVvQkVDQzctTjVpampNRDctUk9mZTd5aE9EdGpaS0h2LVdfaWwxeG82WHNXdEpfVERmZm9DcEVmZXVSaUVkR3dLNWNOUlo0cm5MUEtaOTJHUUNjSlZyTk15ZmZzeHI1M3lqWW9wbWxTbGFGeGlEZm9BRDJ4Qm4wdTlmaE44UHN5WEt5Y082Y01uSS1pNVNyQ2RVdUJPTGNyNmlQVTNyeWV3Q3ZZN2FiczBMZ3NLUWUxNEFUQURkMlMyU3R6WTZ6cXpWVk12WjdjamZ3Z0tkaFpqZXFpY0NfX3lyd044NmExTzV1bThvcjlYZGFGZERjQVhnTEVmdXJFdmcyMHdMQzhwVXRuc1pLNDBZTlZNcFFtczBVT2FpNzVvLWpzREk1TERUWmd2cnZkbGl5Vmg4M0ZyWS1ZeXlBZXR2MlFGTW5zdkVSMGhfdE01cW0wYW11QjdYa1dxMTNmcWktUWpn?oc=5,Yahoo奇摩股市,0050分割案將起！他問何時入手最超值 網掀ETF分割真相：市值型一定「這時候買」 - Yahoo奇摩股市,0.0
2025-02-24 04:40:47,0050,https://news.google.com/rss/articles/CBMiigNBVV95cUxObC1xUlZ6T3B2eTQyZ21OZTV1Z2cxYUVYS1E1YmJMWHdtMTVEMEVvQkVDQzctTjVpampNRDctUk9mZTd5aE9EdGpaS0h2LVdfaWwxeG82WHNXdEpfVERmZm9DcEVmZXVSaUVkR3dLNWNOUlo0cm5MUEtaOTJHUUNjSlZyTk15ZmZzeHI1M3lqWW9wbWxTbGFGeGlEZm9BRDJ4Qm4wdTlmaE44UHN5WEt5Y082Y01uSS1pNVNyQ2RVdUJPTGNyNmlQVTNyeWV3Q3ZZN2FiczBMZ3NLUWUxNEFUQURkMlMyU3R6WTZ6cXpWVk12WjdjamZ3Z0tkaFpqZXFpY0NfX3lyd044NmExTzV1bThvcjlYZGFGZERjQVhnTEVmdXJFdmcyMHdMQzhwVXRuc1pLNDBZTlZNcFFtczBVT2FpNzVvLWpzREk1TERUWmd2cnZkbGl5Vmg4M0ZyWS1ZeXlBZXR2MlFGTW5zdkVSMGhfdE01cW0wYW11QjdYa1dxMTNmcWktUWpn?oc=5,Yahoo奇摩股市,0050分割案將起！他問何時入手最超值 網掀ETF分割真相：市值型一定「這時候買」 - Yahoo奇摩股市,0.0
2025-02-24 05:00:19,0050,https://news.google.com/rss/articles/CBMi0wJBVV95cUxNYkd6TEY1WURvNUtVaG9WLUVlSFRvZW5Ddm5DSk5XRGY0eWVqU2pydzc3VFU5Mmd0eW82ai1BcE1scWE3MEttQ25BZHF0YVRaU0VtWGo3QXYyQzJfMnBnTFVRZHVuMGxNeWFhclBaMGtwT0x2V0lkdmtnekc5SjFKakNLQmlzLWU0eUwya1U0RWRNSWh5OUxrRllUamQ4c3Ywd1pFVUNYSXQ0MkZBTl8tZ1Radm5ZNDdyX3ZQV0Q2ejdpeTMtcGQtd2hFT2pvbmNsamVJNGMybUJQOXpmdnltaDZOUUwzVHd3M3pFaVpZamxWNEljZy1qd0dSMWk2UTlpTXR2SlBRdUJEZmZTMHhDaXAxT0ZkdFZOTHlralQzOWZEWW8waGtSalVwck5kVWlhVS0wcUJfU1pNWVRfcExRWE9HekIwaXlwUzlOc3YxakdDM3M?oc=5,Yahoo奇摩股市,0050強敵！1萬元就能入手 009802、009803、009804…存股老手看法曝 - Yahoo奇摩股市,0.0
2025-02-24 05:00:22,0050,https://news.google.com/rss/articles/CBMi0wJBVV95cUxNYkd6TEY1WURvNUtVaG9WLUVlSFRvZW5Ddm5DSk5XRGY0eWVqU2pydzc3VFU5Mmd0eW82ai1BcE1scWE3MEttQ25BZHF0YVRaU0VtWGo3QXYyQzJfMnBnTFVRZHVuMGxNeWFhclBaMGtwT0x2V0lkdmtnekc5SjFKakNLQmlzLWU0eUwya1U0RWRNSWh5OUxrRllUamQ4c3Ywd1pFVUNYSXQ0MkZBTl8tZ1Radm5ZNDdyX3ZQV0Q2ejdpeTMtcGQtd2hFT2pvbmNsamVJNGMybUJQOXpmdnltaDZOUUwzVHd3M3pFaVpZamxWNEljZy1qd0dSMWk2UTlpTXR2SlBRdUJEZmZTMHhDaXAxT0ZkdFZOTHlralQzOWZEWW8waGtSalVwck5kVWlhVS0wcUJfU1pNWVRfcExRWE9HekIwaXlwUzlOc3YxakdDM3M?oc=5,Yahoo奇摩股市,0050強敵！1萬元就能入手 009802、009803、009804…存股老手看法曝 - Yahoo奇摩股市,0.0
2025-02-24 06:55:00,0050,https://news.google.com/rss/articles/CBMiX0FVX3lxTE1TdDZ5eTQ3MkQ3Z215RnpoLXo1aHYwREVJYlJxd1RqWXpGNFpVTHlCTlFBTG4ySVpvZFI3MkdWcHlLYmwtVTFqaWh6NGVObm9OdFJqTXRhNmFtR3ZrN0M0?oc=5,工商時報,0050之後這檔ETF也宣布啟動分割案細節一次看- 理財 - 工商時報,0.0
2025-02-24 08:50:00,0050,https://news.google.com/rss/articles/CBMi3AJBVV95cUxQeW1PS1QxdzZCZkVnVW4zVUVmTmFXWnJNemlpSVNnTHhseHlGVUJyRm85c2FtMzlVRWkwNEQwYUpuOURXbDBYMzA4RTFRaUdVN3dYY29vSGM3WFJCUUh1MENsUDQ2czRETWRvZWh3a2l0VnRIOHdIbHJUNzJQbXNWbUVQLXRzTkVEWDBIRnM0YWZkTE1fWndjeUdxNThXVTZNN0Q4MW9mNmpaQW9pR0tPa2VlRFlTWWQ1dHV0YkxVMUpzY1hLRU9XRWd5bjdqWDBic0dqMUhVNkVKb2F4dWdZYndwV2F1YWpPUHR4eTI4Q0JCa3NMRE5ySGZLZnZ5bG9kTC1aS0xhSnA3RXVIZGE0aTNRVHhMY283RUV3VmRMV0dHT291YjktLUVoUUpqYnduVmxTN2ZVLUxzNXpPUkFCQjdtUEdZWFdpT2lMRzR0eVpxOWxBYmx5eWZzSGE?oc=5,Yahoo奇摩股市,歐印0050風險高？他欲搭配00713分散風險 網勸：不如丟「這檔」 - Yahoo奇摩股市,0.2
2025-02-24 09:15:21,0050,https://news.google.com/rss/articles/CBMiigNBVV95cUxPdW9WNHNXaFRGR1lnbV9vTHRrZWprNDN6NFFmTVUzaklwYzJzR0R6a2U3V3F1MmtmR1pHdG1aRnhTYVk5X0hOMkRjV3hHSkJqazY0d0tueF9tUE1paWxNME10RmhsT2gwNnpNeW5vLU1YU0hDcDNRY0RyRzVuZHdHQUVJTW1EdHZzWDI4TFZHOFpWZ0g1WmxVTHdNQ2pSajJkSldyTGRqVUJLU0l5YWw0amJ4RXJqM3hmbVdFMUZhYnlxV3pqUWdleWxDWUhiWXNidDhidzZfd3FkMG8xMmp3cThWcVZBaVZDeXdSOVUzOWpoX1NVT3phSVNReGJsRGY4MXo5MkhiS3B2OUU0MU1RR0dLV3JzYkNCdmhlRG44R1ZianVWczJUQkhlSkEyU2U4ejQ4Uk9sT21VTXBPNlBLbjFGMElzYmlQdnhnaE5GYUtNcmpqbk0wdWNuNzZzTU9RbGVuOXNCb2JPekFOcXB6TFFlaTd0SjYzZlJEUzFieFF6U1lHTWh2dlFn?oc=5,Yahoo奇摩股市,【2月台股ETF風雲榜】0050拆股夯！單月增逾9萬粉奪冠...狠甩00878、006208 - Yahoo奇摩股市,0.0
2025-02-24 10:30:00,0050,https://news.google.com/rss/articles/CBMipwNBVV95cUxOR3hoallmeHFhUWJ6N3RKWEt1LUVTRHBZMUstdE5vd3VDTTNKWW1LZ3FXMzBVRDBsSmQyZjBrcFNaT1F1dU9KdTh3MDRVMDJpV3JWM2EwUV9fX2w2WlZoZWY0UUNmVnFkQ1FaN25hazZla213aGtwRHB0TmFLSGZpdUVLaFlIODhrUzJ0bjFUcEJERWlsXzItb0RsZ0R6cGppOWRjRGJfZUl6UU9NWkgxaV9fNU1FQzVoRWZVUVowbTRaekZHdU5SQkR0YW0tVnZyRTExOG5uNEZ6LVY2SEJ0V3AtbjFkRnNDQ1RNM0FVOFZSMUZ5T0VQdl9JN0t1UzdoMllmNGpPUWNnY1BDTThLRTROZlR2MFc4WEFWN0t6NE9BYTBMUlN1ZXRWcWxMQkt6T2J3LU92VUFFQzc0b0ZWZWt1VHcxandQQ040cEp3M1JVR0tmYzNPaHJmeW9Ma1pNYlZKb3A3Mi1OWTFZMTRYb29PcTA0bXIwSUo1ekp4RkdhR1JhaGFMbzRicmRYYV9qUFgwTFItRWtCWVpRTlFCYU9OSm1NaUE?oc=5,Yahoo奇摩股市,0050擬分割！外資不愛丟破7千張入手14.8億 「這檔高息ETF」配息縮水也遭拋棄 - Yahoo奇摩股市,-0.3
2025-02-25 02:46:47,0050,https://news.google.com/rss/articles/CBMiXEFVX3lxTE16VkVOT3B4azVxTjZybDU2bVA0aTFQRXVqc2FldUxRNk5kLWlpSGE2cWNndmotSnIxSS0yRnI3clNRYVhQTzhoVkZGcTZZbkhRVDg4dmRNY2FVd3Nk?oc=5,經濟日報,調降費率、股票分割…0050 大動作降低入手門檻 會帶起一波台股 ETF 降價風潮嗎？ | 行家心法 | 理財 - 經濟日報,0.0
2025-02-25 02:54:53,0050,https://news.google.com/rss/articles/CBMingNBVV95cUxPajExc1hPeEViQXk5aFdoTnBrVHIteEZfa29WZHRRbEZnV2JEZXJEdldkT01IdmNoYW9Sbmo5eGZ2RjJhbXdOcWRwTklIZHh5bjc0VEdJRUpwR281WlRhbk5ESk1jSWQ2VFRVanMtemRfYmRHb2pQbWpfWXFRM3MxVDdLWFF3Umgyekl5NWZTcUdyb3FoRmczdXc0QmtaSF9TeFVjZVppU0FWNFdSQkFnOE5wUkVYTVMtaHVxSGIxRDZldTRRWUItdHRZblhkUl82SkdmQ0szNVdObHZZWkhNS0tHbFd2Q2dQNGlYZmN4eGl2YlY4bkdVbWczcTVsbmdwak8wZkZUS01CWTdzS3FLWmdNWGNsUG9iZ2Q4S1NqSGxORkE3WHZBR29xMUZGYTFTemNvZjN4cHNHTEFpa0FvMF9JQnJ0amc2Vm1HWXc0THhLcUxhVjhDUUMyVXk4WFk2blFmVHhoMnVrekpxNUFBdFlsNWQ4RER4dDAzZzZHVnVVWmItd3hTUG9xTGVoLTVCd0xIckNPZlBjVFllZUE?oc=5,Yahoo奇摩股市,【2月台股ETF風雲榜】輸給00929、00940！ 00713、0050等20檔慘列「績效末段班」 - Yahoo奇摩股市,0.0
2025-02-25 02:55:51,0050,https://news.google.com/rss/articles/CBMi7gJBVV95cUxQSk8xaFBhY3RvOVBrRmFtTkdpVlU3NGg4Z09pcEVZWmJwTXlEVkRiRGg3ejMzT0x2c2Z4bW14QlBMcFQxdHIzM3FtY0lGem5YR0VOb0s0WWlMeXdGMzVqVjdSSjZZU2J5YWhIZGFEZmRQNFh0dzctdUFIMmd0ZGN2djVEdVlTc2dZU1pmMlYyUVhDQ3hDampJbzZEem44c3Z5OUZXUTRfaHNxTDlmbDVFb3FYdXV6TE5oeXBTT0hrcmpVR2NNeGlUYl9rd3JTMmgzdko2MWEya0lFMk9VOE16eVFrV1lacTNPWnJzaE1VX280akZMLU9oTmlNdllKRUdLb215MjQ4eVdtM0tydFNtVWxMTXp4VzRVYTcyX0ZnQWxrMDRRVVVzcnBpN0RfQnpVYklkLWlpbUdTMjJEdEFka2FTbjBMcFZOX3ozSWtVb1NyUlZlYnBnMGhyVy14YXUtcFpGNkFSUEJzdTdLd2c?oc=5,Yahoo奇摩股市,【2月台股ETF績效榜】輸給00929、00940！ 00713、0050等20檔慘列末段班 - Yahoo奇摩股市,0.0
2025-02-25 06:33:00,0050,https://news.google.com/rss/articles/CBMiX0FVX3lxTE14YTQtcnBEaV9CLURIWnY5aVRtZFFWTjc4d2JuQUV6TVlrZEV0clZBWkg2NWREV1NJRWJ6QVBpSkhURUMtXzlHVGVxRnBTSzhoeU5uS2RRUDloZlRFZ19r?oc=5,工商時報,0050「1張變5張」買到賺到？達人喊現在多買只是追高！ETF降費拆股背後有原因… - 工商時報,0.0
2025-02-25 07:39:23,0050,https://news.google.com/rss/articles/CBMi7gJBVV95cUxQSk8xaFBhY3RvOVBrRmFtTkdpVlU3NGg4Z09pcEVZWmJwTXlEVkRiRGg3ejMzT0x2c2Z4bW14QlBMcFQxdHIzM3FtY0lGem5YR0VOb0s0WWlMeXdGMzVqVjdSSjZZU2J5YWhIZGFEZmRQNFh0dzctdUFIMmd0ZGN2djVEdVlTc2dZU1pmMlYyUVhDQ3hDampJbzZEem44c3Z5OUZXUTRfaHNxTDlmbDVFb3FYdXV6TE5oeXBTT0hrcmpVR2NNeGlUYl9rd3JTMmgzdko2MWEya0lFMk9VOE16eVFrV1lacTNPWnJzaE1VX280akZMLU9oTmlNdllKRUdLb215MjQ4eVdtM0tydFNtVWxMTXp4VzRVYTcyX0ZnQWxrMDRRVVVzcnBpN0RfQnpVYklkLWlpbUdTMjJEdEFka2FTbjBMcFZOX3ozSWtVb1NyUlZlYnBnMGhyVy14YXUtcFpGNkFSUEJzdTdLd2c?oc=5,Yahoo奇摩股市,【2月台股ETF績效榜】輸給00929、00940！ 00713、0050等20檔慘列末段班 - Yahoo奇摩股市,0.0
2025-02-25 10:30:00,0050,https://news.google.com/rss/articles/CBMizgJBVV95cUxPR09xNWxaZzdySVhMTE1OUEhPd1Zwc09mYmYtNWF2cnNFdjNxaWhLdzk5S3lybm13T0gyTENBaVRNajBSYzQwbXZPai16aWtyODIyTDlKVlRjWWtSRkpBVlpUOGRCZ2U1V3M4LThQSFN6eV9HTUI0bUNHal96ZlVWdWRXMWNndDJ4U2kxY3Bpek5TT0k3cXk2ZkRWSUdaSDdabVBTUnNvZmFVaGNtU1pFbDVvQm1JY204bHcxRDNoQ0JZdWhZYThsQkVjSk1oZW5sQjhEWHlTY1JTd1BZbGFYeWozRndpVkVTOUZybGZDM3pkLXZlbllfdE1uWHh5eEt4cmFQV3VsVGtNVnhxQ2dpX3luZlBaTHhjM0ZwOHd5NlJDbjVRWnVmajhqWHQzTVJQYU1rcHFDLWlFN0ZyVnZQMTZxU0ZPVDdjQXFEM21B?oc=5,Yahoo奇摩股市,0050可望4萬有找！外資狂賣513億元...0050爆砍2.1萬張「提款41億」 00909、0056、00878也逃不了 - Yahoo奇摩股市,-0.8
2025-02-26 14:20:27,0050,https://news.google.com/rss/articles/CBMiW0FVX3lxTE81Wi1zc3VQSDZ4cGhCaU5Zb0xBYmFvYjVvRzJYZWlhQVRBUU4yYTQ1dUxNTDJ6M3JVVUhaVk9jX1VYR3hzN0VJSGh3bHdOQnhDV0dXaHNRcHJ1NjTSAWBBVV95cUxOcVFaNGltaEtZcDVaTjhNMENFS3Z3NlAtakdKZWdEcDFIYXEwOGJlcjEzTTBwT2VQSTQxUzVDdE42cEd6cVdMLUxTWWxCZ05JRGY0OHo4WHhWYXJBVHdPVFI?oc=5,經濟日報,0050大動作分割！每張4萬有找，投資人能藉此受益？何時入手最超值？ - 經濟日報,0.0
2025-02-27 15:15:00,0050,https://news.google.com/rss/articles/CBMi-gJBVV95cUxNc3k3ZGh4NlNSX0g5Z2gtVlVadE83a1M0NHUzZ1o2U2cwSnZmbDJXVzY3aDFIZFIwX25maXVkLXFieTNjY2NUY0lYMHh0VnhtTFZYQlg1WWFJSGlhRmNtOXNLUEVUUGc4RE44U1kwMk45NjZxM1NNNnJfdnZvMEl2NlVtclFzWGNoWDlGelhRbkI2TTQ5SFNYc3RUNk5KeExRU2VKNWZuSDUwQ3JJTC1mUGs1U1NzZ3FZaHUtb2prX1g3S0tsY2QweHJtNVlLajFUVkRSMi11WTI4b2lqdDYxbkJlQU5ORFdwTmJQZlBha2JkMzZfMGZBMUc5eTJyY2hHeEJUVkUwRUY5WWZQOUtRZXp6cENNLUtFS1JNOWNnOW4yV3N0d0hQSTJ2NW40LTRJVlVUb1ZmMGF4SHQ2UFpOTF85RU5XQVdJdG9LR0c1YTdkZlV3bHpFYUhneERmeEpQdEpWa19HMzFXdGhBU0NxclJiek8tVUJJT3c?oc=5,Yahoo奇摩股市,台股崩跌349點...外資賣451億落跑！0050被提款28億元 00878、00919遭砍上萬張 - Yahoo奇摩股市,-0.8
2025-02-28 03:38:33,0050,https://news.google.com/rss/articles/CBMivAJBVV95cUxPUlBqdk1iTXJWbG4yYVY3TmV2c1J2YU84dWl3WGROekZhS053aDFTa0lsV2QtVk10eG1SZE5aZ285bnJzLWUtbFJIU3FIaVFqZ3ZYNy1FcEFKNDZwdGhGT1hlSVdBT3I3MTZYVG9OVmtVdWozcmZOVWxOMnFiYnpoejZaQzA5Q3ZsVkE2RUZYYkF1dkpXeXFTMEdBc29oNHRXMXRZTG1uOUZOQkpSQjFtdVpEY2s3dVJaS3NtMERTM2RKa3FFRWtLck5fWkdWcG5Xdi1tazUzQVlvSlBhbFZVZng5UWV6REpnaWRpVUFUVW91czRRV2dmWkN2WU5lbDN3VXBsOTlqZTRUUXpfYWZhd1dOMURsWHNMNmtRSThoU1h0M3dWSGQ5NGVDQ3pMTVVIYWZpd1dhS2x1UDFS?oc=5,Yahoo奇摩股市,0050分割要來了 董座劉宗聖親曝真正原因：有3點 - Yahoo奇摩股市,0.0
2025-02-28 03:38:33,0050,https://news.google.com/rss/articles/CBMivAJBVV95cUxPUlBqdk1iTXJWbG4yYVY3TmV2c1J2YU84dWl3WGROekZhS053aDFTa0lsV2QtVk10eG1SZE5aZ285bnJzLWUtbFJIU3FIaVFqZ3ZYNy1FcEFKNDZwdGhGT1hlSVdBT3I3MTZYVG9OVmtVdWozcmZOVWxOMnFiYnpoejZaQzA5Q3ZsVkE2RUZYYkF1dkpXeXFTMEdBc29oNHRXMXRZTG1uOUZOQkpSQjFtdVpEY2s3dVJaS3NtMERTM2RKa3FFRWtLck5fWkdWcG5Xdi1tazUzQVlvSlBhbFZVZng5UWV6REpnaWRpVUFUVW91czRRV2dmWkN2WU5lbDN3VXBsOTlqZTRUUXpfYWZhd1dOMURsWHNMNmtRSThoU1h0M3dWSGQ5NGVDQ3pMTVVIYWZpd1dhS2x1UDFS?oc=5,Yahoo奇摩股市,0050分割要來了 董座劉宗聖親曝真正原因 - Yahoo奇摩股市,0.0
2025-03-01 03:49:53,0050,https://news.google.com/rss/articles/CBMiwwJBVV95cUxQNk5oOEpYd3h6UFpzX0c2aW5KUmg5R0xTb211QlBxaGpQbnNZTGN6c0U3elpBNW5DTkpmcjJaWWRKNUctbUF0VnJpaFJGN1NHd0l0bHhwNjhGV2xtZ0dWeDItclhiLUZ6M1JaSC1PakR4c00tbWFuOFBuX3g5X05HUFNYRjhSakItcmRucnkzX1NpdDhnN1c5bzcwZERJY1VzRnFmTzBjTnNsOWNyTU1qd1ROZlJCcGVsemlScVFDVWNMd0NVbXNoQllUSlk4Sl9veEVLdzFSUFJsWG1tWm1mVTd0WWF5UG01NEFDd1pad0tZWWpPb2w1UGlVOUlwYlBvYVBYUUpsR1REZTZOb1NScE5teGFuZE9UVHRsQ3dITm5PMFE1T3RjZHFzdFFGMHM2Q2hNbHBVUmx0QXlxUU9FR01EYw?oc=5,Yahoo奇摩股市,存款150萬！他問買房當房東或「all in 0050」報酬高？網提1關鍵 - Yahoo奇摩股市,0.0
2025-03-01 14:57:10,0050,https://news.google.com/rss/articles/CBMiWkFVX3lxTFBOQzZPeS1YU25yRUlXc1ZDLWhvLWd6TEx1QVpIS2hSYmtxdm4wdGRTR180N1NwSURkcUNxSFJNeGNwYmlxQjV2ZVBMbFVkSVA1Nk93NE96NkJwd9IBX0FVX3lxTE8zOGRYcW1lUDNrQ3Q0ZmxvdHNxVEloYjFsb25aWFhWNUdMOVdXV3FETFcyemZkcGpPdi0wVVpCWkxvUGhUd1VHVU91VzE4ZWRhRzZQNjdYTmw3LTNTRWtv?oc=5,經濟日報,元大台灣50 逢回加碼 - 經濟日報,0.3
2025-03-01 15:07:58,0050,https://news.google.com/rss/articles/CBMiWkFVX3lxTFBOQzZPeS1YU25yRUlXc1ZDLWhvLWd6TEx1QVpIS2hSYmtxdm4wdGRTR180N1NwSURkcUNxSFJNeGNwYmlxQjV2ZVBMbFVkSVA1Nk93NE96NkJwd9IBX0FVX3lxTE8zOGRYcW1lUDNrQ3Q0ZmxvdHNxVEloYjFsb25aWFhWNUdMOVdXV3FETFcyemZkcGpPdi0wVVpCWkxvUGhUd1VHVU91VzE4ZWRhRzZQNjdYTmw3LTNTRWtv?oc=5,經濟日報,元大台灣50 逢回加碼 - 經濟日報,0.2
2025-03-02 04:20:21,0050,https://news.google.com/rss/articles/CBMi7wJBVV95cUxONHU1d0M1MWhpRkswcF9ydUk3MnRFN1p4T1hpTGdGUTlJSmJsX3VZb3lENXZ5cy1KMVVVWVU4cHM5SG9HWktSS1dteEpzWGk1UjZvZU5HbTN3QzM5WFNGeTc5ODRYemFLd1RxOXdXYXdBNkNWRk9pQTlSMjV3OGRabjd3RjhTRVV3WjN0aDFZNmJvN3JQaURqZFNkLVRtWUV1RXRNejh4QTZEclMtaWhrcE5wZW5hWUJFNHRiT1F0VHZZV1M3YkRxbHNHclYtM0FXckxlUTNiYXdnYlFlLWFqdlUtWFU3YllLeklJODc0VF9odHc1U0tvQ1ZvUzNwTU5wenhSUUVTLUdnb2l2bzBRN1ZXdldGbW00Y0laU3F0WGEyY3V0TEtsam9xQWozQnVUV2RIQkZZMHljcHpiSVhBRWlvMXNlVDZfM1QyamZILTB1V1ltRnZvOWY0bU0wUFJkTy04WDdTWXpXUWpKVmgw?oc=5,Yahoo奇摩股市,買房還是買0050？情侶檔猶豫20年後財富差距 網一面倒選這個 - Yahoo奇摩股市,0.0
2025-03-02 19:00:00,0050,https://news.google.com/rss/articles/CBMiX0FVX3lxTE9WOHdUYW5ubTMzZ3pYOWNMRnVnVENsSmRjQW1pNzBSUXE0MklGYV9BalpYZVBYZnhsT2hiOHY0cXdLUzRleEtrQnk2VWhTMzNvZ0FVSlk4R0JYZVBKZERB?oc=5,工商時報,國民ETF更親民0050迎2大變革- 日報 - 工商時報,0.0
2025-03-02 23:20:00,0050,https://news.google.com/rss/articles/CBMi6AJBVV95cUxOU0NuZjRlY0VCTHFwT2VWYkhjZm5nZDlvem9ScE9EaThBM20xLXY3WTBYUmowSG5TeWg3Z3plRXg2SVJBRWp1dGZyazBia1J2ZnhTaXlPeXZRcnU0S1pVSkhFd3N3Vmt2RTRGTWQ1VmlGR2xETG1uODN1QUNPVnNxbUdNMG1xbnd6OVF6Wm9LLTAtclpDR1ZJLWsxWWItbkFlemtZVFpVVnRqZUJRS2RWUFpQY2RJR0NGNkhjQmJKOUZuQTNUMGxEODRiNGlxSzFFZjFhemEwUnRKa2VMS1JuNjJLRlVDLWJlTndwLWR1WGVWcy1oQXFaX3JYMzJaSW9iLWRzaDBNS21CaDZQOW1LZElSbm91Tlo4bWNnRVNVeVkxNzMtaGRreDc0NkdjUmFuWEdPdlRIQVRoT0loNldQS24zU0VWVVhqOU14UTE0UDR1RnB1aURDUnZqZE0xY2lad1lZOFd0WmI?oc=5,Yahoo奇摩股市,股價分割太誘人！八大公股近20日砸34.8億猛掃0050 狂敲「這檔」10.8萬張...網驚：幾乎天天買 - Yahoo奇摩股市,0.6
2025-03-03 07:47:50,0050,https://news.google.com/rss/articles/CBMieEFVX3lxTE1nLUM2UVJybF91VTR6V3VqUG13RERvS1JwRFUtUUl6RUo3TWQzUDhaeTBpLUE1Y1I1N3lNWEhTaXp0UlJESzd5Z0dyeFY5OWM1aTNMbGxPcXVtVHB2SU45WlJXZ1ZQajd3eGR1ZkN4V3MzUG83YW40dNIBX0FVX3lxTE1Ba2VhcWsybHcwMnpIOGVBNHI1TmxQUERPMjh0ZFd1S3kyY091dUIyMHlVb2RXWWlXNFBCYlRWNGdlQkhaUXNJR3M5VWZiS0pkQlBmOHV1TFdJblBtM3JB?oc=5,經濟日報,台股拉回 ETF 買氣熱 0050成交逾百億元 - 經濟日報,0.3
2025-03-03 10:07:30,0050,https://news.google.com/rss/articles/CBMiT0FVX3lxTFBpYTQ3aFU4bnpQVXlVTko4OWxPN3dlN0d5b2pOd3ItLTNWU0QtWmlMdG1NeTRuYjRXRGZqNXM0YW5lSmRxdXZyNlpUbVhqbTQ?oc=5,Anue鉅亨,越跌越買！無懼台股逆風 0050爆大量成交值突破百億 - Anue鉅亨,0.3
2025-03-03 11:03:45,0050,https://news.google.com/rss/articles/CBMiT0FVX3lxTFBpYTQ3aFU4bnpQVXlVTko4OWxPN3dlN0d5b2pOd3ItLTNWU0QtWmlMdG1NeTRuYjRXRGZqNXM0YW5lSmRxdXZyNlpUbVhqbTQ?oc=5,Anue鉅亨,越跌越買！無懼台股逆風 0050爆大量成交值突破百億 - Anue鉅亨,0.6
2025-03-03 11:45:26,0050,https://news.google.com/rss/articles/CBMiWkFVX3lxTFBWbEVwLU0zMWgzZGdNaVF3SGF6ekdaQVJpTVJQUWx4OEtyc2FjalZZdzFaWlMzTG55dWFHNnlEX2NLWVktSXhjVEFpbER5U3hseV92eEhhQzl0UdIBX0FVX3lxTE93bklBY3ZvX3lXUC1tOS1rUU03dkp2c3dxYXpRSUsxa05pMER6V2ZuZmc2SHUyUURld2wxMy1NLVA5cl9IZmNSUkpVUUpzNnd5eWtqUzBoQzMtbXlVTDdn?oc=5,經濟日報,外資賣超572億元創今年第2大 砍0050鴻海台積電 - 經濟日報,-0.8
2025-03-03 11:54:16,0050,https://news.google.com/rss/articles/CBMiT0FVX3lxTFBpYTQ3aFU4bnpQVXlVTko4OWxPN3dlN0d5b2pOd3ItLTNWU0QtWmlMdG1NeTRuYjRXRGZqNXM0YW5lSmRxdXZyNlpUbVhqbTQ?oc=5,Anue鉅亨,越跌越買！無懼台股逆風 0050爆大量成交值突破百億 - Anue鉅亨,0.3
2025-03-03 21:10:25,0050,https://news.google.com/rss/articles/CBMiT0FVX3lxTE9sTzQzeXNwUjRXR0VpYVd1VjR6Z1FwcU9WZktRRnBOUUZQVzNRanpVMFdiaEF0MW9ONmVCcFotSUlIall0VFY3UVotRHhFRzg?oc=5,Anue鉅亨,〈台股盤前要聞〉外資狂賣572億失守半年線、0050成交爆量破百億、台幣拉起楊金龍防線 - Anue鉅亨,-0.8
2025-03-03 21:10:44,0050,https://news.google.com/rss/articles/CBMiT0FVX3lxTE9sTzQzeXNwUjRXR0VpYVd1VjR6Z1FwcU9WZktRRnBOUUZQVzNRanpVMFdiaEF0MW9ONmVCcFotSUlIall0VFY3UVotRHhFRzg?oc=5,Anue鉅亨,〈台股盤前要聞〉外資狂賣572億失守半年線、0050成交爆量破百億、台幣拉起楊金龍防線 - Anue鉅亨,-0.8
2025-03-05 19:00:00,0050,https://news.google.com/rss/articles/CBMiX0FVX3lxTE5PZmxkZlJkVk9xaHEyZURjclhGel9jWVBwTGpMUVNRVmdMdnFDc1EzOUZZWjRxSWV6a1B5cUJsVmFnX1d6OEdaTmpma3RJR3laS1hjQlF6d3lHbzFZQjBj?oc=5,工商時報,高價股掀分割潮世紀、0050將加入行列- 日報 - 工商時報,0.2
2025-03-05 19:00:00,0050,https://news.google.com/rss/articles/CBMiX0FVX3lxTE5PZmxkZlJkVk9xaHEyZURjclhGel9jWVBwTGpMUVNRVmdMdnFDc1EzOUZZWjRxSWV6a1B5cUJsVmFnX1d6OEdaTmpma3RJR3laS1hjQlF6d3lHbzFZQjBj?oc=5,工商時報,高價股掀分割潮！世紀、0050將加入行列法人解析股票分割影響- 日報 - 工商時報,0.2
2025-03-07 09:23:00,0050,https://news.google.com/rss/articles/CBMiX0FVX3lxTE8xa09fM2hlU2lTWHY1U2hrNGhsMGx4SHNIT19KWGpYTDVKX0hrRzh4djBTTlJnNEJoRXRJNldJeFZMYko5RS1HemF4NERlc3FOb05JNV9DUkVCcjR0dFc4?oc=5,工商時報,0050、006208成份股調整刪台化、納萬海- 理財 - 工商時報,0.0
2025-03-07 09:31:42,0050,https://news.google.com/rss/articles/CBMizAJBVV95cUxOaER6ejNrdmFMMVNGbGdGTzVURXlYdkh3VnFXcG5iVGFSdUVJNFpBQU5WTVBGb3lWTndPM0tlSmhaTWhCZ3VCOS16Sm9rNUhCYTZXNUhGbEFnMEUtcUxzdHk5N3dJQmdtbU0ySjBOblZrYnJiV0hIckM0WVdaXzFRT3cxVEc4aF8tQ3ZYdXVHZGliSTM2VGFuMHJqbTVNR29sN3VpOUNhbks3bTFoMFF6NDhZZlR6Skl2YjNrZVR3Ukx6WUtUMG94enlnZjBRYmIzZnZwSmdnaFNOVTJvZEFjQlZjWEMyQmk2ckw3ZkljTmdrQXVDNGFUYWljMHFUYk0yN1EyUTRYbEhrdzQ1aGdNa0F3X2pyZmcwRWtCWmxyNmZZRDE5UUlVY0FnSmxyRHpTUUlRcVZsdEVncEtmYU83VUQyYWZqZVVsQjdxSg?oc=5,Yahoo奇摩股市,0050、006208換股！新增萬海、刪台化…逾百萬股民關心 - Yahoo奇摩股市,0.0
2025-03-07 14:55:12,0050,https://news.google.com/rss/articles/CBMiWkFVX3lxTFBrSUlnMm9YSkpGNUNnVDRMbnhybGd1UWM3cnpFM1Q2c2FTeWhOcjR6SjBzQ3ZQeUhaQnZPOGEyMnpKeWFoMkZlVmhMRGh4b3J1UzY4bms5X21mQdIBX0FVX3lxTE5OUk9hZHUxQURPXzYyM1AyRkJvanZ1RW9mQmlIaHI5X2ZGcXN5djF5dk9yaGdyLTF5V1dEcC1MT1ZTMzZyVUtycTdSNkk3NElFdkZHMEY4NlZKdlRtVkM4?oc=5,經濟日報,"一周熱門零股／0050成交突破2,000萬股 - 經濟日報",0.0
2025-03-07 20:10:00,0050,https://news.google.com/rss/articles/CBMirgJBVV95cUxOWVBxWmt4N0JoS1ZXN1dtbVE1X2dralNkb25wbk1ncHh2RGg0OTZNRUFEWU05eURfT2ExS2c4UmRDYVdDdmc5YTQ0UDNaaXR4MURLR1AxOWdnNWpUazVGUndXMDV5ay0zWHFxLVNXVTdOTTliWkE5QzdEME5LcUtvNWRIRDltb2psZXh6RUJUSG1hV0VOajVGUHJwLXFKOHoxOVVIT0Z0SUY0amZVeW5kQWluLVNaUmZOR0hub0F0dHp3NGpwWFFtc2VGa2FyTnl3cThQWEtlTzJVdmxWNGItOEFaYjNEdnppNzJLalNLdzBNWVlNeHAtdGVpZGtfc0xKTGZzd2lJZjNfcnd0VlRzT2VoVU03MzdoWUxqRExXcjZsaXJiYjVtZ18xUFF5UQ?oc=5,Yahoo奇摩股市,0050、006208將換血 貨櫃三雄再聚首 台塑四寶缺一寶 - Yahoo奇摩股市,0.3
2025-03-08 09:32:00,0050,https://news.google.com/rss/articles/CBMi0gJBVV95cUxONklvSEpZbUJ3MEdCMWpubzlCLVNTTkkwSHBNaVhvQnlJTVVkS1VCQ19FODlFZXhzRGRtNHZUSDRqcUlWcVh6M0FwVXFUSjQ0c1p4dXZyMllOQXpiSVpOOWJMTjctdnVSamdQaHRfSFJvQjVnWFhVdFRfRTlQREJ0bk1QOE5oOUEzVjhVSFdYNThJMWZrSHJ0ZjIzMzk1VWU5RkZpY0N5ZGtLQW1Sak9wOVV5Mm5JWDllODBXb0xMUThZSWVrZ1I0NFNfWFJ4RllVX1pnSW41QUxKMFhwMG93WDlTQnIzWE9fb3hlMmt5OGYyaUZYc3ZBX0lfUWpPWV9MZ0hCYmtPVDIwaE1ObVFhbnp2eFNVUGVaYUY3c2trUGJJNnVCekJrLV9Nb0RRNm5hU00zUGhsdDNFVHFESno4emM0MTU0MzUzS2pVRWdBRDduZw?oc=5,Yahoo奇摩股市,0050、006208換股名單出爐！再度集齊貨櫃三雄 台塑四寶「它」被刪 - Yahoo奇摩股市,0.3
2025-03-08 10:40:00,0050,https://news.google.com/rss/articles/CBMihwNBVV95cUxOcHpfLXJFbEVmbzZCVGFXZzVHaEdndUJ5VWN5MTZveFFDZ0RCbWtVSnNkdFBPUHR4cVlFbGdBTHlBR0xxNHBEbGRWd3BEODRPX1NBVGoxUGVOSkh5SU96R3ZSXzhadkoxWnlDdHAtSWRNUDA1SVhacVQzQkt0OTNPOTl2VUVvVG9FS2dPZUd6THc5TXR6LVVZLUNHekwzSnBNal9YY0paY3VvVlJfS2ZKNDNXM29iTXFsWFE2alhlTm5oRVNyTVVhdEhTTHNjeWFucHJYWm5QdHo2c2lHVkZ3Z3hGeFB1ZDB4bThnaWZJR0F2YnBXdW9UOG1WTWpLbDA4V21OSm5QNW42S2UtYW9aaDUyNzFQaUZTRFhrX3dEa1N5UlEtSWVGd0d1eGpwVEdpM0IyNkR2bFltMnpSSFpoQ2FfVE9OVmFUbThCR2hsRXNKenY0ZnJWNXNsSVVkV0IzbTFvTmd5ZHc3MzlpTVFseFhMd2RRZERzNmdYS24weDJmOEw1elRn?oc=5,Yahoo奇摩股市,變成海的形狀？0050成分股增萬海「外資再入手百億」已砍5週 這檔「高息ETF」也遭出清8萬張 - Yahoo奇摩股市,0.3
2025-03-10 04:05:33,0050,https://news.google.com/rss/articles/CBMi6wJBVV95cUxOY2NUb21NR3diWkFUMmlULTUtdDc2Q25UYmZST2VGaVRTQjhaM0otSTdpSVF1NmIteTZ5dnRWUWczNGZPeHB0WGxzQWk4Yk90elAzUVF2ODlzUENPWjRuLTRrcXhYQkFtUFQ2elEwdVVxcENRQVRkZzYtd0pYVVlHTmdFVWFOc2dzaDZOazE2cEJIYXdxNXRCempWM1dBSTd3ck9hQ180emFrMkRTTVZCc0JEdGlWb2RmTTJlUXFrMVBMWk95MVM3Vl90dzNYNG9rLUJaTnE5NlpWTzk0WnBKZUVyd3kwb3p5cGxaQXJObXJVeE1UM2lJa08zWUZKOEI0SjEwRG9NRGJMZmUtVGw5ZWhrS1cwSmFDb1pXblRKdDZmQjdXVmhjQ0dhb0wxQjJSLUNybjd6Q3k1RlUzMUdWYUtFTWl0OWIzOHktRFpBR05NRXMzTTBaTHZtbEVEZHFHNm4wdXVmRW1Db00?oc=5,Yahoo奇摩股市,006208要反擊？富邦投信曝「1時間」回應0050內扣 網喊高股息劇本：今年割市值？ - Yahoo奇摩股市,0.2
2025-03-10 05:01:42,0050,https://news.google.com/rss/articles/CBMi6wJBVV95cUxOY2NUb21NR3diWkFUMmlULTUtdDc2Q25UYmZST2VGaVRTQjhaM0otSTdpSVF1NmIteTZ5dnRWUWczNGZPeHB0WGxzQWk4Yk90elAzUVF2ODlzUENPWjRuLTRrcXhYQkFtUFQ2elEwdVVxcENRQVRkZzYtd0pYVVlHTmdFVWFOc2dzaDZOazE2cEJIYXdxNXRCempWM1dBSTd3ck9hQ180emFrMkRTTVZCc0JEdGlWb2RmTTJlUXFrMVBMWk95MVM3Vl90dzNYNG9rLUJaTnE5NlpWTzk0WnBKZUVyd3kwb3p5cGxaQXJObXJVeE1UM2lJa08zWUZKOEI0SjEwRG9NRGJMZmUtVGw5ZWhrS1cwSmFDb1pXblRKdDZmQjdXVmhjQ0dhb0wxQjJSLUNybjd6Q3k1RlUzMUdWYUtFTWl0OWIzOHktRFpBR05NRXMzTTBaTHZtbEVEZHFHNm4wdXVmRW1Db00?oc=5,Yahoo奇摩股市,006208要反擊？富邦投信曝「1時間」回應0050內扣 網喊高股息劇本：今年割市值？ - Yahoo奇摩股市,0.2
2025-03-10 08:36:00,0050,https://news.google.com/rss/articles/CBMiX0FVX3lxTE1VQi1LX28zZEFTcElweFdUSUNVVjdnSDVxQ3M2c3h2NHljcFFOTzIyQVlTQVlzdnVCdmRzTW9wVkg1REN6LU1fVDJMN0N6aEhJb2plSmFRcTdkSHRZNXZR?oc=5,工商時報,0050強吸金 單周投資人數大增5.1萬 - 工商時報,0.2
2025-03-10 10:55:27,0050,https://news.google.com/rss/articles/CBMiWkFVX3lxTFBycFlsazNaWjNFazRQeUkxd19oeXp4UHRxWVlvWW41S3FmaW53cmhsNzJLQlhEakFmNzI0QlBTYkdSRE0tTGJWUFc0LXRaUkliaTJISmZxSXVGUdIBX0FVX3lxTE9Nd2pTWnRVQWRMNHFkeUMxSHdSLV9tUTNBRnpKR0hqYm9vOXlvQjVzT2FJbTZrZVNoM1pJQl84R0pfRDUwN3dJQXFBNGtwQlBKTzBLMkV0QTU3TFhZMDdz?oc=5,經濟日報,台股拉回 0050單周投資人數增加再創新紀錄 - 經濟日報,-0.2
2025-03-10 16:38:00,0050,https://news.google.com/rss/articles/CBMioAJBVV95cUxON09qMldmMG1jczJIZ29VTzF2RmxtVWhjNzdBZnY5Y3hiMzZPd09Xa3dSeG1VS0YtVFd3MFZoTk83V21UMDR1bHVJVlVPSllYWlhPejdmQXNWdG53dTIyRWx4Nl9OMDhuY05FX0JwU2laQmh5V1BJOHYxSHRiTjRiRWFzRjM0c3cxb0hORTBXcUQ4MEFjWXhqd3JQTjk1V21qNkVpcDRZV01sY0RXVTZPTk5FSzFTYW9ab0pVWEJrUUdrOS15TTFXbGZWeHp0T1VPb0pJTHFEVFRlbndhbFNkMkhqc1M0SF9EdXU5Y0h2aXFBQjhrOEVpemxpNHNWd3V2SGpHdjJQN3lIYlc5bXBzdzJvWDNNdG8wQm5kbmdyMzM?oc=5,Yahoo奇摩股市,外資狂賣287億！0050遭爆砍上萬張...提款22億 00919、0056、00878也淪為刀下亡魂 - Yahoo奇摩股市,-0.8
2025-03-11 06:50:00,0050,https://news.google.com/rss/articles/CBMi6gJBVV95cUxQekdmSUFGQzQ4dlNKaEZ2Y05DR0U2c1YyVVZnS0RDMWJJUEttaVR3TXdlWVU2QkRRdVYwaW1MMmlvOExvRDVYU29RZE1JSzNUaVNZdHNSSWNDZ1cwWm1XbzhOOW9DMEl3SXJrRXZ2ZUJxUUhIUWN4SWJqcWowSmdWdDBteUpYbHB3ZGE4bDN1amo2eGh2R3Nfd3FTaUFLNjI4enEyTG9DMGJHOXRSVXV1LUJpTjlLZ3NESjRfdXRFaFJCblRNRi1JemJtY1BWNXRwQUhIQnZvcHJKY3RmcE90S2ZzeVU0Z3B5UWV0a2FGS2lkZUhPMVV5SlhiV0RVcEFkYUNWVjZjeW9HSTNpLUZubHNkTmhjZ2dzaHdZX3NPT3J2dWtRUGpOdUQ5SzZjVGZNcmRlSTRJUlZ1aHI4VkRsQk1mQXl3eXh4UldsMktqcUdDc2REOHhrNmN2VGpVRkdpSTNRZzdRY0o5dw?oc=5,Yahoo奇摩股市,買點來了？他選00940後驚覺不對…回頭問0050進場時機 網友「2字」解答 - Yahoo奇摩股市,0.0
2025-03-11 11:11:20,0050,https://news.google.com/rss/articles/CBMiT0FVX3lxTE14ZmJNdkRzVWYwbnlGX1NoSkExeUpmSzZ2RV9mYUVPSFQzalZ1d3ZhSTIyY1BnMkU0REdnLVlYaGkzY1dzUlBCTDZJVnJDNUk?oc=5,Anue鉅亨,0050奪回定期定額人氣王 K值小於20正是獲利進場點？ - Anue鉅亨,0.0
2025-03-11 19:00:00,0050,https://news.google.com/rss/articles/CBMiX0FVX3lxTE5MZzdTak9KbTJHUFdRNGNJYWlSLWpoMGdxeE1lVjdHOUpvaTUwUFotdTl4SWduZmE4dDlwZFNuby1BTGNJQlYwYy14SVc3ZG1LS2dHN1NMUDdrLVc3Qlcw?oc=5,工商時報,0050降費效應定期定額人數增- 日報 - 工商時報,0.2
2025-03-12 08:51:38,0050,https://news.google.com/rss/articles/CBMiW0FVX3lxTE8zdnRhRkwyV3hwUHYwbWFzR2ZtMTItUWJjQ1JZQUt5ZElzS0h2MUI3ZVBHb1NkM2xBQVJsVjJ6aXl4UWFOcjlkTXZaUDdadDkxNmNxVWlZTl9URjg?oc=5,經濟日報,0050分割來了 但是最近台積電波動這樣大 我該去搶一張嗎？ | 個人理財 | 理財 - 經濟日報,0.0
2025-03-12 08:51:38,0050,https://news.google.com/rss/articles/CBMiekFVX3lxTE1qRTlFRmhuc2JFZTA2YmhndUJTY1M5UjdzbllOeVFINmVCOXBfb0NqdVFxU2pzMjJPbDFoQW5ETVR1QTJIQXd6WXdicUtuTndnVGU0VWRxWF9ZUnNGcjBqeF82YTExUFBGN0NRcXIta3hoRHhJSDhOYjV3?oc=5,經濟日報,VIP 專屬》0050分割來了 但是最近台積電波動這樣大 我該去搶一張嗎？ | 今晨必讀 | 要聞 - 經濟日報,0.0
2025-03-12 10:45:00,0050,https://news.google.com/rss/articles/CBMizgJBVV95cUxNY0F0RFl0N1VWUXhnaUxud0U2TTN4WmR2M3I2OFRTNFFsbzhfUEVxbzNzdUZmaFBFM0JudGUwejdoMjNMbVNHUTNZbFJvVVZ6Ry01b2tOLW5jdlRyYzdCeVdZbDRKQ18zNl9Fc0NYUldMZDIzdDFZSUx6aGVCeHFMN01iRzVpaE5WUW04QUJWQlJPeVJKd3duSC1vTUd4Nm1Ma21GZFRaV3hvYWlmOTlUakl1OEw0a3RkUXIwalRjWENrdEpEcmttMW1oX3o0Mkhkb0pWZlNqSVB4TlJBRTF0UkFXZXpBdEhsV1VJOGttZGlhRGlaTm5tTnB2Y1BnN25hamthUjNZNE5NcllwbWIyaThPQlMzcDE1S0hrcDJUSFBidXZWOGptblNQMDAtcEJWRlY2aWpNTjAwMERHTTA4MjJGUE5GZi1QMkJfVmdB?oc=5,Yahoo奇摩股市,比0056、00878還厲害？他欲買高息ETF與0050做搭配 網強推「這檔」：滿手長榮不會輸 - Yahoo奇摩股市,0.0
2025-03-12 19:00:00,0050,https://news.google.com/rss/articles/CBMiX0FVX3lxTFB3RnY3emFnRTMxQ1IzcjA2N09pS3otTHR4Q21jb2NOTHhBLUhtUHczSUZkUmNnU2dDVGdfZGVFaFN4Vm5qTVkyQlEyZ3FjdVBYS0V2ek1UUUFmM2M5NjRN?oc=5,工商時報,台股定期定額排行榜！0050王者回歸台積電首破10萬戶- 日報 - 工商時報,0.0
2025-03-13 01:39:06,0050,https://news.google.com/rss/articles/CBMiT0FVX3lxTE9OdWdIZzZEUnBCMjd0Y084T1p1OElzYXdXcEJkT09vV3FmME9RMUs0aUNfWk1lQVltVUM4Y1RQZXR1eWNQQ2c4MHhOMWZFb2M?oc=5,Anue鉅亨,市值型ETF雙雄廝殺！006208 2月績效略勝0050 專家：貼近指數才是關鍵 - Anue鉅亨,0.0
2025-03-13 03:49:28,0050,https://news.google.com/rss/articles/CBMiT0FVX3lxTE9OdWdIZzZEUnBCMjd0Y084T1p1OElzYXdXcEJkT09vV3FmME9RMUs0aUNfWk1lQVltVUM4Y1RQZXR1eWNQQ2c4MHhOMWZFb2M?oc=5,Anue鉅亨,市值型ETF雙雄廝殺！006208 2月績效略勝0050 專家：貼近指數才是關鍵 - Anue鉅亨,0.0
2025-03-13 05:45:00,0050,https://news.google.com/rss/articles/CBMi4gJBVV95cUxPNTlYWTFTa3E4SS11dHNudFZKWVFJcWVrbVFkZGcxMnJDQzZTeFA5am9ZOTJCWFNYOHhIRm0wcE9KSnItUnV2MXQ5X0JPUmlveHktbUtvYnEzdE9BOUticUdmdEd6RUF2aTd4X1hIdGY4eWVOTUtHQ3VaeEU3MzFYRGV3OVdka0gwSlFWeDBHZ3pDaUNLRmxUaUhvLXRnWlU4OFdoTmJWV2VUdnZkbmFlYnYxcFFJRzV2Zm1EMGttbGFzUHBGalRVRmxvcVVibnFTLWNMRk1NSTlaRHVzLTB4WGVFSWNpcVBKbXhVTDdkczZJUTk0X1FNc0hJajlhQ29GRjRDZFN1WjJJaTc0eWdSelVtVUhHeW5pZkJ0SXlVQnZxbGUzaG01SGJESktiS0NmS09haE42Z2NjZC1jSXpDYW5mSGlJNm9kV2FKek50U2JNLUZGVjJDNWxRMXV5Z2x2a1E?oc=5,Yahoo奇摩股市,他嘆0050開始跌…該先出清嗎？ 股民推「這樣做」：能賺到兩倍 - Yahoo奇摩股市,0.0
2025-03-13 06:50:00,0050,https://news.google.com/rss/articles/CBMimgJBVV95cUxObV9lYmowUUFVWmRuN1BwcWMzWmktNmVVQzdjOFZhZWx6M1pQMWdBXzZKZklDOWZOSDBiNnpWdEFrTTN2YnctcHppSGlPRXljLXVhcE1qOUNiUENCaHE4WS1sS1hyOTQtSURvVzFFYUpLSnB1dUxPY1djUXF0OGVzT1k4cDU2VzFZaTNLbjdQRWxEYUgydThRMnRaNWM4TDVYR2o0aWw1NXZDdWZhOS1yUUxHUHRpRFhnTmI1RXU0dmdlcEYxOTRHT0pMa3ozZmoyaDNUamdjN091RXE5YlVXbjlGTm5SUHJEQTR1eUtEWUxuX1ZTaTdPZVhoMHQwdW53Vkh1NVduSUhjdmNYQy1VdGpPSDd6TjNzX3c?oc=5,Yahoo奇摩股市,他無腦投0050「帳面一片綠」 過來人曝「這觀點」：要反向思考 - Yahoo奇摩股市,0.0
2025-03-13 10:30:00,0050,https://news.google.com/rss/articles/CBMiygJBVV95cUxOOHUySUVPWXBUMFM5Yi1XLXk0R0RreEdMUjVlN0Z5MU16UWdJUVVPZE8wTE5DcnUyWXl6T1lzSm1ZMEtrenZtM2RSOUU2eDhfSWdaXzV4VG1ybi1xejNsczZPRFF5TzVRTDltc1FzUVpVS3ZjQ3lCUXByUVU2Wnp0Y0dfc0dSbzNHRUp1c3lFUUZ0OWl4M3JYWGNNM2RvR1FIbXVQdGZ6cTk4a3BYU2JQaXhWdTlQbE5BVHNpMWVFSi1ONlMyRlAtcUtKTTJUSlZyU3lvWnFGTWc2d1JBc0pNMXBpZi1pd0RMUXRkRzlPUURFMW1PYjZYRWNzN19VakxkNy01ejdHMFdXSXcyXzBjTXNmNUVFWTNnU0lPOFdTWEVpdTZ3TE9FdWFKQmxCQkxvMGdXc191V3FEYXpHMGM3QkNibjczdWZwQVE?oc=5,Yahoo奇摩股市,高股息ETF兩樣情？外資連斬「這2檔龍頭」萬張…卻大買「它」 0050遭砍破13日收181元 - Yahoo奇摩股市,0.3
2025-03-13 12:15:00,0050,https://news.google.com/rss/articles/CBMivgJBVV95cUxQM3NuWWZoUFlKMkhTSmNmMkZsNDNud2Q4d0c1QVVzWEdDYkJfVE5wVUlqQzYyV1FJUTlaWThxNnBzWWRIa2Vxc1BWSm9WOVpMNnVhT2huSUh5bExfd21ic18zWU8xNVRabXJsYWpQdlBvUldpNE9UcHpKRmZtUjNRaXl0RUpYdFdUMmpBQ1owUmNMWk4wUkRqaDZwR3VLOERxZ0Vqd01VVGc3bG5FUnlNS1B2X2lMUTBVcjQ3TEh2Q1llN0RUd2g0N2xTWDM2TGxnVDZwTDk5S1d0SGMxLTJUYUFjS2J1eGFzZlZJS0dzaXdObnBtRG1zNUp3eGtCbWpqc1lycGFSRmNZajQzWkR0NjJSZF92RWRFdVEyRUtuNW1iVjAtbUZmQnZRZlVZUUktbnhsRlJxbTk4a2k2WVE?oc=5,Yahoo奇摩股市,元大「殺招連發」沒道理不入手！他曝0050「最大優點」 網挺：買了就不想賣 - Yahoo奇摩股市,0.0
2025-03-14 03:29:15,0050,https://news.google.com/rss/articles/CBMi-gJBVV95cUxQSVBxRnJKdDFtajRfbDVpbFkzbEhoUl93QndPUjdDUDFuVERXVmx6bl9GaWxhQWo4dnAwY2hoLW5BZ2ppeS0xTHhSUEVDSUhJSjhrMFVkMzFTRDlWdjNadTBqVzEtbWMwN3lJNUw3MF9WS1F6MUxCbEVCcVF6ZmY3UXhWRTJBbDNRRWM4ZTNweTlPSnJHYUVaZ0t0VGtlQnVyYVpGQ2poeUFmVTNzNG9MNDBMZk1FRFhaaG1wWVZ3bU9xdTRhcTRSUDdSUm1fN3NhZ2QxUjFwYkZaUFBlNnNNYlJUY2dGNU9nNmFkaHNtcVhwYS1pX3d4d2kxM3l0UTdIUkJ0TFJPY05hdUdLQ2FnQVJfSGJTTW8ycUlaT3NRTWxudmh1Zzcyd0hqcU1QcEFHWE9YcHdnaTFCRm5QOW4yc1UwbUEyd1ZGTVZKc3pmNzRuaXIzNC1OUWhaS1ZaZHNTTnZ3UTVGa3o2bUJNaTM0dkpNenNVaHBONEE?oc=5,Yahoo奇摩股市,0050幫006208抬轎？調降費率績效仍略遜一籌 網：淨值才能反應ETF管理 - Yahoo奇摩股市,0.0
2025-03-14 14:10:00,0050,https://news.google.com/rss/articles/CBMijgNBVV95cUxQOElMM2J0SnB3WHA2V2FLRVhMN0JPaWV5M1gyMGtWbE84Y3EzODBIVVZmM3NXQ01WRVNTQUtkOGV4ZTZqbmNlOXd5aU9NU25JbktLVjRtN1NNM29yRXEtX3Jhd285VDVzbl9CbkphRi0wM1pVT2x3R1FfTnFWT1ZLYUdGRnJHXzVwSExrRXRaQ3ZPV0hfTFF6b0RDbzlmd3dhemNKeWxNVXFzSXVNZlVSRmRHS2o3blhHcEphQ0tQOVJsQjkzZmFrVXhaYzd3ckNpcDl4VXJwOHAxVTRZTEZTbVdFU2g5LUpwS0V6Z2RtaE41S3c5aUxxYlR3dmx3TThpaU5KeUs5dzhvZGpoVnZ5U09LNUw5T3dkdWJrXzBtMUtTSFZNcGhTV1RXZzhYNkE1NDh1U0NITnR6QWlfNXdCekRveWs2MkRoTmlpV3NJUmhrWmFaY2NsaFNnV1Z4OWhULU5TWm9JUlRfU1ZDbnBHTkFHOHVmTlNXN2c4S3JPSHJMTlBCT0lYdEpVbTkxdw?oc=5,Yahoo奇摩股市,改季配息才能贏過0050？受益人更希望006208「做這件事」 網：寧願不配息 - Yahoo奇摩股市,-0.1
2025-03-15 10:30:00,0050,https://news.google.com/rss/articles/CBMi6gJBVV95cUxQZ3JHYU1DSHlnR2tmUmdUT3JWOWJfVkk5V2RCbmRkenIxenpHOGk3ZHYzS1RGeEJDU2Q1OTNoS1dhek82QWg2RzBlYXhSREJrbm45UGhxbjRNN0pxenBsbGNDZngtZWtqbFNqOUYtSlJ6WHZ3Umg1Vk9xS294ZHd2TjYyZkxMMk9NOXFacnhQbFBGWW02SlNJRUx1a1VPZlozT1FqV3NVV3Y0VWozb3I2eTBVMDB6c0lCNFlpTGZhQUNjbXpGYlB4eGVpbWt2ejF0ZmRkX2xDd1NoMHZKMzFUVHA1VnZleWhxWmc2aF9LZlJuWkpHVExmVFRDVVRXeFNmZWtlTzFlRmZVZ29aMENWRVRJU3ZpRThJTVA1YXF5RjNVUFR1cG1KSXdEcUNWTkdIbV9mRkhqVHVCUUVya2ZGUE4xQ0I0UFF0UnVCQ3lsOXktN05OSjZWUjlMbzFHNmItYmlVNlJteDluQQ?oc=5,Yahoo奇摩股市,外資殺高股息是訊號？「它」遭挨13刀…砍近19萬張 0050被抽血82億 - Yahoo奇摩股市,-0.6
2025-03-15 15:00:10,0050,https://news.google.com/rss/articles/CBMihAFBVV95cUxNcUNPMTJWa2ZnYWFpbnNmc0JaN1pVeDVMOUFIWXJYY093dWJnY3ZhTzN5TS1MT3REUVowcmFtMHBzaTQ3YVJhaVdES1FGT0MzeVExY1gtMWJWWXFNcmVUV2JSX1U5ZVRLUkY2UnE2VGRwbGpyX0d5QlY1SlpvMnpfU2o5Sy0?oc=5,經濟日報,元大台灣50 長線看好 | 基金天地 | 理財 - 經濟日報,0.0
2025-03-16 00:38:00,0050,https://news.google.com/rss/articles/CBMiX0FVX3lxTE9yeWNGYkNLNUNkb3NPNllMSzROYXRQM1diYXBEb05pLThUb1FxbWlETURsOXNYa0lJa1lhdFU4bUpvZU9XclhJM2tVTEp1TUlkRDRLbmJSdzJHajhfYjFr?oc=5,工商時報,0050破200元就開搶、測年線182也不怕！這數字超車00878、06208：買點永遠都是現在- 理財 - 工商時報,0.0
2025-03-17 02:34:19,0050,https://news.google.com/rss/articles/CBMiogNBVV95cUxONEN1VlVxV3VYMkl0YnZwVjhCQVNvSE4zSGRVWTdCOThBendMckpnUm5Edzdpa01EcW4zUWQ1Y0k2Q0d3bl9JTGNTZ19UdUhFN0h5ZVU3Mk9OeG44d2NQR1BuYkhiSi14ZURSRTAyZ2xmWUJFWU5scFhsWVRGV095akZfYU54WmtOZ2loaXhzaS13anZOMmNIMkVEcndNc0pUR29uRWJPNi0wOGFXbU80bWYzdnY4dFMtcWI1Wk1EWEhyeGN4bjZHUHZlV3QzVjJHQVByUGF2OUxacGNHQTJWNy15ZDJKRnRtQnBlV0hhbUkwSjlOXy1aUTdJdE5OYmd1MGJVY3AwV1RsakRiOHQ4dHlQUXhYNHU2dmh1TlF6cTlCcXBtbDRhenB0TkpodTNxcTBreGJmTWZrVUt1LVFQdV9YOGYtSm01TWY4bDRoLTI5MVVXR2NCSGZqeDVEQzBmbUJhbERuR0dDUFpsc05aMmZUQ2poNmFUQlpkaGhWa09NU1YzdWF3Q0FycEs0di1yS0JfZkJ2a055MzlFWXBzN3JB?oc=5,Yahoo奇摩股市,冠軍不是0050！這檔高股息ETF受益人激增近3萬 配息大方「今最後買進日」 - Yahoo奇摩股市,0.0
2025-03-17 05:40:00,0050,https://news.google.com/rss/articles/CBMiygNBVV95cUxPLTVMOFVUMzRkV2tDaU1hVklvVkFHS2J5S2Zla3ItUTRzMktqNmtlMEpkcjBLa3ZGUFdIekJTYWhRNVB3ZlpHOHFzdXZLVmp2b3Z1MmJlOS1LSHgtdG9OSUhtOFVwRERGckhEamtGRWNWd3BOdGdLNHBTNTlCWEdSbjR1TFA4QVRvN3ZvRVotQUw4Z01ueUdLZVc2R0xTd1Q2NjBWYlZxZW1rMEh1d243X0ZnZml0dDdGN3JFN2M0VWJBbXViLW1sazUtX0lYXzhTYVhxcTdBNzl3RjNoMjBDSTZ3RTJPdjVQLXU2QldPN1M5M1hGT0JqM1hZbTRmOWFlQjdzbHhMcS11TmlVSmdyaGZEb3R1TjFWd09YTi1KQ0ljaW5QZFY1bmgyUFFuRjhrb0V3N3g1Y2ZnUFplSldpMEt2MlhxODNMdEZLaEdmdHhpQTFJQmRrb2M0eU5jSk1nMnNOOWwxbFNOeDdBVGVvLVkyUHJhOVRvNzRrOGJqcjdHSE1hZlNTSUhoSHpzcGJLbldQUmFoM0RTa19vX0QwbVMxam1sR1RtR3F3aFYyZnMtLXNHOUt4M2tvTlI3azUtQXYtRThJUjJJQQ?oc=5,Yahoo奇摩股市,0050將分割要砍掉006208轉戰嗎？網曝「這段時間」為觀察期：內扣調整跟進才是關鍵 - Yahoo奇摩股市,0.0
2025-03-18 10:07:00,0050,https://news.google.com/rss/articles/CBMiX0FVX3lxTE9aMzhoanE5eTF2V0ZBSFNrVTJWczZMUFp5WWt0Vl9kYnhwaGR1UmxJWVBFMm5sb1kwQjRzY0l1OWwtLVNYaHVjUW1TQzZjUnllbldBZ1ZFUHJoVGFXb1NF?oc=5,工商時報,參與0050分割投票21日為最後買進- 理財 - 工商時報,0.0
2025-03-19 05:15:00,0050,https://news.google.com/rss/articles/CBMi3gJBVV95cUxOSGN4Rk8wVTk2dVVuX0FMZXJvZFg0bnpSV0NCbWJZNU5xa1hqODBGR2VqSHFWeklZWmpwYVc5U3JKd3BpZmdMc3hRLVJrX0hFY0lMdkRvR0J2ZWFSTWx1SmM5Z3NPdmlKY2YzMmZteFdyNFpfb0VYdUF3VmdGcmRGaUM1Y0tKY0VFZXlLcjVZNnVXckJNVEJhZG5BaEZsYVJsZkxsSnVIQzlyTjBUeHdsbzZwZ0M4NVRyY2dyNHB2ZDFxcnpsd0pSdERzUTl6aVVWMTdvd1JJdGRIVUpsNEFFdG5idG5zVW9WbG1USDNXakk4VWpscE9TMzZXTDV6OUQwcllDM0JEdnpPWWw5OVRXZm5JLWJLdjZ2YTZ6MDdPYjZyRFBLSjBIbVozMHAyMTdmdkFwdzg3NzR4a09jWFpMb1VxMUpYaXgtR2Y2YWxlT3FUZ1lKSk1SVzQ4b1RFUQ?oc=5,Yahoo奇摩股市,0050勁敵來了？這檔「市值型ETF」今掛牌上陣…募集金額破158億 網卻喊：破發預定 - Yahoo奇摩股市,0.0
2025-03-19 12:50:05,0050,https://news.google.com/rss/articles/CBMiT0FVX3lxTFBPSXJiU0d6Ni1jNl9iV1BUN182M0J1bDRiVi1BdVlSTXRTdGJuemg5aGk4NUJzN2p3RWhTc0UyZTNYeTl4dkFFdWlmUEluYlU?oc=5,Anue鉅亨,【ETF比一比】追蹤台灣領袖50與台灣50指數的ETF誰更勝一籌？以00922與0050為例 - Anue鉅亨,0.0
2025-03-20 05:37:30,0050,https://news.google.com/rss/articles/CBMiT0FVX3lxTFBPSXJiU0d6Ni1jNl9iV1BUN182M0J1bDRiVi1BdVlSTXRTdGJuemg5aGk4NUJzN2p3RWhTc0UyZTNYeTl4dkFFdWlmUEluYlU?oc=5,Anue鉅亨,【ETF比一比】追蹤台灣領袖50與台灣50指數的ETF誰更勝一籌？以00922與0050為例 - Anue鉅亨,0.0
2025-03-20 05:48:00,0050,https://news.google.com/rss/articles/CBMiX0FVX3lxTE80UVZGVU5BYUdsMVpQcUhOTEh1VHFZbzBaQnpKQjFDOXhSQ0xjV2JwTGNUTjFDM3hzTklXZUZBbW9KTFZ1VDVDc2RqOEp5TmwxR3V1TEZEdzJLa0RNM1Bv?oc=5,工商時報,0050 vs 006208…ETF王者之爭白熱化高股息還是首選？理財達人解答了- 理財 - 工商時報,0.0
2025-03-20 06:38:34,0050,https://news.google.com/rss/articles/CBMiT0FVX3lxTFBPSXJiU0d6Ni1jNl9iV1BUN182M0J1bDRiVi1BdVlSTXRTdGJuemg5aGk4NUJzN2p3RWhTc0UyZTNYeTl4dkFFdWlmUEluYlU?oc=5,Anue鉅亨,【ETF比一比】追蹤台灣領袖50與台灣50指數的ETF誰更勝一籌？以00922與0050為例 - Anue鉅亨,0.0
2025-03-20 16:37:56,0050,https://news.google.com/rss/articles/CBMifEFVX3lxTE1xeTBLSVF6R0gydU5RNEI2ekJZdmtSTklmU3k3TnNGdTVxaTI3ZzJYOW81cVNyWHBIUVloZlhBWVJwV2FfdUYtdnhacExaTmtVa1BuUXNuSmlGZjQ5WWRwcjE1VERiUUhRN2dvSnctLWRSZ0ZPYkZjTVNMSFTSAV9BVV95cUxPdWFFblVQRUN4TUFXeC1IU1Qyd2FqMnNGcU5JanNoZlc1UGpsalZRTHVEMVFKd0xHWWMtNkU0ZW9yQ2hTOWVIYklSaUlTNFhaSnZmaVFPWkYyNVhaNkNBaw?oc=5,經濟日報,"0050規模 叩關5,000億 - 經濟日報",0.0
2025-03-20 19:00:00,0050,https://news.google.com/rss/articles/CBMiX0FVX3lxTE5XUThhT0VaMlZ6ZXFIMkd6TlVIbjJTaDRlZzRqRXRBMVFNNkViUUJFQnFhZUl5NmRCb3lyT1R1cDUyNld5Rm1kVGdvQzFFRm91cDA4cUg2NGFGbm9TaGdN?oc=5,工商時報,0050領漲 掀市值型ETF熱 - 工商時報,0.0
2025-03-21 09:00:00,0050,https://news.google.com/rss/articles/CBMiWkFVX3lxTE1QbUFnTGxKMGFIQV9zWDVvbEd5QnhCc0xYekJhaEkyRFdGOHFNVjdrdFMyeS01UHdtNXdFNGI1T1pMRjVJMDNpRjVURmpJbEVzRDNIa1czbENMUdIBX0FVX3lxTE5CelNmYm1zR0RNWnVBT3F6V1BfZjQtVzZiR19VVlR1UHN2RjBlY3NPYy1tbVdzY21FQ2VEbWhwWnBfZlJWeDZ5RU9hMXgtT3h3QW5Rb01jSFBaeVRqMGRj?oc=5,經濟日報,一張近20萬太貴？小資族福音 0050調降費用後有望分割 - 經濟日報,0.0
2025-03-21 10:30:00,0050,https://news.google.com/rss/articles/CBMirwNBVV95cUxQTnhFT3dvVzFqa3llajY1c0JTaUVUQnN5WDlpUVlQSjV4RDBWTl9GemZfNzdrVlVKSEtwN2syc3hTZ3BXenlzaTI3NjVnZUd3eURDZzJQQTBvWUE4MWRra0d1SnhwNVRQclcyS0RTeDhjNWRKaDlfQzdLTElfT18wMVNYR2FodGNMLWNsYVppMU5PRFN1eF9FZmdXNVJ1M1A5YzUzdENzWnpkU0xJWXJvUHJhcFMzSVozVF9wcjA0Q1c4Q2lCNUo4U1A4dVpMdlhwMUplczBuY2RqZjd5VFdFczBnYms5VjRSWDFoYU9PSGNPNGhwSFZwOGNUOWY1Y1czdkliYlNqc25PVDhkY1FPMWljX0JKdDNleFRXQUNYZkFRV0FLRVhKWE5ZYnNqUENyVlNzYVBvcHpRTjdwX3FoZVV2M0JFZEZ1cnRkUXhxVmREanVEM0plNDVmNFg3QTRKT1J4OU40aEliUUpXRkhDaHN0b0pyVVd0cE0yWHp2NUF0dnlEX2l0UGZrejYyNWxVc0dzNU1MbDh3R2JHdDRZUFQ5V1MwdXRCcnQ3UzZYTQ?oc=5,Yahoo奇摩股市,煙硝味蔓延？外資拋售0050換逃難金！「這檔殺近萬」成頭號獵物 0056也被盯上 - Yahoo奇摩股市,-0.8
2025-03-22 23:00:00,0050,https://news.google.com/rss/articles/CBMiswJBVV95cUxPUHlWRzBSUTM3YTZQLXVNbC0tNTdqODhMOW5RNVdjb1JkRVZtQTJNUndpVklyWHVCc0R5OHJ6LUtBQ0FxNUtweEZwa3BVNEdnZnRiRUlMVHItNnpLNFRzeTdJdF9MTDR4RFNWd1dIaExQNHM2NmhTMTVKazlEMlFkamZkNDF5Tk9QUkpQQXU4NkVXSUtHSU1kd2xZY3hVbi1VWjBBVEwyN0ZTXzZHVUVfcktScmZCQm9QdHdlVWlkVURNeUoyZkJ5Yy1jUzFNTVFIZVF3ZmVpRVZJN2hULVZzd2pqRzBuelFZcXNWQkI5Vkg4MHNfTU1rRHdkd3RQZEszV2JQNFNNYnlnblhOb3pKVEJRNXRUMWFEQ01SWURYQVpUVnZlSzZ1NDlNOV9aeDZ1aHpr?oc=5,Yahoo奇摩股市,斥資比0050多！長老本週狂敲「它」近5萬張 再掃入「這檔」網問：為啥 - Yahoo奇摩股市,0.6
2025-03-23 02:25:00,0050,https://news.google.com/rss/articles/CBMi0AJBVV95cUxNTkNaSGpzalVTOE0xSTVuaVU0aW1mcEJXdnd3YXlXTFA5VDNMeHd1MHlJaUpONU1FOFNwNGhTU09MVnlNV3Q0S2wxZmlDUmQ3MUhVdjRvaW1nUHQyVllYV1B1NVM2TjFCZlVya292WjljbVg4Z0loUlN4TFpKQnZlNWFuNEZKMDlnODI0R2MyQURhcndKVTBFR1ZueGlHbGhheEJNVmVoRGRQN2VLa2N3eXA3OWs5blNxaXNVaFpUM0M2WF9BWVlWVk9IUXBHMVhVVDlMQnFnaWxlUjFQdnlMSE52Zk9Wa0RweHUyMUlZRC1mMVdfMW9RblZVYUxVTzlIWlZwMDBSc2ZJeTVBZFYzcXRtaHZUUDBhY2JxUHE1c0sxWWFhcWgtVzZvSi1pQkliU3F2RHRQem5xZnRjdVg1WkRoSUM4dzdTdlV3N09Nc0Q?oc=5,Yahoo奇摩股市,0050分割倒數！4/2開放電子投票 4/24受益人會議決定命運 - Yahoo奇摩股市,0.0
2025-03-24 04:18:45,0050,https://news.google.com/rss/articles/CBMioAJBVV95cUxQVEVhX00tU3pmbWtlODRUb05DRUVSdFBDT2R2YWQ4am5aVmtkOU5OSE5KM0FOWjQtYm1fNFlCc2EzeEdGeWF0WFRDZWlmVnRjVVlwWENYMmRsMXBFMGdxRGR0WkY0T3pBbVJ2bEszY21QU2I1RWVMSkRxRXczYTh5XzhnYVlYN0wybFo2YzZrR2U5VTM4TG9VcVRfOTZic2tWQkN2ai12TWJfUmg5cU1KbzB4cmM1bzJKRlc2UmpOQ3Bjc2JINHlKeHA5OTY5VUFob3Q5NUdKZVJPQVhsdGQxNF80dEM1YVl3X1gzTklXU0lPZXZSWWdjeWpyQVAxVFlmR1RVZ1BDbTBFTXl5NG0xYV9VTXBSc3JTQkpVRnJaVWk?oc=5,Yahoo奇摩股市,0050拆股倒數！今年狂吸22.7萬粉 贏00878逾兩倍 - Yahoo奇摩股市,0.3
2025-03-24 10:45:00,0050,https://news.google.com/rss/articles/CBMiwwNBVV95cUxNMnozWWNDV21BdXdvYlpiN0owek5adTY5ZzlIYnJ5Zm5CT0FQdzdEOXhwQUM3TnJHRHB1cTNVWFFIZjV1VFhrX0tNYUdiWGZxYzhuVlJGTFEydi1tVVJJZTJnX2lUVHd0dVE4eXpNQkI3MnZ5djVwOU9BcF83VENaTmVBd1QtX3I2TVI3dHdlYzhzb3BUZ3dCbTR4aXh4aHptRU80SnBCWGRPVjltcUhXNjhvb1g2VnZuQzB0dWdVQ0lTZGZ3SHpPWmZ0UVZ1Sk5OWDhkaHZjN1FFTjBTLUhuNXVNb0wweEVycXRTelVPcXBJb2w3U1hGNWZMZUZPRUpqNjFlWUdaRi1VV0Jxd0d4dkQ5MENLUVh3OUpDNlI5UXpPVFJWeEJZWElHVmllLUpwWW1qNDRaR0ttaDI0R0I3blU4WF8yWEZTci03THlqLXlVbnBzRXpRYk5yczFVT29aOXVjWmszLTA1UExnM0VCUGlBT2ItZjlISzJPcWpGZ2F5MjBaYUxmcWxpeW44S0pXRVV1WGk4TTV3OTU4WXV3d1RtdDBLRVBaeC1ENzM5dm1Vd3ZHYS04NDdrS05Pbzc3S21R?oc=5,Yahoo奇摩股市,台股多日重挫！外資提款9億元脫手0050 「它」慘遭波及跟著被大砍...股民見狀喊：零股加減撿 - Yahoo奇摩股市,-0.8
2025-03-25 03:05:50,0050,https://news.google.com/rss/articles/CBMinwNBVV95cUxOQ2liV1h1YzcyQnBhVnV1ZmVUZU1oTGFDT0ZBdndOaFpfNV9MTW5KNXItMHpmSXE1ZW0xdFJVbm5UczZyNndtT21iU2o0cHVHUGI3UzM1WTdHX3pTTmVDQ2xETFB3WTdDRnBDRU9pZnVvYnlzdXZsM2xGRWRfVWh4WFQyLVlKM1ZNMFQyOG54c0RiaFdva2xiUnMyd0lxRWhKeWM4Skh1bFdNbkgzYy1vYS01bGc2QjhvTENkZ1NSOUtsWEdlU1RqZTFwOUx2SXZjbFJvZ20tclVsbmJXM21ZQXpMWUVlRjI4d0hVazVzVV9GakJaRm1meU9na09pU1RFSzNzOVZKX1RlNmJfSzJIR193ZDZSTVB5a25CMkppbFl2NkUyem5sM2o1MUJTS2FiNGRiLXZlNkRWMDVEN1JUYll2ZUdyMnQwM2JGZDFuVTEyemk1c3Q2Vl9kQTIzdnd1WWxHdFF3RGFQVlZHXzM5bFNvZzlnNy1CLUZyb2V3VXpEUTJQdnB6a0tBZEhzYm9GdUJJR01SWEdPT01tMlBr?oc=5,Yahoo奇摩股市,【3月台股ETF風雲榜】台積電ETF倒一片！ 0050、006208慘列「績效末段班」 - Yahoo奇摩股市,-0.3
2025-03-26 03:14:05,0050,https://news.google.com/rss/articles/CBMiywJBVV95cUxNNXBnRDYxNndiN2I2a3VtMF8wV19JdDRBRVhkZjJIeV9nOUpZZ2JRRFk0VzktSWpGZGZUZm1ibGZjd0lOODJaWm9uQ2xsVy1VYWl0ZkVDV2N2SmQ0RUhhYTBYbGRKaktpZ0NQMkZIc1FfaDFqcW0zQ09ZVFFHX3pkOFgwVHhPb3VLSDF6bFY5bXhVR3Izd0hmTmNZd3RNanRuZHhQUGc0YUhyR3lTczM2Y0pLVmM5LVlIX2pEOXFpYXRuQUtHcGlFU1JoZlNNbVBZdndCMDlmdFkxdEF1R1RfR3l0TmNJMFB3bTFqbTZPWjhId3g0X0psa090bzVtYW9odEdweTBiVjd1bVlkTEhDYWFjVTlSRmRlOUV3TVRBcG1hWEhIMHc2U215eUdiYVlXbVNqZjY3UjRIQVc3NFdSb0dEU3NSYVpzdHRB?oc=5,Yahoo奇摩股市,台股ETF受益人再創高！009802、00919、0050周增逾萬人最夯 - Yahoo奇摩股市,0.0
2025-03-26 16:38:41,0050,https://news.google.com/rss/articles/CBMiWkFVX3lxTE5IUzFmYldOdWh3X1BuWndvWmI1Z3V5VkNzV3gwZzVhVGRVaDBGTy1iamU5dV8ySDBabjNuSGw4dlNwa2ZSN2hFYmhmalZGTnRKT1oycGZ5NmFmZ9IBX0FVX3lxTFB2ODV5WEkwcTVaQVJzM1hjM2lpNFFrSVBIb3pTVjZ5OGZRNlZFOFpiclVIcmxvMG9jM0puR2lYUVZFb0RGNUVYWTRnUVp0b2VZWGZoY0tvam40Q3JUQ3JR?oc=5,經濟日報,0050定期定額買 複利驚人 - 經濟日報,0.0
2025-03-27 11:30:00,0050,https://news.google.com/rss/articles/CBMiuwNBVV95cUxOYmhlOTg2el9QS2lzNHA4aFI5T0dJYktpcUhncC1SUGdRUUdCZ2FVRFFwaUxPM2Q5a1NHcFFSUFlrUjZvTDE3MlZVQlpIUjdKdkZPV1FiQmJwazBBenZQdS1wN2NYc0VOWmR2LTJiakU2bkNNNUNtQmxoWVRYQnF6Z0lNQkpMZlZ2VGdKU0FGbDBhazVKM3lmbHBUOEV4VTVDTFNtZkItY3k2QUlSMkdfb195aUZzbnN3LV9HRk5zeU84cE1pV3doYWw2UloteElSWmFUenFYbzRMdWNYOXN1bUs1WWRzNzMxMklwRkxCUHlQS0YxUk1sZnJvYUlVVk1KVHpqX1VaUUdVX2dzb25JSGpDV1JwdmZvdkxyeEdDSW1yZ21EbXVDQV9rRkNHUzZyNHN1c2FqYmJxbmJ5UFl2akJXVGgyeW00OS1Wck1OTXluNTdOTUZDdUlIN1d2LXh5OUJmYkY5Rng1LWtHWWZta3NYa05qLTRWUmRkZ0QtUnZwQ0VyTXRKTVpPTzBXV0dCY2MtNFJFVUw0UHhsNklROXVBZ1U1SjYyeEc1WnVUTFpBak0wRmFnVEdzUQ?oc=5,Yahoo奇摩股市,季配高息3巨獸飆大量！它噴12萬張最多 0050跌近2%網嘆：市值蛙不如高股息蛙 - Yahoo奇摩股市,-0.5
2025-03-28 15:40:07,0050,https://news.google.com/rss/articles/CBMiWkFVX3lxTE9zOXM4S29OSWs1QjhvSFRoWVZtZEcxZDdzbDV2T0c0eThsaXRHWHkyY1k1OGJEUEh0OXd1N1BtVnMxWTdjaTd2a09RaVhPNGZ6QU9INnFXSWNQQdIBX0FVX3lxTE51NUxSaXBoakFZdm8xT1U2bkZrVnVzMDhaX3VRamNHd3MxaldnUnc1d3FicVFPaE1tdDVMS2pHWGVhV01ZWExpRkF0V3B1enk3VEdoak91dHJiVWktd000?oc=5,經濟日報,0050、T50反1 四檔吸睛 - 經濟日報,0.0
2025-03-29 10:00:00,0050,https://news.google.com/rss/articles/CBMi3AJBVV95cUxPTWlVRTFWSzZ6VFpQS25QQzljWkxucHRNLU94MU4yRlFBdGItMmtUcmozX0xPM3RGRDg0ZVp5U0NTU1pVZUpkblB5ckhfdGdNTlN3M3BvR2ItZW5BRTFtYmVEeHB2R2hYSE9zYnpwbDUtYi11TDNWZ2VSX3NISjBDMHJnR1VZZG5aLTkwakJUNHIxR205SV9KOHhIbDExRjVSd2ZSaEJsaE5ITDNpbmxNc0gwRnZmVGFPNHNYVVYtZ2JzbWtnaE81QVNyUEFWeWs5V0UzQXg5UU1oR2x2NUN6ZjZNQU00OU5Bbk5uT2J6dFFfeW51MEYtNHVkbXJIdS01REEwMUFLUlpMUjBCSEt3djRoa1pDRjdPS2RQN1ljcmRaUEx6NndwdFAxRy1ySkFqa3ljZU5oS3g3QkJaTmxkQnR2TWRYc2x2SHdKV3RGZjl0N3lwa2o5SkJ1Ry0?oc=5,Yahoo奇摩股市,0050遭外資連24砍…股價跌近20元！「這高股息」蟬聯4週冠軍 網：越跌越買 - Yahoo奇摩股市,-0.8
2025-03-31 03:38:56,0050,https://news.google.com/rss/articles/CBMiqwNBVV95cUxQTUZjWU15bE1jWDVvbDg1dWRoWUZ6U3p2TDJHbUQ0anRIelVFcnUyaGFWUEJtNlhDZk9RWXk1akcxazZRR1VERkEwdDdJSXF6U3h4U2FpcFdxQmxKYlFqNENpSEIyUUV3MEZoTUhNUGNNMW5IdjcwNW85a1R2U3ZLRUdfOEEzZE9oQkZFbXhPRk45MVAxSTFHQXVKNDVMNWRXT3ZGYzlDeW1LbTRpNS0zOEFOanJIT1lrb0tGeVBocGFDRmFiQzVLMGJZUFlic3MzOUxOWG1Ua1dlVG8zNVl4ZXMxR1hIZ3ZwTWUyeDFaelF5TVMyMkE2SHItT3hDSXRGUmdkWlJ1XzZrcDVmZ2dvZjkxZVcyYU9qOXJoX3dJT2RkbWdSa29hME51TllkVndyTUhuRFhIQlBzaFZhQ2xoeTVIc2pxZUF2d1VtTk9nV081a3AxaE1pdktmemVXNF9Uc3FldldSUVNvY3lnNFVheTlaeGV1ZDFPTDgzUGZwZEV0emMyWGtablNQMEcxOUVBRHlpMzZVTlE4eDdoRm1LNW9oU3d3RXpzQk5R?oc=5,Yahoo奇摩股市,規模增加最多不是0050！「它」股民週增逾萬人 週均量逾10萬張居台股之冠 - Yahoo奇摩股市,0.2
2025-03-31 05:04:09,0050,https://news.google.com/rss/articles/CBMiWkFVX3lxTFBwRGF6UHV2ZEpscldZcncwYWtpR3ZSbmdkY1JudVZKVDRfV1ctU2pRRUN1SHp0cm45M0w1QV85UFB2NGkzTnJxNV96TlRTNXVpRkptdTlBbnBHQdIBX0FVX3lxTE9PSGt2Y1RTZ3hfSEtXZzQ0emZPMF9Qb0tEbVg0QTdhVGtIdUpjblA1WTBZWXJ6UW55Z2kwc0ZFSWxUNU1PeF9ESTUyQm5ZZlIyYWNnQVRqUktnMlJxM1ZB?oc=5,經濟日報,0050再創新猷 第一檔市值型 ETF 投資人數突破百萬 - 經濟日報,0.0
2025-03-31 05:04:09,0050,https://news.google.com/rss/articles/CBMiggFBVV95cUxPMHEwaUFMbXJYTXM4Qk9ycXN4d3RzUVFSQWt3OWFYS0FGc0VlZllsaUh4Sng4NjYtZ0t3RDNnNGxRa3k5ZER2SS01MVBJWHhSeFI1SjhvTHNMWVhEdXBPU1k2bW1va3U4WnU3VTJrR1hUS0VNbjlab2lwV0JaSnlFMlhn?oc=5,經濟日報,0050再創新猷 第一檔市值型 ETF 投資人數突破百萬 | 基金天地 | 理財 - 經濟日報,0.0
2025-03-31 08:44:18,0050,https://news.google.com/rss/articles/CBMie0FVX3lxTE1pU0w1N2hZaXMxcUpwNkFaOTN1bGpwemZPczFSbjFmdnN4Z0dEVUIxbUh3STgzSzgwQUNFOWt5cDN2Q0dWVkZyR09CR1F3YU0zcWFnM09ZaVZ0M2ZHSmxWRHoxREVKczNNemFXMnRwUTM4YUdtUmctOTY1Y9IBX0FVX3lxTE8xT1hEdnBmWVBXUWdGVUZkRmpFWjNfWXl4WlVRR0FtTkQwMDM3UzBCbTNRejFiQ2RnZ2czaWdWMVZQRWRSd19QZHNMZm9yR1EwVW1UUVFwTnpIbWt5eHJR?oc=5,經濟日報,0050分割議案 4月2日至4月21日電子、郵寄投票 - 經濟日報,0.0
2025-04-03 06:34:35,0050,https://news.google.com/rss/articles/CBMiWkFVX3lxTE1KZmtQR0pYSjZrb0R3NGJHMnJKVWtVWktVU3o3SlJlYWNuRkg4TzNycFV6aTRDNi1PbTV1Y2NGYV9nWFYyWDl1ZndKRFRDU01IT3k1U3g0eVozZ9IBX0FVX3lxTE5leEcwUExvN1BYRTJpRF9fU2c0ekZKZFBRb1lQOVlGeHVsUmpwQk5HdU9GUkdRX0RBNnY1MDNFQUtvcE9EaVpBaEZpYThlY0ZaeDE3QmtHRnNaVHVyZE04?oc=5,經濟日報,0050分割議案開跑 用 APP 投票30秒完成 - 經濟日報,0.0
2025-04-06 18:00:00,0050,https://news.google.com/rss/articles/CBMieEFVX3lxTE1mMlpkZnJDOFZBVU1OQmgtV2hTSUxiRUFYcGgtaFFFdHRZaXRheFBpNkNPX2h0aXJqN1pULWwwWHV5RDZOVEtSY2xGWGlvZ1AybE0xX1NCZUZ6cEM4d0FING94OGV3cjl0aGI1ckVDTklTNllUN1FzWtIBX0FVX3lxTE5KYWdPUEoyMERzZk1WZFJYejJQb21kU1NSOWg0OFZCa3B5V25kc1FvejRyREZIdkZDSlVIR2dYMFZIaWw1bHJmWGR0RThNdFpETHBpZzN2VjZLalZLZFpn?oc=5,經濟日報,台股重挫、投資人彎腰撿鑽石 0050淨申購31.8億元 - 經濟日報,0.6
2025-04-07 01:23:00,0050,https://news.google.com/rss/articles/CBMiX0FVX3lxTE51SXZuR191Qm4yVUhrVV9kcnZzdVRydEZPTmVNZlJoa050TFFOQmRYMnNIS3JFZTg2ZC1RdjZpeWRlWkhrbVFmdmsxQk1iaFNDckpVWEFDc3FqVnlENkNr?oc=5,工商時報,不只元大台灣50反1漲停反向股指ETF齊步漲翻天- 理財 - 工商時報,0.3
2025-04-07 03:07:12,0050,https://news.google.com/rss/articles/CBMiWkFVX3lxTE0xdWtnVnF6NUp0c0QxU296Z0lkeDFJN3U0UVY5X1R3VlB5eU5GQXB0M3JKTUNfRWhITGZvcmpBRGhWMDMxUlRJSnI1QllTS0FyeExfUldObVE5QdIBX0FVX3lxTE16ZkxBRWJ6b3c5SFhyN1FtdVRiVm8xNERYVDlidGV5ejNkS3VuUFVaVUFFSUZ2OWlYN0diV090Ym1EZnpIX2E2cmdmeE9OQXpfUVl6azYwSkhGRzYtbV9n?oc=5,經濟日報,台股暴跌 股民問0050若跌破148元還要辦分割嗎？ - 經濟日報,-0.8
2025-04-07 09:00:00,0050,https://news.google.com/rss/articles/CBMie0FVX3lxTE81ZDdDR1JrSC1jUk92aEtNOUlVMjVDWWhqelJTaGppTTVuLURhcWk5WEQ1Z090anVETWo1a2s1OEYtajc4V0k5bjZ5bVVhVm9ObjBreXFaWldEbThHTmdqRmFGMnNHbm5DbVBwMXhnZ25qZGlRRzA5VV9STdIBX0FVX3lxTFBiQnlISjBWelU2bm9pa3V5eFlHMzBBSENBaXc4eGNGV0tFdkpRckNXWk5xTkVWbF8yYTlGWVNLY0dKM05YSWdoQzdvRzZrSDQtX2pJLXY5d1c5akNMUjdB?oc=5,經濟日報,逢低撿鑽石 0050、0056成交金額居 ETF 冠亞軍 - 經濟日報,0.2
2025-04-07 09:01:00,0050,https://news.google.com/rss/articles/CBMiX0FVX3lxTE80N2R5b0VETVQ5MFZOTFlEVTZzSjZLc3pxUWdQaGdQa08wcDJRcmVSZXFPb1NCZW9CX2xWck1RSFZWbFFleWJGZThUSjNXalhabU9mSDBqZ0ZCSjJ3WUFN?oc=5,工商時報,重挫撿鑽石0050、0056逆勢淨申購- 證券 - 工商時報,0.2
2025-04-07 19:00:00,0050,https://news.google.com/rss/articles/CBMiWkFVX3lxTE0wV2tDVjJnLWEwOTR0OFc3N3RsM1JWVHB2Z3BQSlQ3clN0SGYtc0c3eXd6T0txRUlPNzN6MTlBNE15Uk9wczFZejY5SGRsbURzRjMtay1UaU96UQ?oc=5,經濟日報,逢低撿鑽石 0050、0056成交金額居 ETF 冠亞軍 | 基金天地 | 理財 - 經濟日報,0.0
2025-04-07 22:00:00,0050,https://news.google.com/rss/articles/CBMiWkFVX3lxTE0wV2tDVjJnLWEwOTR0OFc3N3RsM1JWVHB2Z3BQSlQ3clN0SGYtc0c3eXd6T0txRUlPNzN6MTlBNE15Uk9wczFZejY5SGRsbURzRjMtay1UaU96UdIBX0FVX3lxTFBiQnlISjBWelU2bm9pa3V5eFlHMzBBSENBaXc4eGNGV0tFdkpRckNXWk5xTkVWbF8yYTlGWVNLY0dKM05YSWdoQzdvRzZrSDQtX2pJLXY5d1c5akNMUjdB?oc=5,經濟日報,逢低撿鑽石 0050、0056成交金額居 ETF 冠亞軍 - 經濟日報,0.0
2025-04-13 19:00:00,0050,https://news.google.com/rss/articles/CBMiX0FVX3lxTE92aGFtMU5DTnZYNVF4QUxhSzMyN19RVld0aE9HeXdoOGlBeDlKdl9jMXdXc21nUXlxa05KUDl0b0hmU2VoSFRveko0UTYwWDh3S3hHU042N3VpaXBFSmJV?oc=5,工商時報,漲停也要掛單！0050、0056等五大鑽石ETF 投資人搶爆- 日報 - 工商時報,0.0
2025-04-14 17:08:56,0050,https://news.google.com/rss/articles/CBMiWkFVX3lxTFBjS2JjaWllODRiLS13cE9XOFR0b016ZE1KTDF6U1VwVjJhQUJJN05MQTZudkZvcG1NdTFzWng2QXl4aVVkM21fYUc1WVJqa21JbkxLMW14aGM1Z9IBX0FVX3lxTFBLZWEwbVhjR3RBRkJqME1JNTFCUmVmcUFPZVg3NGZFU2ZFWGNnc21HOEMxUlJpYlZWcjM2NEJNeW41dmljdVdOWi1qYjQ0WUFtVGZpS0pWWHl0MEx4N1Fv?oc=5,經濟日報,0050分割案投票 4月21日截止 - 經濟日報,0.0
2025-04-15 19:00:00,0050,https://news.google.com/rss/articles/CBMiX0FVX3lxTFBuMDVhOXdiOV9oa0s2TVkyb3czZXF4elJaUGc2aDl1UGRhTml5T3hWckxpTjZFclpBRGdHR25ta3V2MjVNeWZPQVYxUUR4YnFKVUllTlBxOERoTHpxbzhN?oc=5,工商時報,一張變4萬 0050分割案投票倒數- 日報 - 工商時報,0.2
2025-04-21 14:59:47,0050,https://news.google.com/rss/articles/CBMiWkFVX3lxTFBEOHpRVEY5RVRzWXRXZXZnS1VnNWU1Mkl5V2VKZ0tPY0pBX1FYeGNIZTdlbW1KN0tVY0hERjczREhHN3gwTi13aWtfYjMtOE9yX3NnVzhNZVQ5d9IBX0FVX3lxTE1DeHJPeWJrd0IwdWJuRWxNcVlzU3pHNUFvRHhBWkkxckRodUtEcEZXUm9tUm9FYkJ4NTZUSGdEUmZxb2xPOWpGejRQbm8zR2EtTnFGUXJ3R3NZT2VWNU1n?oc=5,經濟日報,0050反1、南亞科 四檔俏 - 經濟日報,0.0
2025-04-24 05:56:00,0050,https://news.google.com/rss/articles/CBMiX0FVX3lxTE9YQTVYNEhUQl9kbWE2TTJDOGtFakZaNTVuWFdkUEY1OG9oX2ZyNlJfN2tFM01pOTM5RG1jNExPbnNYUEtGbkVKS2Nnc1FRU3hiU2pRQ1o4bmh5cE1uQm1n?oc=5,工商時報,分割案過關！0050將「一拆四」 一張價格約4萬 - 工商時報,-0.8
2025-04-24 16:21:40,0050,https://news.google.com/rss/articles/CBMigAFBVV95cUxNQjlUcjlwRWdrdHBoV3lNV2hIalV0LUMySWJfdmFFVGNodE1CSGZhN09iX3lvY2RGVDFHOG9VN25FeVFKZzRtcHdEakxsR3dNbEFUTjlQZTd4dXZGSVl3NFNBa1A0eFNRX04wTFJUeTQ5WjY5V3B2OEltcWo0cDJSd9IBX0FVX3lxTE9lblhtekctWGdMS3FsWXRkRlpXWHFMMkdqa3o5cS04bHdoTjM1NEJabWVQSzNSRG9mQ3QtaldxTlRWR0VUUC14OXliYm91Nk4zOTVheUs5SGgtdmhLU1Q4?oc=5,經濟日報,「一拆四」通過 0050一張4萬元買得到 - 經濟日報,0.3
2025-04-26 19:00:00,0050,https://news.google.com/rss/articles/CBMiX0FVX3lxTFBUUlRPQWlLNHBqTmljVS1leFBvb29DanU5RmpmYTRUQmNXQTR0N013QjdwalB4aFhRaEFaRU92WDA0d29LNUl6clk2NjRkek5ZZVJqMHp4cXFzZzl5OENF?oc=5,工商時報,台股跌深！現在不猜低點、不用選股？買盤卡位0050 法人喊直接買進- 日報 - 工商時報,0.3
2025-04-27 17:00:35,0050,https://news.google.com/rss/articles/CBMiWkFVX3lxTE93NU1XOWRfaFdsdDFfUERfODJWd1Vndzdndm15NmdVU1hxcmxHQ0gwX1dnbHk5cnBuRHp0M0xIVFpZVzhIMXpQWXpvTlgzMlBkTGhCOENFcW03UdIBX0FVX3lxTE5tRUFlejhuNThzcHdVWGplcm1hRlhZeURsTUpyQkN3ZjVjaU9CNmFRMS03NmtyaDh2MF9YVV9wWVRZczJKdFp3eUdLVzZCckhKcXA3S2QxOFJNbGFMYWpv?oc=5,經濟日報,0050分割後更親民 三大優勢解析 小資族投資新選擇 - 經濟日報,0.0
2025-04-28 07:03:00,0050,https://news.google.com/rss/articles/CBMiX0FVX3lxTE9uVy1SUG9RRXlTb1FEVUxBbmpnVlc2NWh6NVJ2dkpldHh2Ny1kYjNrN2xvdkotV0V1TFloT0ZySTZSSU83emdMYmdXaUtVQVlYRVRremFLV2Q5RXd4MXNZ?oc=5,工商時報,0050預計分割三檔追蹤台灣50指數ETF超級比一比- 理財 - 工商時報,0.0
2025-04-29 05:00:00,0050,https://news.google.com/rss/articles/CBMiWkFVX3lxTE90aVp0Q3U3R09CWFAxZk9BWHZFdzBPdllOb0RPa2tNVjRRSkpxdmJyanBnX1ZVRExodkNLZTlFZ2NPUHY0ZW41Y3h4WnBYVE5IQlF1Q2FTZGQwd9IBX0FVX3lxTFBVNGl5Y09GaXZLQnkwUktYYWlLSFNXdEUyV1VwcEM3aDhzWUt6TWxXUk5fSXRDRTN6MDJiSHFxdE8xRVFoVmpuS3NDS05qYUdpWVhhVGt3SmcweGFsVFVv?oc=5,經濟日報,"0050規模衝破5,000億 三大紀錄稱冠國內 ETF - 經濟日報",0.0
2025-04-29 09:45:00,0050,https://news.google.com/rss/articles/CBMiX0FVX3lxTE54UWZJcE5BR3U0WWhCQTdQRFBXOHE5Mllnb3c1RlRDdFpiSnJxQUFZX0RTVjV2NFFBT3JDVHJDRHhEMi1tX2V4enFRMEZtZDVENjhuV0NOYXEwbEZmV244?oc=5,工商時報,"0050規模5,000億元達陣 經理費率降至0.08％ - 工商時報",0.0
2025-05-02 10:47:24,0050,https://news.google.com/rss/articles/CBMidEFVX3lxTE5wM3ZSUHAtbmVVYUlNWmwyb0I1YUI1VnBsVDY0djNUSnZ3dTA1bUhVUU9ULWVBeVdxYVNTWVNESkVGMnFyY2s1WGNGaVZvelhfMjc5X2ZubVpSS1NJNDI4Tlo4SjRmUkZlQUFITWt0Z0haMTZS?oc=5,經濟日報,今日最夯 ETF／台股日線連五紅 0050單日漲2.9%、漲幅量能兼具 | 基金天地 | 理財 - 經濟日報,0.0
2025-05-03 16:49:17,0050,https://news.google.com/rss/articles/CBMiWkFVX3lxTE5ZNDlGOUx1Y3dIMmlxYjcyaGJ5Q2xwWl8xTnlGTnZTaXhsOUtpWGNaWW1IMXp0c1VrelEzM3BEZ2F0a3lfS2hsWEdzZDJweDNZOC1LSm1lT0FEUdIBX0FVX3lxTE5SS3BmQlFCWk55UE9leHhzRFpxQ2JMbGdHVE42WUNtZXd1Ym1qcF9nY0NIT3hLNzN5VS1NUFVJdDFMWXJRQVpzRHR1ZXBHV2RnNnhNV3gwcXZqWXFVNUw4?oc=5,經濟日報,元大台灣50 長線可期 - 經濟日報,0.0
2025-05-11 01:06:00,0050,https://news.google.com/rss/articles/CBMiX0FVX3lxTE5yNmI5X0dYS0VpUVRwSEhsMldCYlhoeTFxUFZ3clkxMnpOX2JoZGJ3SUxEMk54UFY4ZW9CenRNTkdYalBfOElZWS1tQmJhZnV6blFReXZhaXlnRUx4Wl9J?oc=5,工商時報,0050、006208、009804…市值型ETF四強爭霸，這檔「小0050」1張1萬多超親民，為何達人說它最抗震？ - 工商時報,0.0
2025-05-12 14:47:00,0050,https://news.google.com/rss/articles/CBMiX0FVX3lxTE9meWlNaFlGV3l4cU9VR04xZGRVTlBQcEZFanRuQjFNQnI4eXhTRENSOHRIZENYNmR6WG9OZU9naHpQcVQ0UDlWZEV2NE5oUnJRVU1SRnd2RjhTOVowc3pv?oc=5,工商時報,0050將分割鎖定這3檔低價市值型ETF 報酬率超亮眼- 證券 - 工商時報,0.0
2025-05-14 10:05:32,0050,https://news.google.com/rss/articles/CBMiWkFVX3lxTFAwTkI3TnVxSDQyakE5WjZMVFhYUXN3VHNtQ2VDWWx5ZVFBcDVGcEEyem1KMkNZZ2NkbG52SmlUYktLWEdydFEtRGxBTVJiY2dqX2xnZS1sQjFDUdIBX0FVX3lxTFBZS0R4N19ZQWlMN2dBb2h5dmZpMWt6bjdpUElDNktab003c0NBUzNmdnQzRU91VEpITDZ0cUtReFNKQVBLT0E1STRNejFUMmUwUXdOYTdOSG1Cczk1N2Fj?oc=5,經濟日報,0050確定1拆4！6月11日起暫停交易 6月18日後可以便宜價入手 - 經濟日報,0.0
2025-05-14 10:08:09,0050,https://news.google.com/rss/articles/CBMid0FVX3lxTE5DZlk3RkRMTHYwN1dQdWdXQmFGSUY1VkluVnJyaWxRU2NMV0dVbFQ1S1JWVWFkQ0F2WF9YSFZKU0M1NGhCLXFqMlMzeHlxOXRzLUVicE9jRGNlN3ZiUndDYUg4NjVlbFdjY3NsV1Y5TEZnaXZiWFhV0gFfQVVfeXFMUFlLRHg3X1lBaUw3Z0FvaHl2Zmkxa3puN2lQSUM2S1pvTTdzQ0FTM2Z2dDNFT3VUSkhMNnRxS1F4U0pBUEtPQTVJNE16MVQyZTBRd05hN05IbUJzOTU3YWM?oc=5,經濟日報,0050確定1拆4！6月11日起暫停交易 6月18日後可以便宜價入手 - 經濟日報,0.0
2025-05-14 10:13:23,0050,https://news.google.com/rss/articles/CBMiWkFVX3lxTFAwTkI3TnVxSDQyakE5WjZMVFhYUXN3VHNtQ2VDWWx5ZVFBcDVGcEEyem1KMkNZZ2NkbG52SmlUYktLWEdydFEtRGxBTVJiY2dqX2xnZS1sQjFDUdIBX0FVX3lxTFBZS0R4N19ZQWlMN2dBb2h5dmZpMWt6bjdpUElDNktab003c0NBUzNmdnQzRU91VEpITDZ0cUtReFNKQVBLT0E1STRNejFUMmUwUXdOYTdOSG1Cczk1N2Fj?oc=5,經濟日報,0050確定1拆4！6月11日起暫停交易 6月18日後可以便宜價入手 - 經濟日報,0.0
2025-05-19 03:42:00,0050,https://news.google.com/rss/articles/CBMiX0FVX3lxTE55ZFkta3NFdU1qVzhPVldTT2VFaW40Q2Z6VmtzNWNIOFkybThWVzM0ZjhNMjVZRW5nbl9KU3BwTFhPVGdIcmFqU0h5VTU1dHZmUHB6SkNTVTVRbHVIUlJF?oc=5,工商時報,0050拆股倒數！和ETF連結基金有何不同？怎麼選？關鍵差異一次搞懂- 理財 - 工商時報,0.0
2025-06-04 03:00:00,0050,https://news.google.com/rss/articles/CBMigAFBVV95cUxNeXlNb2IxVUg3Q2kxT3NYaEpFQV83VTZKMXEwUlhmT1BJcWF5U2gwb3owdzJUbUdvU0ZpaEsyY2lUak4wM3FOY2QzdXdURE8xbUZwbEdmQURxeHhZZ3VEdU5WWEtma1N0TDNCd0VocGxXZmtaTk9lSjBYdDI3S0pvM9IBX0FVX3lxTE5td1JtZWhYbm8xbFpxZm1pcGZfRHI5UTUybVYwN091Wkg5ZU5RWFM1Rk5kTUc5WVAzU201eHpqNzBNYk95NXdVQlk3bmlOMjctNDJfOXVNU2FkeDdvUzI4?oc=5,經濟日報,0050+0056規模衝破兆元 - 經濟日報,0.0
2025-06-04 09:00:00,0050,https://news.google.com/rss/articles/CBMiWkFVX3lxTFBKTzZENGVCellkSWF6c0tRdmJzc3pKaFdmandOUzFndWNJUFl3eHBJQTlDLWxFeGt2aUNObGJ3LXlJeExFdnpBREp1VkdaVXJ6YW1ZaHp4eTl2UdIBX0FVX3lxTE9ydTd5dEJPeDV3VC1SendSdnMwalNGSEx0Rm5tLW9WcG5JbnJNc1NwUDl4TUdxelZBOGx2TTdRLU1oS1k5Ulp5WWRtUmpYZk0tVHFtdmNWdTFkUV9FejUw?oc=5,經濟日報,台股 ETF 受益人創新高 00919、00878、0050等9檔同創高 - 經濟日報,0.0
2025-06-04 15:00:00,0050,https://news.google.com/rss/articles/CBMiWkFVX3lxTFBKTzZENGVCellkSWF6c0tRdmJzc3pKaFdmandOUzFndWNJUFl3eHBJQTlDLWxFeGt2aUNObGJ3LXlJeExFdnpBREp1VkdaVXJ6YW1ZaHp4eTl2UdIBX0FVX3lxTE9ydTd5dEJPeDV3VC1SendSdnMwalNGSEx0Rm5tLW9WcG5JbnJNc1NwUDl4TUdxelZBOGx2TTdRLU1oS1k5Ulp5WWRtUmpYZk0tVHFtdmNWdTFkUV9FejUw?oc=5,經濟日報,台股 ETF 受益人創新高 00919、00878、0050等9檔同創高 - 經濟日報,0.0
2025-06-05 09:14:35,0050,https://news.google.com/rss/articles/CBMifEFVX3lxTE9menVDMDQ4dTFKekwyMWU5cVhhQmZ3UGJiTU16Z1EtbmhzbmRldEtJSmlKejBXR3p2am9DNVJfYjhCc0FxR3JRTmp1TWlHYU1lQ3JLaVRhajluY0laMENIc2xTZXJLLS1DYlVXOUZMRjNIZGxOZGdYYnZnV0nSAV9BVV95cUxPeGI2bmVVX3VNMllvQ2pfaDhZdVFoQWhDMGhVODBpNFpmbHJROVVaSVRwUXQtTHhTQWZwTUo4cWdXM2J3TXEtQ3E2RzZVMWRyay12aXpSQnlKc1VkU2pjTQ?oc=5,經濟日報,"0050再創新紀錄 規模飛越6,000億元大關 - 經濟日報",0.0
2025-06-05 17:15:51,0050,https://news.google.com/rss/articles/CBMieEFVX3lxTE5MLTN1Skx3QUoxdzJ3UXVBN2J2eTRDbXhnX3I5dHdkTjExUmVwMUd1Q2RiVUFpVEV1amM3U0JXRTNJa1BkeFRvVzNYM1JJTUhUSTdxWEdGVW9QaXI0YTF1bXcyUzdTa2JfQ25DRDAwcnNsT3N0SG5CbtIBX0FVX3lxTFA4UUZOMWZkSi14M0Rsb0V6QjhFd0NfTEpIRzNscVlfaVI5dTRoNWFNMHVhZmY3VW5sbm1lNVJrT2s2aDhJaURYay1KbVpwVmJXOEt3OXFSb3JuaERmNlpJ?oc=5,經濟日報,"0050寫6,000億里程碑 - 經濟日報",0.0
2025-06-09 08:54:46,0050,https://news.google.com/rss/articles/CBMieEFVX3lxTFBrdVpNczc3Y2M4QmxLOGRiWld4QVRRQW5GS0x4LWxkcU1XX2Y4dzBzV1VoU29VNEowbGc2TkwwSzk1U1EyZTZGNDRubWpXNTl2THoxLTlHZkh5QTNoejFXSWU1VnF0Q1ZIUkVWdEppRzVpLWVja0g1d9IBX0FVX3lxTE1FSDUwYmhSY3VtT3liRzFXYm5hRFBSY2NYYVdHb1Y5ak45R1FpTFZfQWJlUHpWOExFaC1GLWF6akRyUVNxbWphemVXR29mN2NwM3dDOE43algzbXFOVTZj?oc=5,經濟日報,整理包／0050「1拆4」分割來了！受益人數飆新高 明最後買進日 - 經濟日報,0.3
2025-06-09 09:39:20,0050,https://news.google.com/rss/articles/CBMiWkFVX3lxTFB1UEMyTXNTbHNYYl9NYWxrc2pTOEpmUXdFdGFqckl5S3pGR3k0aUR4bjJ6U1lWNVAyRHpRN05SX1FUck1NNkZFYnNUc1ZKb3QtMHBsRFJ0b2ZCZ9IBX0FVX3lxTE1FSDUwYmhSY3VtT3liRzFXYm5hRFBSY2NYYVdHb1Y5ak45R1FpTFZfQWJlUHpWOExFaC1GLWF6akRyUVNxbWphemVXR29mN2NwM3dDOE43algzbXFOVTZj?oc=5,經濟日報,整理包／0050「1拆4」分割來了！受益人數飆新高 明最後買進日 - 經濟日報,0.3
2025-06-10 05:34:00,0050,https://news.google.com/rss/articles/CBMiX0FVX3lxTFBnRHhmYXE2Y1R3NnBMaXVMNFU0LVJuMzJTa3pSUkJRZnlyeHk1UU83NHNSUEVKTmVJQ3c0MFVncndPOVMxNDNjN3NvN09aRzZiZHNRZ083X2pTeVV6NFU4?oc=5,工商時報,0050「一拆四」分割 6／11~17暫停交易- 理財 - 工商時報,0.0
2025-06-10 09:00:00,0050,https://news.google.com/rss/articles/CBMiWkFVX3lxTFBMUzhWZlFDN09hb0pja3ZTeFJIcVVMTmNrR3lQbWpHVlkxQXdVeXJxUldHMUhBcGJvNzNMSTE3bmFiUHczeHNfVTNvVlNVcFlaYThjZXltN3RqQdIBX0FVX3lxTE1XODl3TklnaC1yM0luaVJKaWtIVV82cG5UM0tBR0VwSFVWY0tua2JhcS1YemZLcEh4ZUtkZWF5QlUxZ1NreVhOVlRkWWFiSUdRMkJqYm9fNXh1VWtUMnJJ?oc=5,經濟日報,00663L分割後恢復交易爆量衝萬張 0050分割則暫停交易 - 經濟日報,0.2
2025-06-10 10:01:00,0050,https://news.google.com/rss/articles/CBMiX0FVX3lxTFBrcjU0Z2hEM0pweFV4ZkJYcTFtQzVTRTVvSkc2R2tWLVU3NUFsSTlVR3BqLXZCakFGa1FvNmltdnljVnhncGs2ZnRsMnZQVnZ5ajZSeUtKZmF1TWtKWFBj?oc=5,工商時報,00663L、0050分割後更親民 0050低於50元 - 工商時報,0.0
2025-06-10 16:04:38,0050,https://news.google.com/rss/articles/CBMigAFBVV95cUxPNmVLenBUWkR4d3RjaU1leGdzUWN3b1FzVEJMZUJCMWwzaW04Mm93RlhUTURUN1YyaWpXRDJqLXZPZUo1Q2ZfTXJBczZJNXNIMkVGaTFuNE56NFI2d3Q5V3M5YkM1dEpiWFFUOGdrMFlIZHRpeUJGdnQzaV9MUERabdIBX0FVX3lxTE9FdjJGQVVHa1ZudGV4eG5RTzhkclhzcU5fdVdzS3RUQ3RCTW4xUXRtVkhDU1hCY2RSU1ZOSU9udDF2N3ZLTmlZbVR6NEZaMnA1ZFU3Nk5zT3p3ZE9Ic2xv?oc=5,經濟日報,"0050今年來規模增1,970億 - 經濟日報",0.0
2025-06-11 09:00:00,0050,https://news.google.com/rss/articles/CBMiWkFVX3lxTFBMUzhWZlFDN09hb0pja3ZTeFJIcVVMTmNrR3lQbWpHVlkxQXdVeXJxUldHMUhBcGJvNzNMSTE3bmFiUHczeHNfVTNvVlNVcFlaYThjZXltN3RqQdIBX0FVX3lxTE1XODl3TklnaC1yM0luaVJKaWtIVV82cG5UM0tBR0VwSFVWY0tua2JhcS1YemZLcEh4ZUtkZWF5QlUxZ1NreVhOVlRkWWFiSUdRMkJqYm9fNXh1VWtUMnJJ?oc=5,經濟日報,00663L分割後恢復交易爆量衝萬張 0050分割則暫停交易 - 經濟日報,0.2
2025-06-11 14:53:17,0050,https://news.google.com/rss/articles/CBMiW0FVX3lxTE5POC1KOUY2Ylo3SHRkcU50N3F3QkpNTUZMeVAtUDBERFczSXpCNk9RQzZkaEtwb0JTOVZ6TVlaTHJFSGxfUzk5dkJLYzRwRUN6cFY3dk9jTlZNTmc?oc=5,經濟日報,0050拆分後還是投資首選嗎？和同樣追蹤台灣50指數的006208，想抱10年以上選誰好？ | 個人理財 | 理財 - 經濟日報,0.0
2025-06-11 15:24:59,0050,https://news.google.com/rss/articles/CBMiWkFVX3lxTFBjcmhxUk5YYmdaWXpYajVrNm1YM2ZFcU0yTjBoUXJDUlpsbUZqaUdvUjhDZEw1T2h6NzNodEpzUlBUOGJGMHpSb29MY1pfUG9VdW9KTnJsU1JNZ9IBX0FVX3lxTE85S29oN3hrcm9pSVNCMVRVUkcwbjFBR0Fpa2VLUGxWWENTSWc4a2hOaXdWeFo5ekJ0bXdxUzdPcXFvZERXX1N3bjhzRmtsNnR1TVRzVkQ1c3YwektSY0Vv?oc=5,經濟日報,0050一拆四 18日恢復交易 - 經濟日報,0.0
2025-06-17 04:52:33,0050,https://news.google.com/rss/articles/CBMigAFBVV95cUxOLTNkOFdqRVplR2JfT2luZHdZdzB0VU9YVlZLWV9zSHlLUkpDZUtvYVhoLThGYTNXU1ZDTm82b01kQ0RQeGtyb1JKdkZtby10dUtMNF9NLXFiQ3RzWEJCWTlkREd1M2JNMXA2RDBWNWZZc1lISjFkejN1Yjh0UjZHUdIBX0FVX3lxTE1FSFFVc2NvS3ByODNjS3I1cjdCdUxkVjBabUdLbjVOMWFHbTFwMUY1UTRaMWM0R2NhYzZwcDJVdVkzMGJuQ2pJTkxOTVcxa1BGOVpBU1d1TUNkdHFiYUNz?oc=5,經濟日報,「0050」18日一拆四上市！雙重紅利吸睛 - 經濟日報,0.0
2025-06-17 09:00:00,0050,https://news.google.com/rss/articles/CBMiWkFVX3lxTE1TdDRxVkpYRTFqdl9ZUDRuTWU4Z1liZGR2X2ZicEdoVXRSOERiblFTaEZBa0d1U3p2RXdmMGhXX3U1THJKRnNVQzY1YWE4RWoxZU5EWV9QejFtZ9IBX0FVX3lxTE8wWW9qT3M0bVR0c1N3T3lBYmZ1SGF3ZGtVRlBUcGtBVExYS2lua2NiRmNUS0JzeUt4ekR4UWdSTGIzUm9QT0R2bWVOV0lkNWw5S0pEUXI4V0pONEVHaWc4?oc=5,經濟日報,0050恢復交易爆量漲 外資不埋單竟大賣近13萬張 - 經濟日報,-0.6
2025-06-17 09:05:00,0050,https://news.google.com/rss/articles/CBMiX0FVX3lxTE1fSjRRR3RmNEdoOFc3VHlhZTFUMERuWTlQaER0SzRsQVdVSFlUdVFiUndIVjhJQ1QtLWZzUE93ZmNudnlpZ1pwVzA0NHhkRm1GWGZac29lbHZpbVlHYXFB?oc=5,工商時報,0050完成分割！低門檻、低費用率成投資人存股新寵- 金融 - 工商時報,0.0
2025-06-17 09:05:48,0050,https://news.google.com/rss/articles/CBMiWkFVX3lxTE50TXBFWVQ2dHRMck9lRG5sUGFlckNOZmQzaC1zRkZCemFhNUJ4UklGWExYMFdGdTNkcXNvaC1SLTFGRmdvY3ZhYWQzZGxldjNuS3EwMndjd0VEUdIBX0FVX3lxTE90QmpPZmVITkg4cF9CRnBncTYzYnZ0cU8wU19tMzFTLXZBazl3N2NsQVQ0UE9GTzBELU1jVmdKWU1JTTVGS0ZoZE5FY1JYVkItVW44dnhfUmFrX0tBNFhB?oc=5,經濟日報,ETF 老大哥0050回來了！睽違五個交易日 一張五萬還有找 - 經濟日報,0.0
2025-06-17 10:14:34,0050,https://news.google.com/rss/articles/CBMiXEFVX3lxTE9wU1NZSG5kaElyMjVnTkZXb2lHUVNhSnZ3RndfeTU5aDVsdnVmZC1ONV9KU0JidFV6NmxpaXdCQXd0WVdnbEVWT2dTdmJxeHZjWG1EVmlaaER5YUhG?oc=5,經濟日報,0050 ETF 攻略／明恢復交易！每股淨值47.32元 分割後能買嗎？（2025最新） | 整理包 | 專題 - 經濟日報,0.0
2025-06-17 10:14:34,0050,https://news.google.com/rss/articles/CBMiXEFVX3lxTE9wU1NZSG5kaElyMjVnTkZXb2lHUVNhSnZ3RndfeTU5aDVsdnVmZC1ONV9KU0JidFV6NmxpaXdCQXd0WVdnbEVWT2dTdmJxeHZjWG1EVmlaaER5YUhG?oc=5,經濟日報,0050 ETF 攻略／明恢復交易！參考價47.16元 分割後能買嗎？（2025最新） | 整理包 | 專題 - 經濟日報,0.0
2025-06-17 10:14:34,0050,https://news.google.com/rss/articles/CBMiXEFVX3lxTE9wU1NZSG5kaElyMjVnTkZXb2lHUVNhSnZ3RndfeTU5aDVsdnVmZC1ONV9KU0JidFV6NmxpaXdCQXd0WVdnbEVWT2dTdmJxeHZjWG1EVmlaaER5YUhG?oc=5,經濟日報,0050 ETF 攻略／6月18日恢復交易！參考價47.16元 分割後能買嗎？（2025最新） | 整理包 | 專題 - 經濟日報,0.0
2025-06-17 11:51:47,0050,https://news.google.com/rss/articles/CBMiXEFVX3lxTE9wU1NZSG5kaElyMjVnTkZXb2lHUVNhSnZ3RndfeTU5aDVsdnVmZC1ONV9KU0JidFV6NmxpaXdCQXd0WVdnbEVWT2dTdmJxeHZjWG1EVmlaaER5YUhG?oc=5,經濟日報,0050 ETF 攻略／6月18日恢復交易！參考價47.16元 分割後能買嗎？（2025最新） | 整理包 | 專題 - 經濟日報,0.0
2025-06-17 15:20:58,0050,https://news.google.com/rss/articles/CBMiWkFVX3lxTFBTZTFoek43NVlPeWZuUjdvTENRb1pFYnd5d01oRkZZU1BOY096MXNpd0lYMXdOdmxEMTdOMDFKUmlaVHppR0U4cmowOVUyUmMwV3BNV1MxT2hkd9IBX0FVX3lxTE5yTjFEMnc1RkpaeEo2djBzaF9nQmFGb0o3Wl9zbkFGZ3ZPdlNjMFJROTYwM1U4eEJCWWtIVjRCdHBTQWNDQkdQdFpFM05QbWZWWTBZSkRfZEh4dHdmdzZJ?oc=5,經濟日報,0050 一張5萬元有找 - 經濟日報,0.0
2025-06-17 23:00:00,0050,https://news.google.com/rss/articles/CBMiWkFVX3lxTE5yY1JlWVE0MU41NDlnNW1LVkN6OFJHNjFFbXY4SjdYYWlQVmdaY3NZZkktT0ljYU9ReUhmcmF4OThqVm9TZlZvNVJQVWhwMVUzXzhhZ1l1LVc4Z9IBX0FVX3lxTE5oYl9rSGt0LVdTWnRJNzJMb0wzS2pGeVhxdl8ySjUxSkJ6UWVLaUNRcHZuWFZFSzllMGFsY240SENuQ09GUG8yWWhtQTRFMzVkUXJKLXJDMTNRb1J1WDFZ?oc=5,經濟日報,三大法人擴大買超127億元！0050、DRAM 雙雄霸榜人氣前三 - 經濟日報,0.8
2025-06-17 23:15:51,0050,https://news.google.com/rss/articles/CBMiWkFVX3lxTE85aHZjRzltMjgzWDdSbm5YbGlTVkJKTEx3SkpNRW5qMlZieDNhSWhZTDlaRWxLRGxaTGY0MUxwN0VnTERKYk9zaHVGSWVNMjJoclRMRjBTY2ZxZ9IBX0FVX3lxTE0wM2xtRFJuSEU1Yzh1U2FVZmpPVDhISWJJTWY2MHI1M0hKbjdSVFFBakIzZEJ1UDJmRFpUYmhDWDN2eF9EaThjaUFCVlMyQ3VYVzhwc01sMVhxeGEzdjRj?oc=5,經濟日報,0050分割後今重新交易 6月18日重要財經行事曆一次看 - 經濟日報,0.0
2025-06-18 02:26:00,0050,https://news.google.com/rss/articles/CBMiX0FVX3lxTFBIc3pXckt3VURYTWJzUzE2TmxiVVEtVlhQTkEtTV9iVU5PWDRfeHdaSEFBYmdmU2NpS1VvMGljU3VyTEJoS2lQaFBIZkpXMVVaSEVEM191YUh4dTc2YnFz?oc=5,工商時報,0050一拆四「爆大量」狂尬南亞科006208怎麼辦？ 達人這樣說- 理財 - 工商時報,0.0
2025-06-18 06:42:36,0050,https://news.google.com/rss/articles/CBMiWkFVX3lxTE9oMDM4bTU3U3kweDlNQ1dYT0E5R0tmZW1HeVpCWlQzSE4wa2FiVG9LOEg1cFVyMm9La09LVXBYUEhSM2NpZ0JsanA4QW93WmlwQXBya1hhMkM3QdIBX0FVX3lxTE13Sll6WVZBelJUc3NRZW9VZXJyVjRDc1JNVXFPRFc2aS1IWjRoT25kRXlSU3J4cDBhdnUtQVBPLW5UMEJmSU5RcjVLQkMyRVRXb2g5V3JZM01pY3VFV3dN?oc=5,經濟日報,0050分割首日爆量 成交額破115億改寫ETF天量紀錄 - 經濟日報,0.3
2025-06-18 07:09:00,0050,https://news.google.com/rss/articles/CBMiX0FVX3lxTFA3aUpIMmJYbE10S2ljLTEwbXp1UGxmc1QyLXMzeUpGWGdVSWx1SFVoMXA1dTFqSmdJV1VoVlpMNXVxQ2V5ejJ6YjZERklvcFE5LTVPYW9OUlp4Nll0OUxR?oc=5,工商時報,0050分割券商APP出包！成本變0、報酬率100％ 網友教戰「1招」找回成本價- 理財 - 工商時報,0.0
2025-06-18 07:09:00,0050,https://news.google.com/rss/articles/CBMiX0FVX3lxTFA3aUpIMmJYbE10S2ljLTEwbXp1UGxmc1QyLXMzeUpGWGdVSWx1SFVoMXA1dTFqSmdJV1VoVlpMNXVxQ2V5ejJ6YjZERklvcFE5LTVPYW9OUlp4Nll0OUxR?oc=5,工商時報,0050分割券商APP出包！成本變0、報酬率100％卻不開心網友教戰「1招」找回成本價- 理財 - 工商時報,0.0
2025-06-18 09:00:00,0050,https://news.google.com/rss/articles/CBMiWkFVX3lxTE1TdDRxVkpYRTFqdl9ZUDRuTWU4Z1liZGR2X2ZicEdoVXRSOERiblFTaEZBa0d1U3p2RXdmMGhXX3U1THJKRnNVQzY1YWE4RWoxZU5EWV9QejFtZ9IBX0FVX3lxTE8wWW9qT3M0bVR0c1N3T3lBYmZ1SGF3ZGtVRlBUcGtBVExYS2lua2NiRmNUS0JzeUt4ekR4UWdSTGIzUm9QT0R2bWVOV0lkNWw5S0pEUXI4V0pONEVHaWc4?oc=5,經濟日報,0050恢復交易爆量漲 外資不埋單竟大賣近13萬張 - 經濟日報,-0.6
2025-06-18 09:56:41,0050,https://news.google.com/rss/articles/CBMiXEFVX3lxTFB6T2ZlTlllQktaeUhrY1N1WkRJZFAtNUJoWDlfdXlrelpxSGVCWVZzRTJ3ME9OOW9ISjBTd3Fyd3lwOGVFTVJZbW9FZFZod0V2ZTkzWFdQbkVzdWxx?oc=5,經濟日報,整理包／0050「一拆四」市場瘋搶是為什麼？一文帶你了解指數化投資的魅力 | 整理包 | 專題 - 經濟日報,0.0
2025-06-18 12:13:32,0050,https://news.google.com/rss/articles/CBMiWkFVX3lxTE5OY3FkamlWSUNhc3R0QzQ5X29EYlRBNnJ5NkpXOS1ZR25wckZiRVFFREp5amJaZVpDWEZuR0VpcXFDcHRKQzFfSTlheHhlSERrNEdqOEpXMkJKUdIBX0FVX3lxTE90Vzc1U0F1cWhldlFHWWpNQURJYlZnSEFndEFlVXVVZ2gzSk03ellDNmFPMDB5NEVadVowMXBZa05TYzZNZDY2VHZ2cGUwRU9vemF3a2ZPWDVjRzhUOGtn?oc=5,經濟日報,外資買超117億加碼反向ETF 提款元大台灣50近13萬張 - 經濟日報,-0.8
2025-06-19 02:54:00,0050,https://news.google.com/rss/articles/CBMiX0FVX3lxTE9udVAyT1BqdWN2UXdUVHdlYXFESkJlMlBaYnBpelJsSEhZb2JDWEZxbmdubFRydWZ3Y1JkOHNwd1JLd1hNY2ZJTVJZOEgzQnVjWjZ6NG9mSzN3Qk9zUzRN?oc=5,工商時報,0050拆股甜甜價存股新起點？理財專家：現在不買，才是真貴！ 每月投資1萬26年後變成1千萬 - 工商時報,0.0
2025-06-19 09:00:00,0050,https://news.google.com/rss/articles/CBMiWkFVX3lxTE1TdDRxVkpYRTFqdl9ZUDRuTWU4Z1liZGR2X2ZicEdoVXRSOERiblFTaEZBa0d1U3p2RXdmMGhXX3U1THJKRnNVQzY1YWE4RWoxZU5EWV9QejFtZ9IBX0FVX3lxTE8wWW9qT3M0bVR0c1N3T3lBYmZ1SGF3ZGtVRlBUcGtBVExYS2lua2NiRmNUS0JzeUt4ekR4UWdSTGIzUm9QT0R2bWVOV0lkNWw5S0pEUXI4V0pONEVHaWc4?oc=5,經濟日報,0050恢復交易爆量漲 外資不埋單竟大賣近13萬張 - 經濟日報,-0.6
2025-06-19 09:00:00,0050,https://news.google.com/rss/articles/CBMiWkFVX3lxTE85aHZjRzltMjgzWDdSbm5YbGlTVkJKTEx3SkpNRW5qMlZieDNhSWhZTDlaRWxLRGxaTGY0MUxwN0VnTERKYk9zaHVGSWVNMjJoclRMRjBTY2ZxZ9IBX0FVX3lxTE0wM2xtRFJuSEU1Yzh1U2FVZmpPVDhISWJJTWY2MHI1M0hKbjdSVFFBakIzZEJ1UDJmRFpUYmhDWDN2eF9EaThjaUFCVlMyQ3VYVzhwc01sMVhxeGEzdjRj?oc=5,經濟日報,0050分割後今重新交易 6月18日重要財經行事曆一次看 - 經濟日報,0.0
2025-06-19 19:00:00,0050,https://news.google.com/rss/articles/CBMiX0FVX3lxTE4tWjhZdmpIRDhJVk9XLUNBX0o4aFB6ZGJzQUpMVktFWVprQWlZYVdZYUg2OS15ekR2UFY1WGpYVEtYN2Q3ZkhpZllnQWpuSVNOSVRydnk3eHBydmduOTY4?oc=5,工商時報,0050被超車了！「這檔」報酬率奪冠6月ETF績效榜揭曉- 日報 - 工商時報,0.0
2025-06-20 09:00:00,0050,https://news.google.com/rss/articles/CBMiWkFVX3lxTE1TdDRxVkpYRTFqdl9ZUDRuTWU4Z1liZGR2X2ZicEdoVXRSOERiblFTaEZBa0d1U3p2RXdmMGhXX3U1THJKRnNVQzY1YWE4RWoxZU5EWV9QejFtZ9IBX0FVX3lxTE8wWW9qT3M0bVR0c1N3T3lBYmZ1SGF3ZGtVRlBUcGtBVExYS2lua2NiRmNUS0JzeUt4ekR4UWdSTGIzUm9QT0R2bWVOV0lkNWw5S0pEUXI4V0pONEVHaWc4?oc=5,經濟日報,0050恢復交易爆量漲 外資不埋單竟大賣近13萬張 - 經濟日報,-0.6
2025-06-22 09:00:00,0050,https://news.google.com/rss/articles/CBMiWkFVX3lxTE1TdDRxVkpYRTFqdl9ZUDRuTWU4Z1liZGR2X2ZicEdoVXRSOERiblFTaEZBa0d1U3p2RXdmMGhXX3U1THJKRnNVQzY1YWE4RWoxZU5EWV9QejFtZ9IBX0FVX3lxTE8wWW9qT3M0bVR0c1N3T3lBYmZ1SGF3ZGtVRlBUcGtBVExYS2lua2NiRmNUS0JzeUt4ekR4UWdSTGIzUm9QT0R2bWVOV0lkNWw5S0pEUXI4V0pONEVHaWc4?oc=5,經濟日報,0050恢復交易爆量漲 外資不埋單竟大賣近13萬張 - 經濟日報,-0.6
2025-06-22 22:00:00,0050,https://news.google.com/rss/articles/CBMiWkFVX3lxTE1WUVFpRHFVeXM0WmxFUElJUkM0UkFTQm00WGpnSnZxdFdCOTVZM2lza1ZEYWRWeW8ySlpRTEZkMkh1U09aN083LXkwSXdRNlNUbENORjVBSUlVQdIBX0FVX3lxTFBLc28zM1preEJfVGFveU5DZVJmWUJuT1JqcnBZM2pkX1VEYUFTNHk1Zk82TmpsN3ZPQ1F5T0swSUIxRlB2MXZRWGRIYThDUmtVcTBwSDNPWFZHVXNiT2J3?oc=5,經濟日報,0050、00919甜甜價助攻 台股 ETF 今年來增加人數破百萬、再創新高 - 經濟日報,0.0
2025-06-24 02:15:00,0050,https://news.google.com/rss/articles/CBMiX0FVX3lxTFBSYk1uaEx6dFFuNmZYT3BEdnBXRktHQWVoLUtzdHJpbk5yUllkSDVkTW1tUDRNQlNvYlhPdkJsRHZPQlRNX3RFQ2NoZElweVNSTDhUTjVuYl9GckY1ckE0?oc=5,工商時報,跑贏0050、0056！這檔報酬率飆816％ 陳重銘：期待股災、繼續押寶- 理財 - 工商時報,0.0
2025-06-25 05:55:00,0050,https://news.google.com/rss/articles/CBMiX0FVX3lxTFBsLVhMS1RRZUZ0ZFFfOE93NXItYUo0OWx2V0ZjRkhaNzJOaWFObXlySWE0bE9LaEJwU1poWTNyVjhBLXcwLUM0Wi1QTVZQYUgycVRhX19BVHRBUmVxNTMw?oc=5,工商時報,0050、006208掀ETF價格戰！陳重銘點名贏家是「它」 關鍵密碼曝光- 理財 - 工商時報,0.0
2025-06-27 16:39:21,0050,https://news.google.com/rss/articles/CBMiWkFVX3lxTE8xSjB4ZkdNRUJNYTRZaGVhUVpTZVdEZUJSTFZ2Y01PMTZVWXI1TUxKMGFxNzV6Q2Z0V01mSlNWdmhFLWdzRXduamdlamtreHU4ZnpadTdzWGk5Z9IBX0FVX3lxTFBBYWhGM1J6N1RsM3FyVmpNQ3FTMkVhR3ItSUE2cXVQSGtfRzVScTlFNUFvbVRGbkp1VXNnMDVKOEc3ajhpRnJjcnZaWVBfc3A2SnI2Q2N3T1AxZTlfN01V?oc=5,經濟日報,一周熱門零股／元大台灣50 人氣旺 - 經濟日報,0.0
2025-06-30 07:13:00,0050,https://news.google.com/rss/articles/CBMiX0FVX3lxTE1jOGg2UWZWSnVfVWRzeVlhbzBnQmhMQWJsWTFUR1BMdzNIcHRLUHZVUFpnZ3k5d3pRQ195eE00NnRWdGdkQ1VPaXFRWG1JNUVhZmVqdW80b2xORWVDT1BR?oc=5,工商時報,006208出招！拆股、降費都來了…迎戰0050誰更強？「這數據」最關鍵- 理財 - 工商時報,0.0
2025-06-30 09:00:00,0050,https://money.udn.com/money/story/5618/8842717,經濟日報,0050、00919主攻！主動式 ETF 助攻 台股 ETF 受益人連2高 - 經濟日報,0.0
2025-07-01 09:00:56,0050,https://money.udn.com/money/story/5613/8843567,經濟日報,投資0050新管道 元大推0050ETF連結基金TISA級別 - 經濟日報,0.0
2025-07-02 01:34:00,0050,https://www.ctee.com.tw/news/20250702700600-430403,工商時報,0050分割後首次配息0.36元 10天漲逾3％ 最後買進日出爐- 理財 - 工商時報,0.0
2025-07-02 06:36:42,0050,https://money.udn.com/money/story/5618/8845718,經濟日報,0050下半年預估配息0.36元 7/21除息 - 經濟日報,0.0
2025-07-02 19:00:00,0050,https://www.ctee.com.tw/news/20250703700071-439901,工商時報,ETF除息秀台股迎活水0050穩坐老大哥「殖利率王」爆黑馬- 日報 - 工商時報,0.2
2025-07-03 09:00:00,0050,https://money.udn.com/money/story/5607/8851180,經濟日報,外資小幅買超5億元 布局金融股、提款0050 - 經濟日報,0.2
2025-07-03 20:00:00,0050,https://money.udn.com/money/story/5607/8851180,經濟日報,外資小幅買超5億元 布局金融股、提款0050 - 經濟日報,0.2
2025-07-04 16:51:45,0050,https://money.udn.com/money/story/5607/8851725,經濟日報,一周熱門零股／元大台灣50 買盤挺 | 市場焦點 | 證券 - 經濟日報,0.2
2025-07-04 16:51:45,0050,https://money.udn.com/money/story/5607/8851725,經濟日報,一周熱門零股／元大台灣50 買盤挺 - 經濟日報,0.2
2025-07-06 09:00:00,0050,https://money.udn.com/money/story/5607/8856449,經濟日報,外資賣超57億終止連4買 減碼0050與航運股 - 經濟日報,-0.6
2025-07-08 09:00:00,0050,https://money.udn.com/money/story/5739/8861829,經濟日報,0050、期街口道瓊銅 夯 - 經濟日報,0.0
2025-07-09 19:00:00,0050,https://www.ctee.com.tw/news/20250710700272-439901,工商時報,6月ETF定期定額0050續奪冠- 日報 - 工商時報,0.0
2025-07-11 15:45:44,0050,https://money.udn.com/money/story/5607/8867163,經濟日報,一周熱門零股／元大台灣50 馬力強 - 經濟日報,0.2
2025-07-14 01:00:00,0050,https://money.udn.com/money/story/5607/8872052,經濟日報,外資賣超逾29億　調節0050布局金融、傳產股 - 經濟日報,-0.8
2025-07-14 13:24:03,0050,https://money.udn.com/money/story/5613/8872052?from=edn_newest_index,經濟日報,外資賣超逾29億　調節0050布局金融、傳產股 - 經濟日報,-0.8
2025-07-14 19:00:00,0050,https://www.ctee.com.tw/news/20250715700303-439901,工商時報,台股ETF6月人氣出爐0050續稱霸- 日報 - 工商時報,0.0
2025-07-16 10:04:00,0050,https://www.ctee.com.tw/news/20250716701906-430201,工商時報,"0050股價創分割後新高規模突破6,700億元- 證券 - 工商時報",0.0
2025-07-17 08:39:00,0050,https://www.ctee.com.tw/news/20250717701608-430403,工商時報,不錯過台股行情！0050股價、規模連二日創高- 理財 - 工商時報,0.0
2025-07-18 15:01:49,0050,https://money.udn.com/money/story/5607/8882006,經濟日報,一周熱門零股／0050、台積電 人氣指標 - 經濟日報,0.0
2025-07-18 19:00:00,0050,https://www.ctee.com.tw/news/20250719700133-439901,工商時報,權王領漲0050再締新猷- 日報 - 工商時報,0.2
2025-07-19 15:03:55,0050,https://money.udn.com/money/story/5618/8883643,經濟日報,元大台灣50 聚焦基本面 - 經濟日報,0.0
2025-07-20 09:00:00,0050,https://money.udn.com/money/story/5618/8885681,經濟日報,資產規模前2大 ETF 0050、0056除息 漲跌互見 | 基金天地 | 理財 - 經濟日報,0.0
2025-07-21 00:00:00,0050,https://money.udn.com/money/story/5613/8887249,經濟日報,外資買超41億　布局神達中信金、調節0050 - 經濟日報,0.8
2025-07-21 02:56:00,0050,https://www.ctee.com.tw/news/20250721700652-430403,工商時報,台股兩大ETF除息兩樣情！0050陷貼息 0056填息18％ - 工商時報,-0.2
2025-07-25 14:52:15,0050,https://money.udn.com/money/story/5607/8897017,經濟日報,一周熱門零股／元大台灣50 人氣旺 - 經濟日報,0.0
2025-07-30 09:00:00,0050,https://money.udn.com/money/story/5618/8909439,經濟日報,買盤先押寶？關稅公布前夕0050市價衝歷史新高 - 經濟日報,0.8
2025-07-30 18:00:00,0050,https://money.udn.com/money/story/5618/8909439?from=edn_related_storybottom,經濟日報,買盤先押寶？關稅公布前夕0050市價衝歷史新高 - 經濟日報,0.8
2025-08-04 09:36:17,0050,https://money.udn.com/money/story/5618/8917052?from=edn_related_storybottom,經濟日報,外資買超台股逾111億元　加碼0050及金融股 - 經濟日報,0.8
2025-08-04 19:00:00,0050,https://www.ctee.com.tw/news/20250805700090-439901,工商時報,台股ETF人氣榜 0050周增居冠無法擋 主動式台股ETF強式來襲 00919輸給「它」 - 工商時報,0.0
2025-08-06 09:00:00,0050,https://money.udn.com/money/story/5618/8924494,經濟日報,半導體關稅出爐 0050股價、規模再創新高 | 基金天地 | 理財 - 經濟日報,0.8
2025-08-07 08:52:21,0050,https://money.udn.com/money/story/5618/8924494?from=edn_newest_index,經濟日報,半導體關稅出爐 0050股價、規模再創新高 - 經濟日報,0.8
2025-08-07 15:12:41,0050,https://money.udn.com/money/story/12040/8925291,經濟日報,0050「一拆四」熱度降溫？兩大亮點透露未來潛力！ | 個人理財 | 理財 - 經濟日報,0.0
2025-08-11 08:34:00,0050,https://www.ctee.com.tw/news/20250811701325-430201,工商時報,"定期定額王0050分割後更親民 7月投資戶數大增114,879戶 - 工商時報",0.0
2025-08-11 17:15:53,0050,https://money.udn.com/money/story/5607/8932260,經濟日報,ETF 定期定額 0050奪冠 - 經濟日報,0.0
2025-08-16 17:08:50,0050,https://money.udn.com/money/story/5618/8943921,經濟日報,元大台灣50 後市看旺 - 經濟日報,0.8
2025-08-20 09:00:00,0050,https://money.udn.com/money/story/5607/8954409,經濟日報,外資賣超101億元 0050連兩天高居賣超第一名、面板雙虎則獲青睞大買 | 市場焦點 | 證券 - 經濟日報,-0.8
2025-08-20 19:00:00,0050,https://www.ctee.com.tw/news/20250821700309-439901,工商時報,0050超吸睛 投資人平均月增逾7萬 - 工商時報,0.0
2025-08-20 19:00:00,0050,https://money.udn.com/money/story/5607/8954409,經濟日報,外資賣超101億元 0050連兩天高居賣超第一名、面板雙虎則獲青睞大買 - 經濟日報,-0.8
2025-08-20 19:00:00,0050,https://money.udn.com/money/story/5607/8954409,經濟日報,外資賣超101億元 0050連兩天高居賣超第一名、面板雙虎則獲青睞大買 | 市場焦點 | 證券 - 經濟日報,-0.8
2025-08-21 09:00:00,0050,https://money.udn.com/money/story/5607/8954409,經濟日報,外資賣超101億元 0050連兩天高居賣超第一名、面板雙虎則獲青睞大買 | 市場焦點 | 證券 - 經濟日報,-0.8
2025-08-21 09:00:00,0050,https://money.udn.com/money/story/5607/8954409,經濟日報,外資賣超101億元 0050連兩天高居賣超第一名、面板雙虎則獲青睞大買 - 經濟日報,-0.8
2025-08-22 09:00:00,0050,https://money.udn.com/money/story/5607/8954409,經濟日報,外資賣超101億元 0050連兩天高居賣超第一名、面板雙虎則獲青睞大買 - 經濟日報,-0.8
2025-08-22 16:20:32,0050,https://money.udn.com/money/story/5607/8957043?from=edn_related_storybottom,經濟日報,"一周熱門零股／0050爆逾2,700萬股大量 - 經濟日報",0.3
2025-08-23 09:00:00,0050,https://money.udn.com/money/story/5607/8954409,經濟日報,外資賣超101億元 0050連兩天高居賣超第一名、面板雙虎則獲青睞大買 - 經濟日報,-0.8
2025-08-23 15:44:01,0050,https://money.udn.com/money/story/5618/8958631,經濟日報,元大台灣50 表現可期 - 經濟日報,0.2
2025-08-25 09:00:00,0050,https://money.udn.com/money/story/5607/8954409,經濟日報,外資賣超101億元 0050連兩天高居賣超第一名、面板雙虎則獲青睞大買 - 經濟日報,-0.8
2025-08-28 19:00:00,0050,http://www.ctee.com.tw/news/20250829700098-430403,工商時報,0050又要換股了 還有豆腐吃？市場點名康霈＊、川湖、健策納入機會大 誰會被剔除？ - 工商時報,0.0
2025-09-02 16:03:29,0050,https://money.udn.com/money/story/5618/8979674,經濟日報,0050圈粉 受益人稱冠 - 經濟日報,0.0
2025-09-04 09:00:00,0050,https://money.udn.com/money/story/5618/8986268,經濟日報,重量級 ETF 換股啦！0050、006208二進二出 - 經濟日報,0.0
2025-09-04 23:00:00,0050,https://money.udn.com/money/story/5618/8986268,經濟日報,重量級 ETF 換股啦！0050、006208二進二出 - 經濟日報,0.0
2025-09-05 02:00:00,0050,https://money.udn.com/money/story/5618/8986268,經濟日報,重量級 ETF 換股啦！0050、006208二進二出 - 經濟日報,0.0
2025-09-05 09:00:00,0050,https://money.udn.com/money/story/5618/8986268,經濟日報,重量級 ETF 換股啦！0050、006208二進二出 - 經濟日報,0.0
2025-09-05 13:00:00,0050,https://money.udn.com/money/story/5618/8986268,經濟日報,重量級 ETF 換股啦！0050、006208二進二出 - 經濟日報,0.0
2025-09-05 22:00:00,0050,https://money.udn.com/money/story/5618/8986268,經濟日報,重量級 ETF 換股啦！0050、006208二進二出 - 經濟日報,0.0
2025-09-06 09:00:00,0050,https://money.udn.com/money/story/5618/8986268,經濟日報,重量級 ETF 換股啦！0050、006208二進二出 - 經濟日報,0.0
2025-09-06 16:00:00,0050,https://money.udn.com/money/story/5618/8986268,經濟日報,重量級 ETF 換股啦！0050、006208二進二出 - 經濟日報,0.0
2025-09-07 09:00:00,0050,https://money.udn.com/money/story/5618/8986268,經濟日報,重量級 ETF 換股啦！0050、006208二進二出 - 經濟日報,0.0
2025-09-08 02:37:00,0050,https://www.ctee.com.tw/news/20250908700645-430201,工商時報,重量級ETF 0050季調秀新增康霈喜創高、剔除台泥苦吞逾16年新低- 證券 - 工商時報,0.0
2025-09-08 09:00:00,0050,https://money.udn.com/money/story/5618/8986268,經濟日報,重量級 ETF 換股啦！0050、006208二進二出 - 經濟日報,0.0
2025-09-08 09:00:00,0050,https://money.udn.com/money/story/5618/8993624?from=edn_newest_index,經濟日報,0050續霸定期定額冠軍、劍指50萬新里程碑 高股息 ETF 爆下車潮 - 經濟日報,0.0
2025-09-08 11:00:00,0050,https://money.udn.com/money/story/5618/8986268,經濟日報,重量級 ETF 換股啦！0050、006208二進二出 - 經濟日報,0.0
2025-09-09 05:06:00,0050,https://www.ctee.com.tw/news/20250909700944-430201,工商時報,0050分割大成功兩個月交易戶數大增逾16.5萬戶- 證券 - 工商時報,0.0
2025-09-09 09:00:00,0050,https://money.udn.com/money/story/5618/8986268,經濟日報,重量級 ETF 換股啦！0050、006208二進二出 - 經濟日報,0.0
2025-09-09 09:00:00,0050,https://money.udn.com/money/story/5618/8990792,經濟日報,0050領軍00878、00919跟上！這四檔 ETF 零股交易狂吸買氣 - 經濟日報,0.0
2025-09-09 17:19:06,0050,https://money.udn.com/money/story/5607/8994219,經濟日報,ETF 定期定額 0050稱冠 - 經濟日報,0.0
2025-09-10 08:05:00,0050,https://www.ctee.com.tw/news/20250910701495-430201,工商時報,康霈吞跌停「下山行情」恐未完？納入0050股價能穩住？達人2大觀察- 證券 - 工商時報,-0.3
2025-09-10 16:24:28,0050,https://money.udn.com/money/story/12926/8997333?from=udnamp-referralnews_ch1001artbottom,經濟日報,"ETF規模攀峰 挑戰7兆元 17檔寫新紀錄、0050突破7,000億元 - 經濟日報",0.2
2025-09-12 16:47:47,0050,https://money.udn.com/money/story/5607/9001877?from=edn_related_storybottom,經濟日報,"一周熱門零股／0050交易量達1,100萬股 - 經濟日報",0.0
2025-09-13 09:00:00,0050,https://money.udn.com/money/story/5618/8994174,經濟日報,0050定期定額戶數飆升 兩個月增胖51.7%、有望突破50萬戶大關 - 經濟日報,0.0
2025-09-13 09:00:00,0050,https://money.udn.com/money/story/5618/8993624,經濟日報,0050續霸定期定額冠軍、劍指50萬新里程碑 高股息 ETF 爆下車潮 - 經濟日報,0.0
2025-09-19 16:39:59,0050,https://money.udn.com/money/story/5607/9016864,經濟日報,"一周熱門零股／0050成交逾1,454萬股 - 經濟日報",0.0
2025-09-23 19:36:00,0050,https://money.udn.com/money/story/5618/9025127,經濟日報,0050零股交易突破300萬股 - 經濟日報,0.0
2025-09-26 16:21:02,0050,https://news.google.com/rss/articles/CBMifEFVX3lxTFBoS2ZvLW1Ed3B0aDVfRzVmTmVua2l4QWF1YmRPNUg3Z1BjNmI2cmludTFkYy02WF9kWmtveGF1Y25reDZ2bVZleERyOVhvdXFJaVkyWjZkT0RwTDJ1REJVQXZQdDlrMTJDS19aSFdFTkF5MFQ1eFcxZ3FTM1bSAV9BVV95cUxQNW1leGMtNFNQQTJGbnpjTGgwYThqMXMzaDJOdmthcUF4bklzLWtTekpubzVCZ1hFMGVXU0dfM3Boc0d3em5RRkZUb3ZZZnNjOUozaVc0bkdWUTJ0ZnUtOA?oc=5,經濟日報,一周熱門零股／元大台灣50 交投重心 - 經濟日報,0.0
2025-10-02 09:23:00,0050,https://news.google.com/rss/articles/CBMiX0FVX3lxTE93VUpIeVVzRXZNOU9iMU5MUFh4ZVFYNUppWGpwXzMtTmMteC02enI3WkhuNHBBYU9zcUhMWERXaXBnbWs0dUVvZ29veDk3ZmpjOE9OS2cwQXQ3LTA1UEVj?oc=5,工商時報,"0050規模突破7,500億！ 經理費率正式低於0.1％ - 工商時報",0.0
2025-10-02 18:00:00,0050,https://news.google.com/rss/articles/CBMiWkFVX3lxTFA2emd5blZJaGp0cU5RaUpmTFlPZ0llU1RvdTg0WVlYNGZLMVhWdFYtaUs5MzBCWE9FYWM0dm8tWmhKRjVkTHg0cUJCVUR6S0xSOTZFOFhUcTJCd9IBX0FVX3lxTE1nUXpKM1VtSC02eklnZk5YdkpPMERMa1pzZ1UteEx4NGc1OVNPV3FZMl9kdkRlWjVwNVV3T01KeVBoeGZ6V1hEVDBCdWYyb0l3bFR4Zk1CcmpGb2xmLXM0?oc=5,經濟日報,ETF 新里程碑！0050分割後已漲28% 躍居境內外基金規模最大一檔 - 經濟日報,0.0
2025-10-03 09:00:00,0050,https://money.udn.com/money/story/5618/9038756,經濟日報,0050投資人數突破150萬人 再創里程碑 - 經濟日報,0.0
2025-10-03 09:02:00,0050,https://www.ctee.com.tw/news/20251003701535-430403,工商時報,"台灣之光！0050規模逾7,600億登基金榜首- 理財 - 工商時報",0.0
2025-10-03 09:54:50,0050,https://money.udn.com/money/story/5618/9048767?from=edn_newest_index,經濟日報,超越安聯收益成長基金　0050躍台股基金規模龍頭 - 經濟日報,0.0
2025-10-04 15:49:50,0050,https://money.udn.com/money/story/5618/9050563,經濟日報,元大台灣50 分散布局 - 經濟日報,0.0
2025-10-06 15:34:47,0050,https://money.udn.com/money/story/5739/9053229,經濟日報,0050 選價內外5% - 經濟日報,0.0
2025-10-12 09:00:00,0050,https://money.udn.com/money/story/5607/9067569,經濟日報,0050定期定額人氣飆 台積穩居個股第一 - 經濟日報,0.0
2025-10-13 09:00:00,0050,https://money.udn.com/money/story/5607/9069654,經濟日報,「0050」好苦！外資兩天大砍逾15.5萬張 賣超台股降至163億元 | 市場焦點 | 證券 - 經濟日報,-0.8
2025-10-13 09:00:00,0050,https://money.udn.com/money/story/5607/9069654,經濟日報,「0050」好苦！外資兩天大砍逾15.5萬張 賣超台股降至163億元 - 經濟日報,-0.8
2025-10-13 09:00:00,0050,https://news.google.com/rss/articles/CBMiWkFVX3lxTE1lSU9aU1JCMThNUkpWYVR3Yk1HR3czcEJGZU51ejhZanViOHMwMHQyWFY0akdCUl9CQlppYS1DRjFGZDZMLUVEdnRNZGtQTWJQdnhxRjcxQXZuQdIBX0FVX3lxTE55QzlUWXlra21yYnNMN3lsYUFpdWVwdVotTWZTcUlhMHFqMldfY0pPUWRQNEE5c01na0Y1VGhMYzZxcU82RGE2c3RYa2x2azRmS0JuMlRCQjhPcnVJM0tB?oc=5,經濟日報,0050定期定額人氣飆 台積穩居個股第一 - 經濟日報,0.0
2025-10-14 09:00:00,0050,https://news.google.com/rss/articles/CBMiWkFVX3lxTE12UkZ6U2J3V2dQSWM3SnJJSFphYnZobVRWU041b2l0bXhVQ1pPWklva1NUZEZMd2xFZ1RnaHY3c0dNY21KMVZ0WmhrQk5ud2xKNThnM0JqSnJIZ9IBX0FVX3lxTE5EZHlsLS1PU2tfdWg3aEg0c3haSk1CSGVVX2dEMjdCdTl6bDhERTdHeDhjWjZFYU42SGRFalFieTRaaDB0MDFGaU1Tc1NIX0ZKS3ZYNnQ1MWgtRVhxdEI0?oc=5,經濟日報,「0050」好苦！外資兩天大砍逾15.5萬張 賣超台股降至163億元 - 經濟日報,-0.8
2025-10-14 09:00:00,0050,https://money.udn.com/money/story/5607/9067569,經濟日報,0050定期定額人氣飆 台積穩居個股第一 - 經濟日報,0.0
2025-10-14 15:27:09,0050,https://money.udn.com/money/story/5618/9070279?from=edn_finmanagement_index,經濟日報,中美互徵港口費 持股長榮商品揚帆 00919、0050、0056交投火熱 - 經濟日報,0.3
2025-10-15 18:00:08,0050,https://money.udn.com/money/story/5618/9072868,經濟日報,"0050規模衝破8,000億 - 經濟日報",0.0
2025-10-16 09:00:00,0050,https://money.udn.com/money/story/5607/9067569,經濟日報,0050定期定額人氣飆 台積穩居個股第一 - 經濟日報,0.0
2025-10-19 09:00:00,0050,https://money.udn.com/money/story/5618/9081786,經濟日報,躺著打敗85%的人！0050年報酬率破12% 投資人數超車台積電 - 經濟日報,0.0
2025-10-27 15:44:49,0050,https://money.udn.com/money/story/5618/9099787,經濟日報,《新世代退休計畫》元大台灣50 ETF 長青樹 - 經濟日報,0.0
2025-10-28 03:01:46,0050,https://money.udn.com/money/story/5618/9098664?from=edn_search_result,經濟日報,「國民 ETF 」換人當！ 0050受益人數突破170萬 正式超車00878 - 經濟日報,0.0
2025-10-31 16:44:35,0050,https://news.google.com/rss/articles/CBMiWkFVX3lxTE9fdlpycjlDbVV3X1JodXNRLWtId1cyTV9MX2V1OFhUSHVqS2RmLUV4MmpNQjl0QWpicmFQb2puZTZ5QXhhbkpPdGd4aGlud084emtSUllnZkZhd9IBX0FVX3lxTE9ma3RUbS1lS3hQUHNZUXFGbzNYT3V5NzQ5S0J3aUZydm5EMkRuaEZLYVVacy01cEVkSzY2bmxBUVdTNzk3bTNMWWFrSGJrSXhlV1UyTlJ6Q1IyWnlpNUMw?oc=5,經濟日報,一周熱門零股／0050、鴻海、台積電 交投火 - 經濟日報,0.0
2025-11-02 19:00:00,0050,https://www.ctee.com.tw/news/20251103700062-439901,工商時報,"外資10月狂賣！倒貨台積、0050逾1,500億是什麼操作？專家「拆解金流」有答案- 日報 - 工商時報",-0.8
2025-11-03 09:27:00,0050,https://www.ctee.com.tw/news/20251103701368-430403,工商時報,「小0050」本季配息新高、績效甩尾高股息ETF - 工商時報,0.0
2025-11-04 13:00:00,0050,https://money.udn.com/money/story/5618/9119103?from=edn_hotestlist_storybottom,經濟日報,台股回測月線 0050、00922 等台股 ETF 量激增 - 經濟日報,0.0
2025-11-05 05:24:41,0050,https://news.google.com/rss/articles/CBMiX0FVX3lxTFBCYWhpVTM4TU8xZ2NOZUI3OTJWajZvNHFNN1ZzSUo5bllaQ2d1TXRQT09jWmdNMnE3UTlHWnltMTVfa3JWUll5S0l2Nk9oaFh1NGQwd2NYeGFXNmxfRW040gFfQVVfeXFMUEJhaGlVMzhNTzFnY05lQjc5MlZqNm80cU03VnNJSjluWVpDZ3VNdFBPT2NaZ00ycTdROUdaeW0xNV9rclZSWXlLSXY2T2hoWHU0ZDB3Y1h4YVc2bF9FbTg?oc=5,經濟日報,台股回測月線 0050、00922 等台股 ETF 量激增 - 經濟日報,0.0
2025-11-06 08:00:00,0050,https://news.google.com/rss/articles/CBMiWkFVX3lxTE10cWl4SUZrT1pwa2FmMFQ0WnEtYU40dVlQUXhFM01lRkR5Mi1sWHBHcGQ0dC0ybmVuUlI5QlAxMDhmcFZOdEtwdjJCS25kWUpoU20zb19JbmF5UdIBX0FVX3lxTE9ETnJkRURNcWRMZmtKaDNPdjRsOTU1cDRReDlqblpvNHhGdEF3Nkp5UTRjUjRfZDV2MEJTcEVFbW9veHFTblpLRGJJWmQwaUFNRDhaM3lvdWp1YWRmSFZR?oc=5,經濟日報,外資賣超353億元、賣超0050逾6萬張 但竟買超這檔金融股2萬張 - 經濟日報,-0.8
2025-11-06 08:00:00,0050,https://news.google.com/rss/articles/CBMiWkFVX3lxTFBieXdwVG92dzhVWEpyOHNTNHhtTjRRVkMxZU05MVNSWkhrZFl0dk9Ra0FSdzJMcnV4SXZvQXRjVTdaRkF5UWFQa3BtV2lNanhFV25QcGJ4elQ2UdIBX0FVX3lxTFBCYWhpVTM4TU8xZ2NOZUI3OTJWajZvNHFNN1ZzSUo5bllaQ2d1TXRQT09jWmdNMnE3UTlHWnltMTVfa3JWUll5S0l2Nk9oaFh1NGQwd2NYeGFXNmxfRW04?oc=5,經濟日報,台股回測月線 0050、00922 等台股 ETF 量激增 - 經濟日報,0.0
2025-11-06 18:00:00,0050,https://money.udn.com/money/story/5607/9124926,經濟日報,外資賣超353億元、賣超0050逾6萬張 但竟買超這檔金融股2萬張 - 經濟日報,-0.8
2025-11-06 20:00:00,0050,https://news.google.com/rss/articles/CBMiWkFVX3lxTE10cWl4SUZrT1pwa2FmMFQ0WnEtYU40dVlQUXhFM01lRkR5Mi1sWHBHcGQ0dC0ybmVuUlI5QlAxMDhmcFZOdEtwdjJCS25kWUpoU20zb19JbmF5UdIBX0FVX3lxTE9ETnJkRURNcWRMZmtKaDNPdjRsOTU1cDRReDlqblpvNHhGdEF3Nkp5UTRjUjRfZDV2MEJTcEVFbW9veHFTblpLRGJJWmQwaUFNRDhaM3lvdWp1YWRmSFZR?oc=5,經濟日報,外資賣超353億元、賣超0050逾6萬張 但竟買超這檔金融股2萬張 - 經濟日報,-0.8
2025-11-07 08:00:00,0050,https://news.google.com/rss/articles/CBMiWkFVX3lxTE10cWl4SUZrT1pwa2FmMFQ0WnEtYU40dVlQUXhFM01lRkR5Mi1sWHBHcGQ0dC0ybmVuUlI5QlAxMDhmcFZOdEtwdjJCS25kWUpoU20zb19JbmF5UdIBX0FVX3lxTE9ETnJkRURNcWRMZmtKaDNPdjRsOTU1cDRReDlqblpvNHhGdEF3Nkp5UTRjUjRfZDV2MEJTcEVFbW9veHFTblpLRGJJWmQwaUFNRDhaM3lvdWp1YWRmSFZR?oc=5,經濟日報,外資賣超353億元、賣超0050逾6萬張 但竟買超這檔金融股2萬張 - 經濟日報,-0.8
2025-11-07 16:45:43,0050,https://news.google.com/rss/articles/CBMiWkFVX3lxTE9VRV9RRThHNExpRWV4bWlRVnpCNExqei1oNFFXN1pEeGgwRDBnV3JaZXU1QmVWM29ZMGdWSkJfRzBUQ2VsdzhUbW5UTnA2S0xXTHlwWllUXzkwQdIBX0FVX3lxTE1ObWdtNjdfSno4MWs4VjVQcklZSlFhQkQyXzVBNUdYNEZ2QkcxNEVpdFdzem1US1FfdXVCUWhhUzJCTUt5NHdxaWtZakM1Y2RMZFpRMXYwVlZ1d3pXUzZz?oc=5,經濟日報,一周熱門零股／0050、鴻海 買盤卡位 - 經濟日報,0.2
2025-11-07 18:00:00,0050,https://news.google.com/rss/articles/CBMiWkFVX3lxTE10cWl4SUZrT1pwa2FmMFQ0WnEtYU40dVlQUXhFM01lRkR5Mi1sWHBHcGQ0dC0ybmVuUlI5QlAxMDhmcFZOdEtwdjJCS25kWUpoU20zb19JbmF5UdIBX0FVX3lxTE9ETnJkRURNcWRMZmtKaDNPdjRsOTU1cDRReDlqblpvNHhGdEF3Nkp5UTRjUjRfZDV2MEJTcEVFbW9veHFTblpLRGJJWmQwaUFNRDhaM3lvdWp1YWRmSFZR?oc=5,經濟日報,外資賣超353億元、賣超0050逾6萬張 但竟買超這檔金融股2萬張 - 經濟日報,-0.8
2025-11-07 21:00:00,0050,https://money.udn.com/money/story/5607/9124926,經濟日報,外資賣超353億元、賣超0050逾6萬張 但竟買超這檔金融股2萬張 - 經濟日報,-0.8
2025-11-08 00:00:00,0050,https://money.udn.com/money/story/5607/9124926,經濟日報,外資賣超353億元、賣超0050逾6萬張 但竟買超這檔金融股2萬張 - 經濟日報,-0.8
2025-11-08 08:00:00,0050,https://money.udn.com/money/story/5607/9124926,經濟日報,外資賣超353億元、賣超0050逾6萬張 但竟買超這檔金融股2萬張 - 經濟日報,-0.8
2025-11-08 09:00:00,0050,https://money.udn.com/money/story/5607/9124926,經濟日報,外資賣超353億元、賣超0050逾6萬張 但竟買超這檔金融股2萬張 - 經濟日報,-0.8
2025-11-08 12:00:00,0050,https://money.udn.com/money/story/5607/9124926,經濟日報,外資賣超353億元、賣超0050逾6萬張 但竟買超這檔金融股2萬張 - 經濟日報,-0.8
2025-11-09 08:00:00,0050,https://money.udn.com/money/story/5607/9124926,經濟日報,外資賣超353億元、賣超0050逾6萬張 但竟買超這檔金融股2萬張 - 經濟日報,-0.8
2025-11-13 08:00:00,0050,https://money.udn.com/money/story/5607/9140304,經濟日報,外資大逃殺！賣超0050逾11.8萬張最多 但竟買超這檔封測股2.7萬張 - 經濟日報,-0.3
2025-11-14 08:00:00,0050,https://money.udn.com/money/story/5607/9140304,經濟日報,外資大逃殺！賣超0050逾11.8萬張最多 但竟買超這檔封測股2.7萬張 - 經濟日報,-0.3
2025-11-14 08:00:00,0050,https://money.udn.com/money/story/5618/9132578,經濟日報,0050熱度擋不住！定期定額戶數月增6.4萬戶 續霸冠軍 - 經濟日報,0.0
2025-11-14 08:00:00,0050,https://money.udn.com/money/story/5607/9140304,經濟日報,外資大逃殺！賣超0050逾11.8萬張最多 但竟買超這檔封測股2.7萬張 | 市場焦點 | 證券 - 經濟日報,-0.3
2025-11-14 22:00:00,0050,https://money.udn.com/money/story/5607/9140304,經濟日報,外資大逃殺！賣超0050逾11.8萬張最多 但竟買超這檔封測股2.7萬張 - 經濟日報,-0.3
2025-11-15 05:58:31,0050,https://money.udn.com/money/story/5607/9141612,經濟日報,10月熱門 TISA 基金出爐 0050 連結單月申購衝1.4億續居冠 - 經濟日報,0.2
2025-11-15 08:00:00,0050,https://money.udn.com/money/story/5607/9140304,經濟日報,外資大逃殺！賣超0050逾11.8萬張最多 但竟買超這檔封測股2.7萬張 - 經濟日報,-0.3
2025-11-15 08:00:00,0050,https://money.udn.com/money/story/5618/9132578,經濟日報,0050熱度擋不住！定期定額戶數月增6.4萬戶 續霸冠軍 - 經濟日報,0.0
2025-11-15 16:00:00,0050,https://money.udn.com/money/story/5607/9140304,經濟日報,外資大逃殺！賣超0050逾11.8萬張最多 但竟買超這檔封測股2.7萬張 - 經濟日報,-0.3
2025-11-16 08:00:00,0050,https://money.udn.com/money/story/5607/9140304,經濟日報,外資大逃殺！賣超0050逾11.8萬張最多 但竟買超這檔封測股2.7萬張 - 經濟日報,-0.3
2025-11-17 08:00:00,0050,https://money.udn.com/money/story/5607/9140304,經濟日報,外資大逃殺！賣超0050逾11.8萬張最多 但竟買超這檔封測股2.7萬張 - 經濟日報,-0.3
2025-11-17 08:00:00,0050,https://money.udn.com/money/story/5607/9147618,經濟日報,外資賣超485億元、賣超0050逾12萬張 但竟買超這檔記憶體代工5.6萬張 - 經濟日報,-0.8
2025-11-17 17:00:00,0050,https://money.udn.com/money/story/5607/9147618,經濟日報,外資賣超485億元、賣超0050逾12萬張 但竟買超這檔記憶體代工5.6萬張 - 經濟日報,-0.8
2025-11-18 08:00:00,0050,https://money.udn.com/money/story/5607/9147618,經濟日報,外資賣超485億元、賣超0050逾12萬張 但竟買超這檔記憶體代工5.6萬張 - 經濟日報,-0.8
2025-11-18 08:00:00,0050,https://money.udn.com/money/story/5607/9140304,經濟日報,外資大逃殺！賣超0050逾11.8萬張最多 但竟買超這檔封測股2.7萬張 - 經濟日報,-0.3
2025-11-18 08:00:00,0050,https://money.udn.com/money/story/5607/9150163,經濟日報,外資空頭箭靶！「0050」兩天賣超逾17萬張 人氣王也反手調節 - 經濟日報,-0.8
2025-11-18 15:00:00,0050,https://money.udn.com/money/story/5607/9147618,經濟日報,外資賣超485億元、賣超0050逾12萬張 但竟買超這檔記憶體代工5.6萬張 - 經濟日報,-0.8
2025-11-18 19:00:00,0050,https://www.ctee.com.tw/news/20251119700307-439901,工商時報,10月定期定額扣款 0050奪冠 - 工商時報,0.0
2025-11-19 08:00:00,0050,https://money.udn.com/money/story/5607/9147618,經濟日報,外資賣超485億元、賣超0050逾12萬張 但竟買超這檔記憶體代工5.6萬張 - 經濟日報,-0.8
2025-11-19 08:00:00,0050,https://money.udn.com/money/story/5607/9150163,經濟日報,外資空頭箭靶！「0050」兩天賣超逾17萬張 人氣王也反手調節 - 經濟日報,-0.8
2025-11-20 08:00:00,0050,https://money.udn.com/money/story/5607/9150163,經濟日報,外資空頭箭靶！「0050」兩天賣超逾17萬張 人氣王也反手調節 - 經濟日報,-0.8
2025-11-20 08:00:00,0050,https://money.udn.com/money/story/5607/9147618,經濟日報,外資賣超485億元、賣超0050逾12萬張 但竟買超這檔記憶體代工5.6萬張 - 經濟日報,-0.8
2025-11-20 18:49:08,0050,https://money.udn.com/money/story/5618/9153136,經濟日報,"刷新 ETF 紀錄 0050規模衝上9,000億 - 經濟日報",0.0
2025-11-21 08:00:00,0050,https://money.udn.com/money/story/5607/9147618,經濟日報,外資賣超485億元、賣超0050逾12萬張 但竟買超這檔記憶體代工5.6萬張 - 經濟日報,-0.8
2025-11-21 08:00:00,0050,https://money.udn.com/money/story/5607/9150163,經濟日報,外資空頭箭靶！「0050」兩天賣超逾17萬張 人氣王也反手調節 - 經濟日報,-0.8
2025-11-21 15:38:06,0050,https://money.udn.com/money/story/5607/9155391,經濟日報,"一周熱門零股／0050爆逾7,400萬股大量 - 經濟日報",0.3
2025-11-22 08:00:00,0050,https://money.udn.com/money/story/5607/9147618,經濟日報,外資賣超485億元、賣超0050逾12萬張 但竟買超這檔記憶體代工5.6萬張 - 經濟日報,-0.8
2025-11-22 08:00:00,0050,https://money.udn.com/money/story/5607/9148032,經濟日報,三大法人合砍710億元　外資轉賣調節0050與台積電 - 經濟日報,-0.8
2025-11-23 08:00:00,0050,https://money.udn.com/money/story/5607/9150163,經濟日報,外資空頭箭靶！「0050」兩天賣超逾17萬張 人氣王也反手調節 - 經濟日報,-0.8
2025-11-24 08:46:00,0050,https://www.ctee.com.tw/news/20251124701316-430403,工商時報,資金逢低加碼0050、0056投資人數雙增- 理財 - 工商時報,0.3
2025-11-25 19:00:00,0050,https://www.ctee.com.tw/news/20251126700201-439901,工商時報,0050將換股4檔入選呼聲高- 日報 - 工商時報,0.0
2025-11-25 19:00:00,0050,https://www.ctee.com.tw/news/20251126700201-439901,工商時報,0050換血在即！誰能擠進去？除南亞科、健策外還有他們獲法人欽點- 日報 - 工商時報,0.2
2025-11-30 08:00:00,0050,https://money.udn.com/money/story/5607/9174857,經濟日報,外資賣超243億元、0050遭賣超逾5.5萬張 但竟大買這檔金融股逾3萬張 | 市場焦點 | 證券 - 經濟日報,-0.6
2025-11-30 08:00:00,0050,https://money.udn.com/money/story/5607/9174857,經濟日報,外資賣超243億元、0050遭賣超逾5.5萬張 但竟大買這檔金融股逾3萬張 - 經濟日報,-0.6
2025-11-30 08:00:00,0050,https://money.udn.com/money/story/5618/9175338,經濟日報,ETF 定期定額 0050最吸金 - 經濟日報,0.0
2025-12-01 08:00:00,0050,https://money.udn.com/money/story/5607/9174857,經濟日報,外資賣超243億元、0050遭賣超逾5.5萬張 但竟大買這檔金融股逾3萬張 - 經濟日報,-0.6
2025-12-01 18:00:00,0050,https://money.udn.com/money/story/5607/9174857,經濟日報,外資賣超243億元、0050遭賣超逾5.5萬張 但竟大買這檔金融股逾3萬張 - 經濟日報,-0.6
2025-12-02 08:00:00,0050,https://money.udn.com/money/story/5607/9174857,經濟日報,外資賣超243億元、0050遭賣超逾5.5萬張 但竟大買這檔金融股逾3萬張 - 經濟日報,-0.6
2025-12-03 08:00:00,0050,https://money.udn.com/money/story/5607/9174857,經濟日報,外資賣超243億元、0050遭賣超逾5.5萬張 但竟大買這檔金融股逾3萬張 - 經濟日報,-0.6
2025-12-04 08:00:00,0050,https://money.udn.com/money/story/5607/9174857,經濟日報,外資賣超243億元、0050遭賣超逾5.5萬張 但竟大買這檔金融股逾3萬張 - 經濟日報,-0.6
2025-12-05 01:00:00,0050,https://money.udn.com/money/story/5618/9185429,經濟日報,重量級ETF大換血 來了 0050、0056、0052等五檔季度調整 - 經濟日報,0.0
2025-12-05 08:00:00,0050,https://money.udn.com/money/story/5618/9175338,經濟日報,ETF 定期定額 0050最吸金 - 經濟日報,0.0
2025-12-05 08:00:00,0050,https://money.udn.com/money/story/5607/9174857,經濟日報,外資賣超243億元、0050遭賣超逾5.5萬張 但竟大買這檔金融股逾3萬張 - 經濟日報,-0.6
2025-12-05 19:00:00,0050,https://www.ctee.com.tw/news/20251206700035-439901,工商時報,1.83兆資金「擁抱AI」！0050、006208等5檔ETF換血最新名單一次看- 日報 - 工商時報,0.0
2025-12-06 08:00:00,0050,https://money.udn.com/money/story/5618/9184801,經濟日報,重量級 ETF 新成分股出爐！0050四進四出 0056三進三出 - 經濟日報,0.2
2025-12-06 08:00:00,0050,https://money.udn.com/money/story/5618/9185429,經濟日報,重量級ETF大換血 來了 0050、0056、0052等五檔季度調整 - 經濟日報,0.0
2025-12-06 10:00:00,0050,https://money.udn.com/money/story/5618/9184801,經濟日報,重量級 ETF 新成分股出爐！0050四進四出 0056三進三出 - 經濟日報,0.2
2025-12-06 15:08:54,0050,https://money.udn.com/money/story/5618/9186614,經濟日報,元大台灣50 走勢有撐 - 經濟日報,0.2
2025-12-06 15:08:54,0050,https://money.udn.com/money/story/5618/9186614?from=edn_related_storybottom,經濟日報,元大台灣50 走勢有撐 | 基金天地 | 理財 - 經濟日報,0.2
2025-12-06 15:15:19,0050,https://money.udn.com/money/story/5618/9186614,經濟日報,元大台灣50 走勢有撐 - 經濟日報,0.2
2025-12-06 22:00:00,0050,https://money.udn.com/money/story/5618/9184801,經濟日報,重量級 ETF 新成分股出爐！0050四進四出 0056三進三出 - 經濟日報,0.2
2025-12-07 08:00:00,0050,https://money.udn.com/money/story/5618/9184801,經濟日報,重量級 ETF 新成分股出爐！0050四進四出 0056三進三出 - 經濟日報,0.2
2025-12-07 10:00:00,0050,https://money.udn.com/money/story/5618/9184801,經濟日報,重量級 ETF 新成分股出爐！0050四進四出 0056三進三出 - 經濟日報,0.2
2025-12-08 06:32:00,0050,https://www.ctee.com.tw/news/20251208700952-430201,工商時報,0050市值衝過1兆元台股十兆元市值到手新里程碑- 證券 - 工商時報,0.0
2025-12-08 08:00:00,0050,https://money.udn.com/money/story/5618/9191583,經濟日報,11月定期定額曝！台積電、0050持續霸榜 這檔主動式 ETF 戶數暴增28％ - 經濟日報,0.2
2025-12-08 08:00:00,0050,https://news.google.com/rss/articles/CBMiWkFVX3lxTFBJTmg1RGktYi0xYlB1bmo4M2dPVml6UThkcFVhY3pKeVIydEJTUlFNVkl2ZlBDUGRJODVtZVZPRC1fRmpPcGhYWi1rWTdsVjJJcnI5VGd4QnkzQdIBX0FVX3lxTE1xejV3bmpLNENhOWxLdXBMX2I3RGk3NnI4T3k5TFJEWVRmZE9SQmpPTF9wYVpfNGdZZDEydnlpVExlWGRFV1oyNm45NG1pUnlrNVlLZVpHZm5Za2tDeGtF?oc=5,經濟日報,重量級ETF大換血 來了 0050、0056、0052等五檔季度調整 - 經濟日報,0.0
2025-12-08 09:03:24,0050,https://money.udn.com/money/story/5618/9189792?from=edn_newestlist_rank,經濟日報,你買了嗎？「國民 ETF」0050總資產規模站上兆元大關 再創新紀錄 - 經濟日報,0.0
2025-12-08 18:02:33,0050,https://money.udn.com/money/story/5618/9190543?from=edn_maintab_index,經濟日報,0050規模跨越兆元 台股 ETF 總規模衝3.8兆元 同寫紀錄 - 經濟日報,0.0
2025-12-11 00:00:00,0050,https://money.udn.com/money/story/5739/9197884?from=edn_subcatelist_cate,經濟日報,0050認售、50反1 四檔夯 - 經濟日報,0.0
2025-12-11 02:00:00,0050,https://money.udn.com/money/story/5739/9197884,經濟日報,0050認售、50反1 四檔夯 - 經濟日報,0.0
2025-12-12 08:00:00,0050,https://money.udn.com/money/story/5618/9191583,經濟日報,11月定期定額曝！台積電、0050持續霸榜 這檔主動式 ETF 戶數暴增28％ - 經濟日報,0.2
2025-12-12 16:12:26,0050,https://money.udn.com/money/story/5607/9199942,經濟日報,一周熱門零股／0050、華邦電、台積電 交投火 - 經濟日報,0.0
2025-12-13 10:30:00,0050,https://tw.stock.yahoo.com/news/%E8%A2%AB%E9%80%A3%E8%B3%A33%E5%A4%A9-%E5%A4%96%E8%B3%87%E4%B8%8A%E9%80%B1%E5%80%92%E7%A0%B49%E8%90%AC%E5%BC%B5-%E9%80%99%E6%AA%94-etf-0050%E4%B9%9F%E6%85%98%E9%81%AD%E5%87%BA%E8%B2%A8%E7%A0%B4%E8%90%AC%E5%BC%B5-103000873.html,Yahoo奇摩股市,被連賣3天！外資上週倒破9萬張「這檔」ETF 0050也慘遭出貨破萬張 - Yahoo奇摩股市,-0.5
2025-12-14 07:11:51,0050,https://tw.stock.yahoo.com/news/%E5%B9%B4%E8%B3%BA%E4%B8%89%E6%88%90-%E9%85%8D%E6%81%AF%E8%A1%9D7-%E8%82%A1%E5%83%B9%E5%8F%AA%E8%A6%810050%E4%BA%94%E5%88%86%E4%B9%8B-%E5%B8%82%E5%80%BC%E5%9E%8Betf%E5%A4%A7%E6%B4%97%E7%89%8C-%E9%80%991%E6%AA%94-071000607.html,Yahoo奇摩股市,年賺三成、配息衝7%、股價只要0050五分之一？市值型ETF大洗牌 「這1檔」成新黑馬挑戰王座 - Yahoo奇摩股市,0.0
2025-12-14 20:10:00,0050,https://tw.stock.yahoo.com/news/%E5%8F%B0%E8%82%A1%E6%B0%A3%E7%9B%9B-%E5%A4%96%E8%B3%87%E9%80%A3%E8%B3%A3%E5%85%83%E5%A4%A7%E5%8F%B0%E7%81%A350%E5%8F%8D1-201000210.html,Yahoo奇摩股市,台股氣盛 外資連賣元大台灣50反1 - Yahoo奇摩股市,-0.3
2025-12-15 00:26:28,0050,https://tw.stock.yahoo.com/news/etf%E4%BA%BA%E6%B0%A3%E6%B4%97%E7%89%8C%E5%A4%A7%E6%88%B2%E9%96%8B%E6%89%93-%E7%A7%91%E6%8A%80%E5%9E%8B%E7%8B%82%E5%90%B8%E5%85%A9%E8%90%AC%E4%BA%BA%E9%80%B2%E5%A0%B4-%E9%80%99%E6%AA%94-%E5%91%A8%E8%A1%9D%E6%9C%80%E7%8C%9B-0050%E8%A6%8F%E6%A8%A1%E7%85%A7%E6%A8%A3%E7%A2%BE%E5%A3%93%E5%85%A8%E5%A0%B4-002000017.html,Yahoo奇摩股市,ETF人氣洗牌大戲開打！科技型狂吸兩萬人進場 「這檔」一周衝最猛、0050規模照樣碾壓全場 - Yahoo奇摩股市,0.2
2025-12-15 23:00:00,0050,https://tw.stock.yahoo.com/news/%E5%A4%96%E8%B3%87%E5%A4%A7%E5%80%92etf-0050%E6%85%98%E9%81%AD%E6%8F%90%E6%AC%BE44%E5%84%84%E5%85%83%E9%81%94%E9%80%A33%E8%B3%A3-%E9%80%99%E6%AA%94-%E4%B9%9F%E8%A2%AB%E5%80%92%E7%A0%B46%E8%90%AC%E5%BC%B5-230000474.html,Yahoo奇摩股市,外資大倒ETF！0050慘遭提款44億元達連3賣 「這檔」也被倒破6萬張 - Yahoo奇摩股市,-0.8
2025-12-17 08:00:00,0050,https://money.udn.com/money/story/5612/9211710,經濟日報,0050等六檔台股 ETF 明起換股 南亞科將延後生效 - 經濟日報,0.0
2025-12-18 08:00:00,0050,https://money.udn.com/money/story/5612/9211710,經濟日報,0050等六檔台股 ETF 明起換股 南亞科將延後生效 - 經濟日報,0.0
2025-12-18 11:38:07,0050,https://tw.stock.yahoo.com/news/%E5%A4%96%E8%B3%87%E9%80%A34%E5%A4%A9%E6%8F%90%E6%AC%BE-%E8%AA%BF%E7%AF%80%E5%85%83%E5%A4%A7%E5%8F%B0%E7%81%A350-113807381.html,Yahoo奇摩股市,外資連4天提款 調節元大台灣50 - Yahoo奇摩股市,-0.3
2025-12-18 22:00:00,0050,https://money.udn.com/money/story/5612/9211710,經濟日報,0050等六檔台股 ETF 明起換股 南亞科將延後生效 - 經濟日報,0.0
2025-12-19 01:00:00,0050,https://money.udn.com/money/story/5612/9211710,經濟日報,0050等六檔台股 ETF 明起換股 南亞科將延後生效 - 經濟日報,0.0
2025-12-19 08:00:00,0050,https://money.udn.com/money/story/5612/9211710,經濟日報,0050等六檔台股 ETF 明起換股 南亞科將延後生效 - 經濟日報,0.0
2025-12-19 11:00:00,0050,https://money.udn.com/money/story/5612/9211710,經濟日報,0050等六檔台股 ETF 明起換股 南亞科將延後生效 - 經濟日報,0.0
2025-12-19 14:00:00,0050,https://money.udn.com/money/story/5612/9211710,經濟日報,0050等六檔台股 ETF 明起換股 南亞科將延後生效 - 經濟日報,0.0
2025-12-20 08:00:00,0050,https://money.udn.com/money/story/5618/9217658,經濟日報,上月熱銷基金十強 0050、0052分居冠亞軍 市值、科技 ETF 買氣爆棚 - 經濟日報,0.3
2025-12-20 08:00:00,0050,https://money.udn.com/money/story/5612/9211710,經濟日報,0050等六檔台股 ETF 明起換股 南亞科將延後生效 - 經濟日報,0.0
2025-12-20 16:08:21,0050,https://money.udn.com/money/story/5618/9216267?from=edn_hottestlist_rank,經濟日報,元大台灣50 長線正向 - 經濟日報,0.0
2025-12-20 17:08:33,0050,https://money.udn.com/money/story/5618/9216267,經濟日報,元大台灣50 長線正向 - 經濟日報,0.0
2025-12-21 00:00:00,0050,https://money.udn.com/money/story/5618/9217658?from=edn_next_story,經濟日報,上月熱銷基金十強 0050、0052分居冠亞軍 市值、科技 ETF 買氣爆棚 | 基金天地 | 理財 - 經濟日報,0.0
2025-12-21 08:00:00,0050,https://money.udn.com/money/story/5612/9211710,經濟日報,0050等六檔台股 ETF 明起換股 南亞科將延後生效 - 經濟日報,0.0
2025-12-21 16:22:29,0050,https://money.udn.com/money/story/5618/9217658?from=edn_finmanagement_index,經濟日報,上月熱銷基金十強 0050、0052分居冠亞軍 市值、科技 ETF 買氣爆棚 | 基金天地 | 理財 - 經濟日報,0.0
2025-12-22 02:23:29,0050,https://tw.stock.yahoo.com/news/etf%E4%BA%BA%E6%B0%A3%E5%A4%A7%E6%B4%97%E7%89%8C-%E5%8F%B0%E8%82%A1%E9%9C%87%E7%9B%AA%E4%B8%AD%E8%AA%B0%E6%9C%80%E5%90%B8%E7%B2%89-0050-%E9%80%B1%E6%9A%B4%E5%A2%9E4-7%E8%90%AC%E4%BA%BA%E5%A5%AA%E5%86%A0-021500480.html,Yahoo奇摩股市,ETF人氣大洗牌！台股震盪中誰最吸粉？0050一週暴增4.7萬人奪冠、「這檔」單周規模增加44億元 - Yahoo奇摩股市,0.2
2025-12-22 04:20:39,0050,https://tw.stock.yahoo.com/news/%E5%9F%BA%E9%87%91-%E6%8B%86%E5%88%86%E5%BE%8C%E5%B0%8F%E8%B3%87%E6%97%8F%E5%85%A5%E6%89%8B%E6%98%93-0050%E6%8A%95%E8%B3%87%E4%BA%BA%E6%95%B8%E7%AA%81%E7%A0%B4200%E8%90%AC%E4%BA%BA-041054464.html,Yahoo奇摩股市,《基金》拆分後小資族入手易 0050投資人數突破200萬人 - Yahoo奇摩股市,0.0
2025-12-24 15:00:00,0050,https://tw.stock.yahoo.com/news/%E9%A3%86%E4%B8%8A%E6%AD%B7%E5%8F%B2%E6%96%B0%E9%AB%98%E5%83%B9-%E5%8D%97%E4%BA%9E%E7%A7%91%E5%BC%B7%E5%8B%A2%E5%85%A5%E9%99%A30050-%E9%80%99-%E5%A4%A9-%E7%94%9F%E6%95%88-150000141.html,Yahoo奇摩股市,飆上歷史新高價！南亞科強勢入陣0050 「這一天」生效 - Yahoo奇摩股市,0.8
2025-12-26 10:37:00,0050,https://tw.stock.yahoo.com/news/%E5%86%8D%E7%A0%B814%E5%84%84%E6%90%B6%E9%80%B20050-%E5%A4%96%E8%B3%87%E5%8F%8D%E6%89%8B%E9%80%A33%E8%B2%B76-6%E8%90%AC%E5%BC%B5-3%E6%AA%94%E4%B8%BB%E5%8B%95%E5%BC%8Fetf%E7%99%BB%E8%B2%B7%E8%B6%85%E6%A6%9C-%E7%8D%B2%E5%A4%96%E8%B3%87%E6%8E%83%E8%B2%A82-103700757.html,Yahoo奇摩股市,再砸14億搶進0050！外資反手連3買6.6萬張 3檔主動式ETF登買超榜…獲外資掃貨2.1萬張 - Yahoo奇摩股市,0.8
2025-12-29 08:00:00,0050,https://money.udn.com/money/story/12040/9235599,經濟日報,從高股息跳槽到0050壓對寶？主動式、黃金、白銀ETF也完勝大盤，ETF今年漲幅排行！ | 個人理財 | 理財 - 經濟日報,0.0
2025-12-29 23:00:00,0050,https://tw.stock.yahoo.com/news/%E7%8B%A0%E6%AE%BA14%E9%80%B1%E7%B5%82%E6%96%BC%E6%94%B6%E6%89%8B-%E5%A4%96%E8%B3%87%E6%8D%A718-7%E5%84%84%E8%A3%9C%E8%B2%A80050-%E8%B2%B7%E8%B6%8500919%E7%AD%895%E6%AA%94%E9%AB%98%E6%81%AFetf%E9%80%BE7%E8%90%AC%E5%BC%B5-230000023.html,Yahoo奇摩股市,狠殺14週終於收手！外資捧18.7億補貨0050 買超00919等5檔高息ETF逾7萬張 - Yahoo奇摩股市,0.6
2025-12-30 08:00:00,0050,https://money.udn.com/money/story/12040/9235599,經濟日報,從高股息跳槽到0050壓對寶？主動式、黃金、白銀ETF也完勝大盤，ETF今年漲幅排行！ | 個人理財 | 理財 - 經濟日報,0.0
2025-12-30 12:42:40,0050,https://money.udn.com/money/story/12040/9235599?form=udn_ch2_common3_cate,經濟日報,從高股息跳槽到0050壓對寶？主動式、黃金、白銀ETF也完勝大盤，ETF今年漲幅排行！ | 個人理財 | 理財 - 經濟日報,0.0
2025-12-30 12:44:28,0050,https://money.udn.com/money/story/12040/9235599?from=edn_newest_index,經濟日報,從高股息跳槽到0050壓對寶？主動式、黃金、白銀ETF也完勝大盤，ETF今年漲幅排行！ | 個人理財 | 理財 - 經濟日報,0.0
2025-12-31 08:00:00,0050,https://money.udn.com/money/story/12040/9235599,經濟日報,從高股息跳槽到0050壓對寶？主動式、黃金、白銀ETF也完勝大盤，ETF今年漲幅排行！ | 個人理財 | 理財 - 經濟日報,0.0
2026-01-02 07:29:20,0050,https://tw.stock.yahoo.com/news/203%E8%90%AC%E4%BA%BA%E9%96%8B%E5%BF%83%EF%BC%810050%E9%85%8D%E6%81%AF%E8%AA%BF%E5%8D%87%E8%87%B31%E5%85%83-122%E9%99%A4%E6%81%AF-072809166.html,Yahoo奇摩股市,203萬人開心！0050配息調升至1元 1/22除息 - Yahoo奇摩股市,0.0
2026-01-02 08:00:00,0050,https://money.udn.com/money/story/5618/9235245,經濟日報,拆股話題點燃 ETF 人氣！富邦科技奪冠 元大台灣50股東數持續上升 - 經濟日報,0.3
2026-01-02 08:00:00,0050,https://money.udn.com/money/story/12040/9235599,經濟日報,從高股息跳槽到0050壓對寶？主動式、黃金、白銀ETF也完勝大盤，ETF今年漲幅排行！ | 個人理財 | 理財 - 經濟日報,0.0
2026-01-02 08:00:00,0050,https://money.udn.com/money/story/5618/9237250,經濟日報,"2025年投資人最愛 ETF 出爐！0050投資人數增百萬、獲逾3,300億元買盤 - 經濟日報",0.0
2026-01-02 09:46:50,0050,https://money.udn.com/money/story/5618/9241257?from=edn_newest_index,經濟日報,2026開春 ETF 配息大爆發！科技股領軍 0050、00905成小資族首選 - 經濟日報,0.0
2026-01-02 14:58:00,0050,https://tw.stock.yahoo.com/news/0050%E6%9C%80%E6%96%B0%E9%85%8D%E6%81%AF-%E5%BE%9E0-36%E5%85%83-%E8%B7%B3%E5%A2%9E%E8%87%B31%E5%85%83-%E6%9C%AC%E6%9C%8822%E6%97%A5%E9%99%A4%E6%81%AF-145800218.html,Yahoo奇摩股市,0050最新配息！從0.36元「跳增至1元」本月22日除息 203萬股民這天數錢 - Yahoo奇摩股市,0.8
2026-01-02 16:38:45,0050,https://money.udn.com/money/story/5618/9241722?from=edn_hottestlist_rank,經濟日報,0050擬配息1元 1月22日除息 - 經濟日報,0.0
2026-01-02 19:00:00,0050,https://www.ctee.com.tw/news/20260103700031-439901,工商時報,356萬人有錢領！0050、0056除息時程、配息金額曝光- 日報 - 工商時報,0.0
2026-01-03 00:52:36,0050,https://tw.stock.yahoo.com/news/%E7%B4%85%E5%8C%85%E6%8F%90%E5%89%8D%E5%88%B0%E6%89%8B-0050-0056-%E9%87%8D%E9%87%8F%E7%B4%9Aetf-%E9%85%8D%E6%81%AF%E6%8F%AD%E6%9B%89-004500895.html,Yahoo奇摩股市,紅包提前到手！0050、0056「重量級ETF」配息揭曉 356萬投資人年前笑收現金 - Yahoo奇摩股市,0.0
2026-01-03 08:00:00,0050,https://money.udn.com/money/story/5618/9241257,經濟日報,2026開春 ETF 配息大爆發！科技股領軍 0050、00905成小資族首選 - 經濟日報,0.0
2026-01-03 08:00:00,0050,https://money.udn.com/money/story/12040/9235599,經濟日報,從高股息跳槽到0050壓對寶？主動式、黃金、白銀ETF也完勝大盤，ETF今年漲幅排行！ | 個人理財 | 理財 - 經濟日報,0.0
2026-01-03 14:00:00,0050,https://money.udn.com/money/story/5618/9241257,經濟日報,2026開春 ETF 配息大爆發！科技股領軍 0050、00905成小資族首選 - 經濟日報,0.0
2026-01-04 08:00:00,0050,https://money.udn.com/money/story/5618/9241257,經濟日報,2026開春 ETF 配息大爆發！科技股領軍 0050、00905成小資族首選 - 經濟日報,0.0
2026-01-04 10:32:29,0050,https://tw.stock.yahoo.com/news/%E7%B4%85%E5%8C%85%E6%8F%90%E5%89%8D%E5%88%B0%E6%89%8B-0050-0056-%E9%87%8D%E9%87%8F%E7%B4%9Aetf-%E9%85%8D%E6%81%AF%E6%8F%AD%E6%9B%89-004500895.html,Yahoo奇摩股市,紅包提前到手！0050、0056「重量級ETF」配息揭曉 356萬投資人年前笑收現金 - Yahoo奇摩股市,0.0
2026-01-05 02:00:00,0050,https://money.udn.com/money/story/5618/9240938,經濟日報,重量級 ETF 0050、0056配息出爐！0056連三季配這數字 - 經濟日報,0.0
2026-01-05 02:53:51,0050,https://tw.stock.yahoo.com/news/202%E8%90%AC%E8%82%A1%E6%9D%B1%E9%96%8B%E5%BF%83%EF%BC%810050%E7%9B%A4%E4%B8%AD%E6%94%B9%E5%AF%AB%E6%96%B0%E9%AB%98-%E5%88%86%E5%89%B2%E4%BE%86%E5%B7%B2%E7%8B%82%E6%BC%B2%E9%80%BE48-025050768.html,Yahoo奇摩股市,202萬股東開心！0050盤中改寫新高 分割來已狂漲逾48% - Yahoo奇摩股市,0.3
2026-01-05 02:58:12,0050,https://tw.stock.yahoo.com/news/202%E8%90%AC%E8%82%A1%E6%9D%B1%E9%96%8B%E5%BF%83%EF%BC%810050%E7%9B%A4%E4%B8%AD%E6%94%B9%E5%AF%AB%E6%96%B0%E9%AB%98-%E5%88%86%E5%89%B2%E4%BE%86%E5%B7%B2%E7%8B%82%E6%BC%B2%E9%80%BE48-025050768.html,Yahoo奇摩股市,202萬股東開心！0050盤中改寫新高 分割來已狂漲逾48% - Yahoo奇摩股市,0.3
2026-01-05 08:00:00,0050,https://money.udn.com/money/story/5618/9240938,經濟日報,重量級 ETF 0050、0056配息出爐！0056連三季配這數字 - 經濟日報,0.0
2026-01-05 14:00:00,0050,https://money.udn.com/money/story/5618/9240938,經濟日報,重量級 ETF 0050、0056配息出爐！0056連三季配這數字 - 經濟日報,0.0
2026-01-05 14:19:00,0050,https://www.ctee.com.tw/news/20260105701564-430403,工商時報,台積電領軍ETF攻高 00981A加碼買進0050、0052高含「積」ETF - 工商時報,0.0
2026-01-07 07:12:51,0050,https://money.udn.com/money/story/124512/9245926,經濟日報,整理包／首檔不配息 ETF 將登場！009816差異、優勢在哪？市值型雙雄0050、006208地位不保？ - 經濟日報,0.0
2026-01-07 08:01:52,0050,https://tw.stock.yahoo.com/news/etf%E8%82%A1%E7%8E%8B%E8%A6%81%E8%AE%8A%E4%BE%BF%E5%AE%9C%E4%BA%86%EF%BC%9F%E5%85%83%E5%A4%A7%E5%8F%B0%E7%81%A350%E6%AD%A32%E8%A8%88%E7%95%AB%E3%80%8C1%E6%8B%8620%E3%80%8D%EF%BC%8C400%E5%85%83%E5%A6%82%E6%9E%9C%E8%AE%8A%E7%94%9C%E7%94%9C%E5%83%B9%EF%BC%8C%E5%B0%8F%E8%B3%87%E6%97%8F%E8%A9%B2%E4%B8%8A%E8%BB%8A%E5%97%8E%EF%BC%9F-080151378.html,Yahoo奇摩股市,ETF股王要變便宜了？元大台灣50正2計畫「1拆20」，400元如果變甜甜價，小資族該上車嗎？ - Yahoo奇摩股市,0.0
2026-01-07 15:13:46,0050,https://money.udn.com/money/story/5618/9251267,經濟日報,台股商品規模衝破4兆 元大台灣50、元大高股息貢獻大 - 經濟日報,0.3
2026-01-08 08:00:00,0050,https://money.udn.com/money/story/5618/9247833,經濟日報,買了0050、0052還跑贏它們！00981A 強漲收17.15元歷史新高 - 經濟日報,0.0
2026-01-11 05:06:15,0050,https://tw.stock.yahoo.com/news/etf%E8%A9%B2%E6%8F%9B%E6%AA%94%E5%97%8E-006208%E5%AD%98%E5%88%B0-%E5%8D%8A%E6%83%B3%E6%94%B90050-%E6%8A%95%E8%B3%87%E4%BA%BA%E6%9B%9D%E9%97%9C%E9%8D%B5-%E5%8F%A5%E8%A9%B1-050200798.html,Yahoo奇摩股市,ETF該換檔嗎？006208存到一半想改0050 投資人曝關鍵一句話 - Yahoo奇摩股市,0.0
2026-01-11 08:00:00,0050,https://money.udn.com/money/story/5607/9260776,經濟日報,台積、0050 定期定額霸榜 - 經濟日報,0.0
2026-01-11 16:00:00,0050,https://money.udn.com/money/story/5607/9260272?from=edn_search_result,經濟日報,定期定額台積電、0050霸榜 金融股占六成為核心配置 - 經濟日報,0.0
2026-01-12 04:52:26,0050,https://tw.stock.yahoo.com/news/%E5%B8%82%E5%80%BC%E5%9E%8B%E5%8F%8A%E4%B8%BB%E5%8B%95%E5%BC%8Fetf%E6%88%90%E5%AE%9A%E6%9C%9F%E5%AE%9A%E9%A1%8D%E5%85%A9%E5%A4%A7%E6%94%AF%E6%9F%B1-0050%E6%8A%95%E8%B3%87%E6%88%B6%E6%95%B8%E7%AA%81%E7%A0%B470%E8%90%AC%E6%88%B6-043107891.html,Yahoo奇摩股市,市值型及主動式ETF成定期定額兩大支柱 0050投資戶數突破70萬戶 - Yahoo奇摩股市,0.0
2026-01-12 10:30:00,0050,https://tw.stock.yahoo.com/news/%E5%8F%B0%E7%A9%8D%E9%9B%BB%E6%94%B6%E6%AD%B7%E5%8F%B2%E6%AC%A1%E9%AB%98%E5%83%B9-0050%E5%8D%BB%E6%B7%AA%E6%9C%80%E5%A4%A7%E8%8B%A6%E4%B8%BB-%E5%A4%96%E8%B3%87%E5%87%BA%E5%A0%B411-6%E5%84%84-%E5%94%AF-103000410.html,Yahoo奇摩股市,台積電收歷史次高價！0050卻淪最大苦主 外資出場11.6億「唯一賣破萬張ETF」 - Yahoo奇摩股市,-0.8
2026-01-16 05:48:45,0050,https://tw.stock.yahoo.com/news/%E8%AD%B7%E5%9C%8B%E7%A5%9E%E5%B1%B1%E5%B8%B6%E9%A0%AD%E8%A1%9D%EF%BC%8144%E6%AA%94%E5%90%AB%E7%A9%8Detf%E8%B7%9F%E6%BC%B2-0050%E6%88%90%E4%BA%A4%E9%87%8F%E9%A3%86%E8%BF%9110%E8%90%AC%E5%BC%B5%E7%99%BB%E7%AC%AC%E4%B8%80-020420055.html,Yahoo奇摩股市,護國神山帶頭衝！44檔含積ETF跟漲 0050成交量飆近10萬張登第一 - Yahoo奇摩股市,0.2
2026-01-17 23:00:00,0050,https://tw.stock.yahoo.com/news/%E5%8F%B0%E7%A9%8D%E9%9B%BB%E8%B6%85%E7%8C%9B%E8%B2%A1%E5%A0%B1%E5%B8%B6%E9%A3%9B-%E5%85%AB%E5%A4%A7%E5%85%AC%E8%82%A1%E7%8B%82%E6%90%B60050-0052%E7%A0%B4%E8%90%AC%E5%BC%B5-%E5%A4%A7%E6%89%8B%E7%AD%86%E7%A0%B818-6%E5%84%84%E5%BB%BA%E5%80%89-230000108.html,Yahoo奇摩股市,台積電超猛財報帶飛！八大公股狂搶0050、0052破萬張 大手筆砸18.6億建倉 - Yahoo奇摩股市,0.8
2026-01-18 19:00:00,0050,https://www.ctee.com.tw/news/20260119700161-439901,工商時報,0050、0056...ETF除息潮來了 ！本周21檔接力登場 這家半年配殖利率達7％ - 工商時報,0.0
2026-01-20 23:20:00,0050,https://tw.stock.yahoo.com/news/211%E8%90%AC%E8%82%A1%E6%B0%91%E9%BD%8A%E6%90%B6%E7%B4%85%E5%8C%85-0050%E5%8D%8A%E5%B9%B4%E9%85%8D1%E5%85%83-%E4%BB%8A%E6%9C%80%E5%BE%8C%E8%B2%B7%E9%80%B2%E6%97%A5-0056%E5%B9%B4%E5%8C%96%E9%85%8D%E6%81%AF%E7%8E%87%E9%A3%869-%E8%B6%85%E9%A6%99-232000561.html,Yahoo奇摩股市,211萬股民齊搶紅包！0050半年配1元「今最後買進日」 0056年化配息率飆9%超香 - Yahoo奇摩股市,0.3
2026-01-21 23:00:00,0050,https://tw.stock.yahoo.com/news/2%E5%A4%A7%E5%92%96%E6%89%8B%E7%89%BD%E6%89%8B%E9%99%A4%E6%81%AF-0050%E5%85%88%E9%81%AD%E5%A4%96%E8%B3%87%E8%B3%A3%E8%B6%8540-8%E5%84%84%E5%85%83-%E9%80%99%E6%AA%94%E9%AB%98%E8%82%A1%E6%81%AFetf%E9%80%A32%E5%A4%A9%E8%A2%AB%E5%80%92%E7%A0%B4%E8%90%AC%E5%BC%B5-230000088.html,Yahoo奇摩股市,2大咖手牽手除息！0050先遭外資賣超40.8億元 這檔高股息ETF連2天被倒破萬張 - Yahoo奇摩股市,-0.6
2026-01-22 01:10:17,0050,https://tw.stock.yahoo.com/news/0050%E5%92%8C0056%E4%BB%8A%E9%99%A4%E6%81%AF%EF%BC%81%E6%9C%80%E7%8B%82%E7%A7%92%E5%A1%AB%E6%81%AF-363%E8%90%AC%E8%82%A1%E6%B0%91211%E9%A0%98%E6%81%AF-010901276.html,Yahoo奇摩股市,0050和0056今除息！最狂秒填息 363萬股民2/11領息 - Yahoo奇摩股市,0.0
2026-01-22 10:30:00,0050,https://tw.stock.yahoo.com/news/%E8%82%A1%E5%83%B9%E7%8D%B2%E5%8F%B0%E7%A9%8D%E9%9B%BB%E5%B8%B6%E9%A3%9B-%E5%A4%96%E8%B3%87%E4%B8%8B%E8%BB%8A0050%E9%80%BE5%E5%8D%83%E5%BC%B5%E6%B7%AA%E8%B3%A3%E8%B6%85%E7%8E%8B-%E5%86%8D%E6%8F%90%E6%AC%BE-%E6%A7%93%E6%A1%BF%E5%9E%8Betf-4%E6%AA%941-103000489.html,Yahoo奇摩股市,股價獲台積電帶飛！外資下車0050逾5千張淪賣超王 再提款「槓桿型ETF」4檔1.3億 - Yahoo奇摩股市,-0.6
2026-01-22 16:57:58,0050,https://money.udn.com/money/story/5618/9282999,經濟日報,0050神氣 一天就填息 - 經濟日報,0.0
2026-01-22 23:00:00,0050,https://tw.stock.yahoo.com/news/211%E8%90%AC%E8%82%A1%E6%B0%91%E5%97%A8%E7%BF%BB%E4%BA%86-0050-%E9%99%A4%E6%81%AF%E9%A6%96%E6%97%A5%E7%A7%92%E5%A1%AB%E6%81%AF-%E5%9C%8B%E5%AE%B6%E9%9A%8A%E6%8D%A72-56%E5%84%84%E5%8A%A0%E7%A2%BC-230000362.html,Yahoo奇摩股市,211萬股民嗨翻了！0050「除息首日秒填息」國家隊捧2.56億加碼 認錯買回這檔ETF喊停連5賣 - Yahoo奇摩股市,0.8
2026-01-22 23:00:00,0050,https://money.udn.com/money/story/5607/9285204?from=edn_search_tag_result,經濟日報,一周熱門零股／0050、群創 人氣強強滾 - 經濟日報,0.0
2026-01-24 08:00:00,0050,https://money.udn.com/money/story/5618/9281210,經濟日報,台股反彈 0050秒填息、0056邁向填息之路 - 經濟日報,0.3
2026-01-24 23:00:00,0050,https://tw.stock.yahoo.com/news/%E8%B6%85%E6%BF%83%E5%90%AB%E7%A9%8D%E9%87%8F-%E5%85%AB%E5%A4%A7%E5%85%AC%E8%82%A1%E7%A0%B852-8%E5%84%84%E8%B2%B7%E5%8F%B0%E7%A9%8D%E9%9B%BB-%E9%82%84%E5%8A%A0%E7%A2%BC0050-0052-230000411.html,Yahoo奇摩股市,超濃含積量！八大公股砸52.8億買台積電 還加碼0050、0052、00881各萬張 - Yahoo奇摩股市,0.6
2026-01-25 00:00:00,0050,https://money.udn.com/money/story/5618/9288007?from=edn_hotestlist_storybottom,經濟日報,"市值型招財人氣爆棚 0050去年吸金3,359億稱王 - 經濟日報",0.0
2026-01-25 01:00:00,0050,https://money.udn.com/money/story/5618/9288007,經濟日報,"市值型招財人氣爆棚 0050去年吸金3,359億稱王 - 經濟日報",0.0
2026-01-25 08:00:00,0050,https://money.udn.com/money/story/5618/9281210,經濟日報,台股反彈 0050秒填息、0056邁向填息之路 - 經濟日報,0.3
2026-01-29 08:00:00,0050,https://money.udn.com/money/story/5607/9299619,經濟日報,一周熱門零股／0050、聯電 交投重心 - 經濟日報,0.0
2026-01-29 19:00:00,0050,https://www.ctee.com.tw/news/20260130700092-439901,工商時報,台股飆高小資搶進十大熱門零股標的台積電只排第六前5名3檔記憶體0050第一名- 日報 - 工商時報,0.6
2026-02-02 02:25:27,0050,https://money.udn.com/money/story/5607/9303102,經濟日報,首檔 ETF 規模突破兆元 0050與台股共創新猷 - 經濟日報,0.0
2026-02-02 03:07:00,0050,https://www.ctee.com.tw/news/20260202700736-430403,工商時報,0050破兆元里程碑劉宗聖曝近半年主力大軍竟是這群人- 理財 - 工商時報,0.0
2026-02-02 04:30:49,0050,https://money.udn.com/money/story/5618/9303555,經濟日報,0050去年規模破兆　林修銘：另一個台灣之光 - 經濟日報,0.0
2026-02-02 15:50:03,0050,https://money.udn.com/money/story/5618/9304689,經濟日報,台股新高 0050在優化費率及分割兩大創舉下 寫雙高驚奇 - 經濟日報,0.8
2026-02-03 08:00:00,0050,https://money.udn.com/money/story/5607/9299619,經濟日報,一周熱門零股／0050、聯電 交投重心 - 經濟日報,0.0
2026-02-06 15:38:23,0050,https://money.udn.com/money/story/5607/9314215,經濟日報,一周熱門零股／0050、台積電 人氣匯聚 - 經濟日報,0.0
2026-02-10 00:00:00,0050,https://money.udn.com/money/story/5607/9322109,經濟日報,台積、0050定期定額 霸榜 - 經濟日報,0.0
2026-02-10 00:00:00,0050,https://money.udn.com/money/story/5607/9322109?from=edn_related_storybottom,經濟日報,台積、0050定期定額霸榜 - 經濟日報,0.0
2026-02-11 19:00:00,0050,https://www.ctee.com.tw/news/20260212700255-439901,工商時報,高含「積」量台股ETF績效榜 0050持有台積電張數最多漲幅第2佳 第1名是「這1檔」 - 工商時報,0.0
2026-02-13 08:00:00,0050,https://money.udn.com/money/story/5607/9322109,經濟日報,台積、0050定期定額 霸榜 - 經濟日報,0.0
2026-02-14 08:00:00,0050,https://money.udn.com/money/story/5607/9322109,經濟日報,台積、0050定期定額 霸榜 - 經濟日報,0.0
2026-02-15 08:00:00,0050,https://money.udn.com/money/story/5607/9322109,經濟日報,台積、0050定期定額 霸榜 - 經濟日報,0.0
2026-02-16 08:00:00,0050,https://money.udn.com/money/story/5607/9322109,經濟日報,台積、0050定期定額 霸榜 - 經濟日報,0.0
2026-02-21 15:51:43,0050,https://money.udn.com/money/story/5618/9337026,經濟日報,元大台灣50 好戲在後頭 - 經濟日報,0.2
2026-02-24 06:49:00,0050,https://www.ctee.com.tw/news/20260224700987-430401,工商時報,0050、009816怎麼選？達人給答案：「配不配息」是場誤會兩檔投資策略、台積電權重比一比- 理財 - 工商時報,0.0
2026-02-24 19:00:00,0050,https://www.ctee.com.tw/news/20260225700078-439901,工商時報,0050將換股4檔有望入選- 日報 - 工商時報,0.0
2026-02-24 19:00:00,0050,https://www.ctee.com.tw/news/20260225700078-439901,工商時報,兆元0050換股倒數欣興、華邦電、金像電、京元電子入選名單大熱門華城、藥華藥也被點名- 日報 - 工商時報,0.2
2026-02-25 00:00:00,0050,https://money.udn.com/money/story/5739/9344924?from=edn_related_storybottom,經濟日報,0050、0052 四檔馬力強 - 經濟日報,0.0
2026-02-27 15:46:27,0050,https://money.udn.com/money/story/5607/9348948,經濟日報,一周熱門零股／0050、台積電 人氣指標 - 經濟日報,0.0
2026-03-01 00:23:00,0050,https://www.ctee.com.tw/news/20260301700008-430403,工商時報,市值型ETF新黑馬！ 009816「13天飆15％」還能追嗎？先搞懂這檔「不配息0050」在漲什麼- 理財 - 工商時報,0.0
2026-03-02 17:10:12,0050,https://money.udn.com/money/story/5618/9354984,經濟日報,009816、0050買氣爆棚 - 經濟日報,0.8
2026-03-06 17:21:48,0050,https://money.udn.com/money/story/5607/9364543,經濟日報,一周熱門零股／0050成交量 衝1.3億股 - 經濟日報,0.2
2026-03-06 19:00:00,0050,https://www.ctee.com.tw/news/20260307700064-439901,工商時報,0050成分股大換血五進五出全押AI！金像電、華邦電入列換股名單一次看- 日報 - 工商時報,0.2
2026-03-07 08:00:00,0050,https://money.udn.com/money/story/5607/9354471,經濟日報,"外資「三管齊下」大賣0050、台積電與009816 台股竟守住35,000點 - 經濟日報",-0.5
2026-03-07 15:54:24,0050,https://money.udn.com/money/story/5618/9365856,經濟日報,元大台灣50 AI 趨勢未變 - 經濟日報,0.0
2026-03-09 08:39:14,0050,https://money.udn.com/money/story/5618/9368793?from=edn_newest_index,經濟日報,台股重挫寫史上第四大跌點 創新高資金狂接0050 - 經濟日報,-0.8
2026-03-09 09:00:00,0050,https://money.udn.com/money/story/5618/9359259,經濟日報,不畏台股單日跌點寫史上第三大 270億元資金馬上上車0050 - 經濟日報,0.8
2026-03-10 02:00:00,0050,https://money.udn.com/money/story/5607/9371708,經濟日報,台積電、0050定期定額 霸榜 - 經濟日報,0.0
2026-03-10 02:55:00,0050,https://www.ctee.com.tw/news/20260310700734-430403,工商時報,穩坐國民ETF寶座！0050定期定額交易戶數再增逾4.6萬 2月底來到84.36萬戶新高- 理財 - 工商時報,0.0
2026-03-10 08:00:00,0050,https://money.udn.com/money/story/5607/9371708,經濟日報,台積電、0050定期定額 霸榜 - 經濟日報,0.0
2026-03-10 09:00:00,0050,https://money.udn.com/money/story/5607/9373952,經濟日報,台股多空大混戰！台灣50反1、0050都衝進成交量前十名 - 經濟日報,0.3
2026-03-10 10:21:00,0050,https://www.ctee.com.tw/news/20260310701745-430301,工商時報,紅包、年終全選0050 2月定期定額戶數破80萬人- 金融 - 工商時報,0.3
2026-03-11 03:00:00,0050,https://money.udn.com/money/story/5618/9371846,經濟日報,投資人棄高股息 ETF！紅包年終壓0050 2月定期定額戶數突破80萬人創高 - 經濟日報,0.1
2026-03-11 09:00:00,0050,https://money.udn.com/money/story/5618/9371846,經濟日報,投資人棄高股息 ETF！紅包年終壓0050 2月定期定額戶數突破80萬人創高 - 經濟日報,0.1
2026-03-11 09:00:00,0050,https://money.udn.com/money/story/5607/9373952,經濟日報,台股多空大混戰！台灣50反1、0050都衝進成交量前十名 - 經濟日報,0.3
2026-03-11 09:30:54,0050,https://money.udn.com/money/story/5607/9373952?from=udnamp-referralnews_ch1001artbottom,經濟日報,台股多空大混戰！台灣50反1、0050都衝進成交量前十名 | 市場焦點 | 證券 - 經濟日報,0.3
2026-03-11 09:30:54,0050,https://money.udn.com/money/story/5607/9373952,經濟日報,台股多空大混戰！台灣50反1、0050都衝進成交量前十名 - 經濟日報,0.3
2026-03-11 10:00:00,0050,https://money.udn.com/money/story/5618/9371846,經濟日報,投資人棄高股息 ETF！紅包年終壓0050 2月定期定額戶數突破80萬人創高 - 經濟日報,0.1
2026-03-11 13:00:00,0050,https://money.udn.com/money/story/5618/9371846,經濟日報,投資人棄高股息 ETF！紅包年終壓0050 2月定期定額戶數突破80萬人創高 - 經濟日報,0.1
2026-03-11 16:00:00,0050,https://money.udn.com/money/story/5618/9371846,經濟日報,投資人棄高股息 ETF！紅包年終壓0050 2月定期定額戶數突破80萬人創高 - 經濟日報,0.1
2026-03-11 19:00:00,0050,https://money.udn.com/money/story/5618/9371846,經濟日報,投資人棄高股息 ETF！紅包年終壓0050 2月定期定額戶數突破80萬人創高 - 經濟日報,0.1
2026-03-13 15:51:27,0050,https://money.udn.com/money/story/5607/9378979,經濟日報,一周熱門零股／0050、台積電、群創 交投重心 - 經濟日報,0.0
2026-03-18 09:00:00,0050,https://money.udn.com/money/story/5618/9371846,經濟日報,投資人棄高股息 ETF！紅包年終壓0050 2月定期定額戶數突破80萬人創高 - 經濟日報,0.1
2026-03-20 16:06:39,0050,https://money.udn.com/money/story/5607/9393452,經濟日報,一周熱門零股／0050、台積 交投重點 - 經濟日報,0.0
2026-03-22 03:31:31,0050,https://money.udn.com/money/story/5618/9392386,經濟日報,0050、0052等五檔重量級 ETF 換股今生效 - 經濟日報,0.0
2026-03-22 04:14:10,0050,https://money.udn.com/money/story/5618/9392386,經濟日報,0050、0052等五檔重量級 ETF 換股今生效 - 經濟日報,0.0
2026-03-22 09:00:00,0050,https://money.udn.com/money/story/5607/9397833,經濟日報,外資賣超839億元、賣超0050逾8.7萬張最多 這檔金融股竟高居第二名 - 經濟日報,-0.8
2026-03-23 09:00:00,0050,https://money.udn.com/money/story/5618/9392386,經濟日報,0050、0052等五檔重量級 ETF 換股今生效 - 經濟日報,0.0
2026-03-23 09:00:00,0050,https://money.udn.com/money/story/5618/9371846,經濟日報,投資人棄高股息 ETF！紅包年終壓0050 2月定期定額戶數突破80萬人創高 - 經濟日報,0.1
2026-03-23 09:00:00,0050,https://money.udn.com/money/story/5607/9397833,經濟日報,外資賣超839億元、賣超0050逾8.7萬張最多 這檔金融股竟高居第二名 - 經濟日報,-0.8
2026-03-23 09:30:50,0050,https://money.udn.com/money/story/5607/9397833,經濟日報,外資賣超839億元、賣超0050逾8.7萬張最多 這檔金融股竟高居第二名 - 經濟日報,-0.8
2026-03-23 19:00:00,0050,https://www.ctee.com.tw/news/20260324700332-439901,工商時報,台股ETF人氣榜 0050穩坐首位 00981A擠進前3強 - 工商時報,0.0
2026-03-25 00:06:53,0050,https://money.udn.com/money/story/5618/9392386,經濟日報,0050、0052等五檔重量級 ETF 換股今生效 - 經濟日報,0.0
2026-03-25 02:06:42,0050,https://money.udn.com/money/story/5618/9392386,經濟日報,0050、0052等五檔重量級 ETF 換股今生效 - 經濟日報,0.0
2026-03-25 06:46:54,0050,https://money.udn.com/money/story/5618/9392386,經濟日報,0050、0052等五檔重量級 ETF 換股今生效 - 經濟日報,0.0
2026-03-27 16:17:25,0050,https://money.udn.com/money/story/5607/9407602,經濟日報,一周熱門零股／0050、台積電、華邦電 人氣旺 - 經濟日報,0.0
2026-03-28 09:00:00,0050,https://money.udn.com/money/story/5607/9397833,經濟日報,外資賣超839億元、賣超0050逾8.7萬張最多 這檔金融股竟高居第二名 - 經濟日報,-0.8
2026-03-31 09:00:00,0050,https://money.udn.com/money/story/5607/9417045,經濟日報,成交量排行榜同時有0050、正二、反一... 市場看法多空分歧 - 經濟日報,0.2
2026-04-04 09:00:00,0050,https://money.udn.com/money/story/5618/9359259,經濟日報,不畏台股單日跌點寫史上第三大 270億元資金馬上上車0050 - 經濟日報,0.8
2026-04-04 09:00:00,0050,https://money.udn.com/money/story/5618/9392386,經濟日報,0050、0052等五檔重量級 ETF 換股今生效 - 經濟日報,0.0
2026-04-04 16:03:43,0050,https://money.udn.com/money/story/5618/9422588?from=edn_related_storybottom,經濟日報,元大台灣50 逢低分批買 - 經濟日報,0.0
2026-04-04 16:03:43,0050,https://money.udn.com/money/story/5618/9422588?from=edn_related_storybottom,經濟日報,元大台灣50 逢低分批買 | 基金天地 | 理財 - 經濟日報,0.2
2026-04-06 09:00:00,0050,https://money.udn.com/money/story/5618/9392386,經濟日報,0050、0052等五檔重量級 ETF 換股今生效 - 經濟日報,0.0
2026-04-06 19:00:00,0050,https://www.ctee.com.tw/news/20260407700263-439901,工商時報,十大受益人新增ETF排行榜0050屈居第2 009816掄元- 日報 - 工商時報,0.0
2026-04-07 09:00:00,0050,https://news.google.com/rss/articles/CBMiWkFVX3lxTE5FMjRMYnlFaXhfUEtXSENBRng1cjJsbXpLaEMxYlo2NGdEb3diZEV0UzJual92QmMzMmg2NVZ3WUZsVkJxSkV6N0JCT0M4NEhtWi1YLWg5aEpnd9IBX0FVX3lxTE9nQUw5dnEyRzAwWThNQjZDcjFTM3hQNVR0X295QXJUNTdTVlRhdVVmeS0yX1ZjS0Z6Wkc0VWV1TFdZMHZ1ZmtYaWdiclR4TnJMeS1vVWZWVkxWNTRLcEZZ?oc=5,經濟日報,0050、0052等五檔重量級 ETF 換股今生效 - 經濟日報,0.0
2026-04-09 09:00:00,0050,https://news.google.com/rss/articles/CBMiWkFVX3lxTE5FMjRMYnlFaXhfUEtXSENBRng1cjJsbXpLaEMxYlo2NGdEb3diZEV0UzJual92QmMzMmg2NVZ3WUZsVkJxSkV6N0JCT0M4NEhtWi1YLWg5aEpnd9IBX0FVX3lxTE9nQUw5dnEyRzAwWThNQjZDcjFTM3hQNVR0X295QXJUNTdTVlRhdVVmeS0yX1ZjS0Z6Wkc0VWV1TFdZMHZ1ZmtYaWdiclR4TnJMeS1vVWZWVkxWNTRLcEZZ?oc=5,經濟日報,0050、0052等五檔重量級 ETF 換股今生效 - 經濟日報,0.0
2026-04-09 09:00:00,0050,https://news.google.com/rss/articles/CBMiWkFVX3lxTE5yR1MwUkFyTm9GSF9OdHprQm1SbjREQ0U3WXY1YmswUmxuVm5fRHNuNWk4M0FkRFQ0azhCVFYxZW85N05Pa0x1c0xUNDdLdGpSc3FDQ1NMN0ZGZ9IBX0FVX3lxTE9xRnZQd3RMZFYtNEhuU2ZLeFp4WkNxMVFIVjVNcGd3c0xPSjg4eVFlRFE5eXZXRVM1MlB0bm9WWS1CZzhERGROeUk5SGdvZThVUU9DcGtBVWtWMy13OExF?oc=5,經濟日報,不畏台股單日跌點寫史上第三大 270億元資金馬上上車0050 - 經濟日報,0.8
2026-04-10 09:06:00,0050,https://www.ctee.com.tw/news/20260410701829-430403,工商時報,0050強漲、規模突破1.5兆 費用率再降至0.08％ - 工商時報,0.2
2026-04-10 16:17:21,0050,https://news.google.com/rss/articles/CBMiWkFVX3lxTE5FRGFVWk52YWlUVlNFYXg4MGRpS3lRNXFmYWlsTVNyeEltdy1pUTFiREtrb2tiMm5TdkN1OFkzMU54MlM4YlhCZVF4dnAtVGhqTUlyTHcwTGxHUdIBX0FVX3lxTE56bUs4SlFvcFJndDlHS0M0TkhvUmdQMjU0SjR6bFZKNnMzN1JZZjlTQlZvRFo0Q0NwYVNfZE43aVVEUktxVlAxODJVS2V3Smt2dHZZc2RoMmNHZXZnUWZV?oc=5,經濟日報,一周熱門零股／0050、台積電 交投重心 - 經濟日報,0.0
2026-04-13 02:47:29,0050,https://money.udn.com/money/story/5607/9438009,經濟日報,台股越跌越買！3月定期定額台積電突破20萬大關、0050上看百萬戶數 - 經濟日報,0.3
2026-04-13 09:00:00,0050,https://money.udn.com/money/story/5618/9359259,經濟日報,不畏台股單日跌點寫史上第三大 270億元資金馬上上車0050 - 經濟日報,0.8
2026-04-13 10:25:00,0050,https://www.ctee.com.tw/news/20260413701558-430301,工商時報,單月增逾14萬人！3月0050定期定額戶數叩關百萬- 金融 - 工商時報,0.0
2026-04-15 09:00:00,0050,https://money.udn.com/money/story/5618/9184801,經濟日報,重量級 ETF 新成分股出爐！0050四進四出 0056三進三出 - 經濟日報,0.2
2026-04-15 18:00:00,0050,https://money.udn.com/money/story/5612/9446285?from=edn_related_storybottom,經濟日報,0050規模超越1.5兆元 2倍槓桿00631L市值逾千億 - 經濟日報,0.0
2026-04-18 23:51:00,0050,https://www.ctee.com.tw/news/20260419700012-430403,工商時報,0050之外還有誰？12檔台股50 ETF一次比 主動、被動怎麼挑？ - 工商時報,0.0
2026-04-20 09:00:00,0050,https://money.udn.com/money/story/5618/9446285,經濟日報,0050規模超越1.5兆元 2倍槓桿00631L市值逾千億 - 經濟日報,0.0
2026-04-21 09:00:00,0050,https://money.udn.com/money/story/5618/9446285,經濟日報,0050規模超越1.5兆元 2倍槓桿00631L市值逾千億 - 經濟日報,0.0
2026-04-21 09:00:00,0050,https://money.udn.com/money/story/5618/9371846,經濟日報,投資人棄高股息 ETF！紅包年終壓0050 2月定期定額戶數突破80萬人創高 - 經濟日報,0.1
2026-04-21 09:00:00,0050,https://money.udn.com/money/story/5618/9359259,經濟日報,不畏台股單日跌點寫史上第三大 270億元資金馬上上車0050 - 經濟日報,0.8
2026-04-21 15:27:34,0050,https://money.udn.com/money/story/5618/9456016,經濟日報,台股基金犀利 定期定額創高 0050穩居扣款王 | 基金天地 | 理財 - 經濟日報,0.0
2026-04-22 09:00:00,0050,https://money.udn.com/money/story/5618/9368235,經濟日報,逢低買盤進場！0050午盤爆出逾41萬張成交量 - 經濟日報,0.3
2026-04-22 09:00:00,0050,https://money.udn.com/money/story/5618/9392386,經濟日報,0050、0052等五檔重量級 ETF 換股今生效 - 經濟日報,0.0
2026-04-23 09:00:00,0050,https://money.udn.com/money/story/5607/9463183,經濟日報,台積市值飆 0050扮功臣 去年買逾18萬張躍第五大股東 - 經濟日報,0.3
2026-04-23 09:00:00,0050,https://money.udn.com/money/story/5618/9371846,經濟日報,投資人棄高股息 ETF！紅包年終壓0050 2月定期定額戶數突破80萬人創高 - 經濟日報,0.1
2026-04-23 17:17:27,0050,https://money.udn.com/money/story/5739/9460746,經濟日報,0050反1 兩檔聚焦 - 經濟日報,0.0
2026-04-24 01:00:00,0050,https://news.google.com/rss/articles/CBMid0FVX3lxTE56dDh5YlBkbXk1VVNNMk5TenB0T3c5bWdGNlItM2w3dFQta3lnZUlnYzhjQ2ZXRHdOZE5rc2JfVzgwd1g3cWZ4Wm1sOC0xeks0N2dzMFB0bWR1MUR4aUVOSHRoREZwc3FBSWFETjBUYXhRbTlFUHNj0gFfQVVfeXFMT01nTFpYT0RrcG9ncDRiTEN6bVRvd1M3ZU9LUkVjTUsyeUNpWkx0dUJ6ZFc5SVpRYlltb2lmVUhZWmotX3hQeXYwQnhabHNTOTVSX19nZzg5UzFMbW4yaXc?oc=5,經濟日報,台積市值飆 0050扮功臣 去年買逾18萬張躍第五大股東 - 經濟日報,0.3
2026-04-24 09:00:00,0050,https://money.udn.com/money/story/5618/9392386,經濟日報,0050、0052等五檔重量級 ETF 換股今生效 - 經濟日報,0.0
2026-04-24 09:00:00,0050,https://money.udn.com/money/story/5618/9368235,經濟日報,逢低買盤進場！0050午盤爆出逾41萬張成交量 - 經濟日報,0.3
2026-04-24 17:00:00,0050,https://money.udn.com/money/story/5607/9463183,經濟日報,台積市值飆 0050扮功臣 去年買逾18萬張躍第五大股東 - 經濟日報,0.3
2026-04-25 09:00:00,0050,https://money.udn.com/money/story/5618/9392386,經濟日報,0050、0052等五檔重量級 ETF 換股今生效 - 經濟日報,0.0
2026-04-26 09:00:00,0050,https://money.udn.com/money/story/5618/9392386,經濟日報,0050、0052等五檔重量級 ETF 換股今生效 - 經濟日報,0.0
2026-04-27 09:00:00,0050,https://money.udn.com/money/story/5607/9469796,經濟日報,外資賣超392億元 賣超0050最多、台積電也遭大賣 但竟大買金融股 - 經濟日報,-0.8
2026-04-27 19:00:00,0050,https://money.udn.com/money/story/5607/9469796,經濟日報,外資賣超392億元 賣超0050最多、台積電也遭大賣 但竟大買金融股 - 經濟日報,-0.8
2026-04-28 09:00:00,0050,https://money.udn.com/money/story/5607/9472202,經濟日報,外資賣超481億元 賣超0050最多、台積電也遭大賣 但竟大買這些金融股 - 經濟日報,-0.6
2026-04-28 18:00:00,0050,https://money.udn.com/money/story/5607/9472202,經濟日報,外資賣超481億元 賣超0050最多、台積電也遭大賣 但竟大買這些金融股 - 經濟日報,-0.6
2026-04-29 09:00:00,0050,https://money.udn.com/money/story/5607/9472202,經濟日報,外資賣超481億元 賣超0050最多、台積電也遭大賣 但竟大買這些金融股 - 經濟日報,-0.6
2026-04-29 22:00:00,0050,https://news.google.com/rss/articles/CBMiWkFVX3lxTE5TUnk0ZGRkb3J5ZDNpVDJVREZTSGtiTlI4by0xcmVHRmwtNVAzajBpUGJmcjdsZTlIWVN3Qm9EZi1IREF0bk9jTU1fS1JNVVFLWWZIX25VNFNUQdIBX0FVX3lxTE5aZExiM193RVFLMlN3eU0yZWNIenlUbDJtMDl6MlVRZjF5ZUNFeXdTR042bEx1S0lEaWtENzN3NGVvTWdfTVVxZ1lVa3gtNkkyeDZvdVo0VnFua3pxQXZN?oc=5,經濟日報,外資賣超481億元 賣超0050最多、台積電也遭大賣 但竟大買這些金融股 - 經濟日報,-0.6
2026-04-30 09:00:00,0050,https://money.udn.com/money/story/5607/9469796,經濟日報,外資賣超392億元 賣超0050最多、台積電也遭大賣 但竟大買金融股 - 經濟日報,-0.8
2026-04-30 09:00:00,0050,https://money.udn.com/money/story/5618/9392386,經濟日報,0050、0052等五檔重量級 ETF 換股今生效 - 經濟日報,0.0
2026-04-30 09:00:00,0050,https://money.udn.com/money/story/5607/9472202,經濟日報,外資賣超481億元 賣超0050最多、台積電也遭大賣 但竟大買這些金融股 - 經濟日報,-0.6
2026-05-01 09:00:00,0050,https://money.udn.com/money/story/5607/9469796,經濟日報,外資賣超392億元 賣超0050最多、台積電也遭大賣 但竟大買金融股 - 經濟日報,-0.8
2026-05-01 09:00:00,0050,https://money.udn.com/money/story/5607/9472202,經濟日報,外資賣超481億元 賣超0050最多、台積電也遭大賣 但竟大買這些金融股 - 經濟日報,-0.6
2026-05-01 09:00:00,0050,https://money.udn.com/money/story/5618/9392386,經濟日報,0050、0052等五檔重量級 ETF 換股今生效 - 經濟日報,0.0
2026-05-01 09:00:00,0050,https://money.udn.com/money/story/5618/9368235,經濟日報,逢低買盤進場！0050午盤爆出逾41萬張成交量 - 經濟日報,0.3
2026-05-01 15:18:06,0050,https://money.udn.com/money/amp/story/5607/9476737,經濟日報,一周熱門零股／0050、台積 交投重心 - 經濟日報,0.0
2026-05-02 05:15:00,0050,https://www.ctee.com.tw/news/20260502700395-430403,工商時報,今年最強ETF不是0050！這檔飆漲74％ 專家點破關鍵：台積電占比低- 理財 - 工商時報,0.0
2026-05-02 09:00:00,0050,https://money.udn.com/money/story/5607/9469796,經濟日報,外資賣超392億元 賣超0050最多、台積電也遭大賣 但竟大買金融股 - 經濟日報,-0.8
2026-05-02 09:00:00,0050,https://money.udn.com/money/story/5618/9392386,經濟日報,0050、0052等五檔重量級 ETF 換股今生效 - 經濟日報,0.0
2026-05-02 09:00:00,0050,https://money.udn.com/money/story/5618/9359259,經濟日報,不畏台股單日跌點寫史上第三大 270億元資金馬上上車0050 - 經濟日報,0.8
2026-05-02 09:00:00,0050,https://money.udn.com/money/story/5607/9472202,經濟日報,外資賣超481億元 賣超0050最多、台積電也遭大賣 但竟大買這些金融股 - 經濟日報,-0.6
2026-05-03 04:00:00,0050,https://money.udn.com/money/story/5607/9469796,經濟日報,外資賣超392億元 賣超0050最多、台積電也遭大賣 但竟大買金融股 - 經濟日報,-0.8
2026-05-03 09:00:00,0050,https://money.udn.com/money/story/5618/9359259,經濟日報,不畏台股單日跌點寫史上第三大 270億元資金馬上上車0050 - 經濟日報,0.8
2026-05-06 09:00:00,0050,https://money.udn.com/money/story/5618/9487647,經濟日報,0050「不配息版」有譜？證交所：三個月內提方案 - 經濟日報,0.0
2026-05-07 09:00:00,0050,https://news.google.com/rss/articles/CBMiWkFVX3lxTFA4LXU2X2FMREVKS3BtbHYtOFZUeVN6Rm55LXY0SW5vVlJvTk5xS0Z3WTlpVGtaWS1yYVc0TmEwcEFrYVduUzdQQUlNMmh1c21qWk9yZDZ3WWU3UdIBX0FVX3lxTE03TFN6SnJVOUI3QWxOUnFkQmkxYmFJNUl0ZDVvblBtbGxxdGdfYzc3TjBWdm0zS25SRXJuZnBCSVVUYTlOVDQ1MDluOVRQc1hFZzA1a21maEZBMDdNVlM0?oc=5,經濟日報,0050「不配息版」有譜？證交所：三個月內提方案 - 經濟日報,0.0
2026-05-08 00:00:00,0050,https://news.google.com/rss/articles/CBMiW0FVX3lxTFBxSWNRNVYtQlM2M0ROOEtZT0tQTjdiMmZaenBaSTU3Y1FzWmdtX3dPcW5XS0tfQXpBQ0xOcWx3THFFTXZRaVlkcG5kOGk2LVNqdDg0OTg2eXNLUUE?oc=5,經濟日報,拿退休老本重押0050？他42歲買股10年後月領10萬，看到0050二隱憂漸浮現 | 個人理財 | 理財 - 經濟日報,0.0
2026-05-08 09:00:00,0050,https://money.udn.com/money/story/12040/9481521,經濟日報,拿退休老本重押0050？他42歲買股10年後月領10萬，看到0050二隱憂漸浮現 | 個人理財 | 理財 - 經濟日報,0.0
2026-05-08 09:00:00,0050,https://money.udn.com/money/story/5618/9487647,經濟日報,0050「不配息版」有譜？證交所：三個月內提方案 - 經濟日報,0.0
2026-05-08 09:00:00,0050,https://money.udn.com/money/story/5618/9371846,經濟日報,投資人棄高股息 ETF！紅包年終壓0050 2月定期定額戶數突破80萬人創高 - 經濟日報,0.1
2026-05-09 18:48:12,0050,https://money.udn.com/money/story/5618/9492850,經濟日報,被動式 ETF 換血成分股聚焦 0050、00878、00919等將接力登場 - 經濟日報,0.0
2026-05-09 23:01:00,0050,https://www.ctee.com.tw/news/20260510700008-430403,工商時報,台股再創高 0050還能買嗎？成份股大洗牌 專家揭高點震盪下的「不焦慮投資法」 - 工商時報,0.0
2026-05-10 09:00:00,0050,https://news.google.com/rss/articles/CBMiWkFVX3lxTFA4LXU2X2FMREVKS3BtbHYtOFZUeVN6Rm55LXY0SW5vVlJvTk5xS0Z3WTlpVGtaWS1yYVc0TmEwcEFrYVduUzdQQUlNMmh1c21qWk9yZDZ3WWU3UdIBX0FVX3lxTE03TFN6SnJVOUI3QWxOUnFkQmkxYmFJNUl0ZDVvblBtbGxxdGdfYzc3TjBWdm0zS25SRXJuZnBCSVVUYTlOVDQ1MDluOVRQc1hFZzA1a21maEZBMDdNVlM0?oc=5,經濟日報,0050「不配息版」有譜？證交所：三個月內提方案 - 經濟日報,0.0
2026-05-11 07:00:00,0050,https://news.google.com/rss/articles/CBMiWkFVX3lxTFA4LXU2X2FMREVKS3BtbHYtOFZUeVN6Rm55LXY0SW5vVlJvTk5xS0Z3WTlpVGtaWS1yYVc0TmEwcEFrYVduUzdQQUlNMmh1c21qWk9yZDZ3WWU3UdIBX0FVX3lxTE03TFN6SnJVOUI3QWxOUnFkQmkxYmFJNUl0ZDVvblBtbGxxdGdfYzc3TjBWdm0zS25SRXJuZnBCSVVUYTlOVDQ1MDluOVRQc1hFZzA1a21maEZBMDdNVlM0?oc=5,經濟日報,0050「不配息版」有譜？證交所：三個月內提方案 - 經濟日報,0.0
2026-05-11 09:00:00,0050,https://news.google.com/rss/articles/CBMiWkFVX3lxTE5FMjRMYnlFaXhfUEtXSENBRng1cjJsbXpLaEMxYlo2NGdEb3diZEV0UzJual92QmMzMmg2NVZ3WUZsVkJxSkV6N0JCT0M4NEhtWi1YLWg5aEpnd9IBX0FVX3lxTE9nQUw5dnEyRzAwWThNQjZDcjFTM3hQNVR0X295QXJUNTdTVlRhdVVmeS0yX1ZjS0Z6Wkc0VWV1TFdZMHZ1ZmtYaWdiclR4TnJMeS1vVWZWVkxWNTRLcEZZ?oc=5,經濟日報,0050、0052等五檔重量級 ETF 換股今生效 - 經濟日報,0.0
2026-05-11 09:00:00,0050,https://news.google.com/rss/articles/CBMiXEFVX3lxTE5fRFR3VkxrSi1qM3RYMjRrT1lhTGhoWFpqcTl4VVNqY0lsLUEtbXhBSGE2M04yb3V5elh3bVZJWEdjRFpKY2FFTjBCaVNJREVxUml0ZHd1M3dCcUJZ?oc=5,經濟日報,整理包／主動式 ETF 00403A 掛牌 飆出400萬成交量在紅什麼？0050、009816該出清換股嗎？ - 經濟日報,0.0
2026-05-11 21:00:00,0050,https://money.udn.com/money/story/124512/9497750,經濟日報,整理包／主動式 ETF 00403A 掛牌 飆出400萬成交量在紅什麼？0050、009816該出清換股嗎？ - 經濟日報,0.0
2026-05-12 03:00:00,0050,https://money.udn.com/money/story/124512/9497750,經濟日報,整理包／主動式 ETF 00403A 掛牌 飆出400萬成交量在紅什麼？0050、009816該出清換股嗎？ - 經濟日報,0.0
2026-05-12 03:55:12,0050,https://news.google.com/rss/articles/CBMiWkFVX3lxTE9zMGVVQ0N6LXFIaU5RWXBIYUtpZWpQckx2cGVoTHNmbWwyUXhMTVhLQktNOC05ZkNuN0pNS0p3Wk80ZnZuckJkdm1hSzE4WnZUM2VjWHhzcHptZ9IBX0FVX3lxTE4tYmRJZ1NUeENxclNkaENWRGlXYXM2UlU1Wm5Dc0ktRm9XamU1eTJpb0JwQVgyZUM2V2VqYWM5aWlwSEVVMzJJTzYtMEw3YmJhZFlKRlFuaFg1ckZ4ZmpJ?oc=5,經濟日報,0050定期定額突破百萬戶 再創市場新猷 - 經濟日報,0.0
2026-05-12 09:00:00,0050,https://news.google.com/rss/articles/CBMiXEFVX3lxTE5fRFR3VkxrSi1qM3RYMjRrT1lhTGhoWFpqcTl4VVNqY0lsLUEtbXhBSGE2M04yb3V5elh3bVZJWEdjRFpKY2FFTjBCaVNJREVxUml0ZHd1M3dCcUJZ?oc=5,經濟日報,整理包／主動式 ETF 00403A 掛牌 飆出400萬成交量在紅什麼？0050、009816該出清換股嗎？ - 經濟日報,0.0
2026-05-12 09:00:00,0050,https://money.udn.com/money/story/5618/9392386,經濟日報,0050、0052等五檔重量級 ETF 換股今生效 - 經濟日報,0.0
2026-05-12 09:42:19,0050,https://money.udn.com/money/story/124512/9497750,經濟日報,整理包／主動式 ETF 00403A 掛牌 飆出400萬成交量在紅什麼？0050、009816該出清換股嗎？ - 經濟日報,0.0
2026-05-12 16:20:58,0050,https://money.udn.com/money/story/5618/9498620,經濟日報,0050定期定額 突破百萬戶 - 經濟日報,0.0
2026-05-12 22:00:00,0050,https://money.udn.com/money/story/124512/9497750,經濟日報,整理包／主動式 ETF 00403A 掛牌 飆出400萬成交量在紅什麼？0050、009816該出清換股嗎？ - 經濟日報,0.0
2026-05-13 00:00:00,0050,https://money.udn.com/money/story/5607/9500929,經濟日報,0050定期定額 人氣飆 - 經濟日報,0.0
2026-05-13 09:00:00,0050,https://money.udn.com/money/story/5607/9500929,經濟日報,0050定期定額 人氣飆 - 經濟日報,0.0
2026-05-13 09:00:00,0050,https://money.udn.com/money/story/124512/9497750,經濟日報,整理包／主動式 ETF 00403A 掛牌 飆出400萬成交量在紅什麼？0050、009816該出清換股嗎？ - 經濟日報,0.0
2026-05-13 19:00:00,0050,https://www.ctee.com.tw/news/20260514700089-439901,工商時報,台股回檔小資掃貨 零股交易0050排第一 00403A、00981A搶進2、3位 - 工商時報,0.2
2026-05-14 09:00:00,0050,https://money.udn.com/money/story/124512/9497750,經濟日報,整理包／主動式 ETF 00403A 掛牌 飆出400萬成交量在紅什麼？0050、009816該出清換股嗎？ - 經濟日報,0.0
2026-05-14 09:00:00,0050,https://money.udn.com/money/story/5618/9392386,經濟日報,0050、0052等五檔重量級 ETF 換股今生效 - 經濟日報,0.0
2026-05-15 09:00:00,0050,https://money.udn.com/money/story/5618/9392386,經濟日報,0050、0052等五檔重量級 ETF 換股今生效 - 經濟日報,0.0
2026-05-16 09:00:00,0050,https://money.udn.com/money/story/5618/9392386,經濟日報,0050、0052等五檔重量級 ETF 換股今生效 - 經濟日報,0.0
2026-05-17 09:00:00,0050,https://money.udn.com/money/story/5618/9392386,經濟日報,0050、0052等五檔重量級 ETF 換股今生效 - 經濟日報,0.0
2026-05-18 09:00:00,0050,https://money.udn.com/money/story/5618/9392386,經濟日報,0050、0052等五檔重量級 ETF 換股今生效 - 經濟日報,0.0
2026-05-19 09:00:00,0050,https://money.udn.com/money/story/5618/9392386,經濟日報,0050、0052等五檔重量級 ETF 換股今生效 - 經濟日報,0.0
2026-05-19 09:00:00,0050,https://money.udn.com/money/story/5618/9368235,經濟日報,逢低買盤進場！0050午盤爆出逾41萬張成交量 - 經濟日報,0.3
2026-05-21 16:18:33,0050,https://money.udn.com/money/story/5739/9517911,經濟日報,0050 挑逾五個月 - 經濟日報,0.0
2026-05-22 09:00:00,0050,https://money.udn.com/money/story/5618/9392386,經濟日報,0050、0052等五檔重量級 ETF 換股今生效 - 經濟日報,0.0
2026-05-22 15:38:49,0050,https://money.udn.com/money/story/5607/9520126,經濟日報,一周熱門零股／0050、台積電、群創 交投重心 - 經濟日報,0.0
2026-05-23 09:00:00,0050,https://money.udn.com/money/story/5618/9392386,經濟日報,0050、0052等五檔重量級 ETF 換股今生效 - 經濟日報,0.0
2026-05-24 09:00:00,0050,https://money.udn.com/money/story/5607/9523465,經濟日報,聯發科亮燈漲停領軍 0050不到一年時間重返百元大關 - 經濟日報,0.8
2026-05-24 09:00:00,0050,https://money.udn.com/money/story/5618/9392386,經濟日報,0050、0052等五檔重量級 ETF 換股今生效 - 經濟日報,0.0
2026-05-24 12:00:00,0050,https://money.udn.com/money/story/5607/9523465,經濟日報,聯發科亮燈漲停領軍 0050不到一年時間重返百元大關 - 經濟日報,0.8
2026-05-24 19:00:00,0050,https://money.udn.com/money/story/5607/9523465,經濟日報,聯發科亮燈漲停領軍 0050不到一年時間重返百元大關 - 經濟日報,0.8
2026-05-24 22:00:00,0050,https://money.udn.com/money/story/5607/9523465,經濟日報,聯發科亮燈漲停領軍 0050不到一年時間重返百元大關 - 經濟日報,0.8
2026-05-25 09:00:00,0050,https://money.udn.com/money/story/5607/9523465,經濟日報,聯發科亮燈漲停領軍 0050不到一年時間重返百元大關 - 經濟日報,0.8
2026-05-25 09:00:00,0050,https://money.udn.com/money/story/5618/9392386,經濟日報,0050、0052等五檔重量級 ETF 換股今生效 - 經濟日報,0.0
